file,class,subclass,split,status,boxes,source,source_id,title,page_url,file_url,license,license_version,license_url,author,author_url,uploader,group,sha1,width,height,query
images/breaker_panel/commons_10136727.jpg,breaker_panel,,train,labeled,1,commons,10136727,File:Caixageral.JPG,https://commons.wikimedia.org/wiki/File:Caixageral.JPG,https://upload.wikimedia.org/wikipedia/commons/2/2d/Caixageral.JPG?utm_source=commons.wikimedia.org&utm_campaign=imageinfo&utm_content=original,CC BY 3.0,,https://creativecommons.org/licenses/by/3.0,Andrevruas,,Andrevruas,commons:Andrevruas,8d4df35b281b86fe14dab77ff408c67bf555446e,960,1280,Category:Fuse boxes with DIN rail
images/breaker_panel/commons_101749518.jpg,breaker_panel,,val,labeled,1,commons,101749518,"File:Electric distribution at Carlshuette Rendsburg, Germany.jpg","https://commons.wikimedia.org/wiki/File:Electric_distribution_at_Carlshuette_Rendsburg,_Germany.jpg",https://upload.wikimedia.org/wikipedia/commons/4/4a/Electric_distribution_at_Carlshuette_Rendsburg%2C_Germany.jpg?utm_source=commons.wikimedia.org&utm_campaign=imageinfo&utm_content=original,CC BY-SA 4.0,,https://creativecommons.org/licenses/by-sa/4.0,Manfred29,,Manfred29,commons:Manfred29,244bfd74d1dc698815e7c38222457575d9876b07,1084,725,Category:Main distribution boards
images/breaker_panel/commons_101749519.jpg,breaker_panel,,val,labeled,2,commons,101749519,"File:Detail on electric distribution at Carlshuette Rendsburg, Germany.jpg","https://commons.wikimedia.org/wiki/File:Detail_on_electric_distribution_at_Carlshuette_Rendsburg,_Germany.jpg",https://upload.wikimedia.org/wikipedia/commons/9/9c/Detail_on_electric_distribution_at_Carlshuette_Rendsburg%2C_Germany.jpg?utm_source=commons.wikimedia.org&utm_campaign=imageinfo&utm_content=original,CC BY-SA 4.0,,https://creativecommons.org/licenses/by-sa/4.0,Manfred29,,Manfred29,commons:Manfred29,14c5fb409232d84b0f4fb25721005070f787a1e6,1112,707,Category:Main distribution boards
images/breaker_panel/commons_10586932.jpg,breaker_panel,,train,labeled,1,commons,10586932,File:Dekorierter Stromkasten in Lüneburg IMG 4769.JPG,https://commons.wikimedia.org/wiki/File:Dekorierter_Stromkasten_in_L%C3%BCneburg_IMG_4769.JPG,https://upload.wikimedia.org/wikipedia/commons/8/89/Dekorierter_Stromkasten_in_L%C3%BCneburg_IMG_4769.JPG?utm_source=commons.wikimedia.org&utm_campaign=imageinfo&utm_content=original,CC BY-SA 3.0,,https://creativecommons.org/licenses/by-sa/3.0,Apostoloff,,Apostoloff~commonswiki,commons:Apostoloff~commonswiki,04c51f486e53b8e54f4cc2a1b0f5ddb75ecf792a,1280,853,Category:Distribution boards in Germany
images/breaker_panel/commons_106180679.jpg,breaker_panel,,train,labeled,1,commons,106180679,File:Verteilerkasten´mit Graffito vor dem Aldi in Merzhausen.jpg,https://commons.wikimedia.org/wiki/File:Verteilerkasten%C2%B4mit_Graffito_vor_dem_Aldi_in_Merzhausen.jpg,https://upload.wikimedia.org/wikipedia/commons/3/35/Verteilerkasten%C2%B4mit_Graffito_vor_dem_Aldi_in_Merzhausen.jpg?utm_source=commons.wikimedia.org&utm_campaign=imageinfo&utm_content=original,CC BY-SA 4.0,,https://creativecommons.org/licenses/by-sa/4.0,Andreas Schwarzkopf,,Andreas Schwarzkopf,commons:Andreas Schwarzkopf,1ef5eddfeee772f77f14556eff33859e8123072e,1280,960,Category:Distribution boards in Germany
images/breaker_panel/commons_106693102.jpg,breaker_panel,,train,labeled,1,commons,106693102,File:Verteilerkasten mit Graffito von Daniel „Orange“ Gjoka (im roten Hemd) am Freiburger Tor in Merzhausen.jpg,https://commons.wikimedia.org/wiki/File:Verteilerkasten_mit_Graffito_von_Daniel_%E2%80%9EOrange%E2%80%9C_Gjoka_(im_roten_Hemd)_am_Freiburger_Tor_in_Merzhausen.jpg,https://upload.wikimedia.org/wikipedia/commons/e/ef/Verteilerkasten_mit_Graffito_von_Daniel_%E2%80%9EOrange%E2%80%9C_Gjoka_%28im_roten_Hemd%29_am_Freiburger_Tor_in_Merzhausen.jpg?utm_source=commons.wikimedia.org&utm_campaign=imageinfo&utm_content=original,CC BY-SA 4.0,,https://creativecommons.org/licenses/by-sa/4.0,Andreas Schwarzkopf,,Andreas Schwarzkopf,commons:Andreas Schwarzkopf,afc41bda97b3f8170b2094aca8ae27401f0c876d,960,1003,Category:Distribution boards in Germany
images/breaker_panel/commons_106693112.jpg,breaker_panel,,train,labeled,1,commons,106693112,File:Verteilerkasten mit Graffito von Daniel „Orange“ Gjoka (im roten Hemd) am Freiburger Tor in Merzhausen 2.jpg,https://commons.wikimedia.org/wiki/File:Verteilerkasten_mit_Graffito_von_Daniel_%E2%80%9EOrange%E2%80%9C_Gjoka_(im_roten_Hemd)_am_Freiburger_Tor_in_Merzhausen_2.jpg,https://upload.wikimedia.org/wikipedia/commons/3/32/Verteilerkasten_mit_Graffito_von_Daniel_%E2%80%9EOrange%E2%80%9C_Gjoka_%28im_roten_Hemd%29_am_Freiburger_Tor_in_Merzhausen_2.jpg?utm_source=commons.wikimedia.org&utm_campaign=imageinfo&utm_content=original,CC BY-SA 4.0,,https://creativecommons.org/licenses/by-sa/4.0,Andreas Schwarzkopf,,Andreas Schwarzkopf,commons:Andreas Schwarzkopf,e8fc50f8917fb746fa0285013b76eb33ff7a4f46,960,1143,Category:Distribution boards in Germany
images/breaker_panel/commons_106693121.jpg,breaker_panel,,,unlabeled,0,commons,106693121,File:Verteilerkasten mit Graffito von Daniel „Orange“ Gjoka am Freiburger Tor in Merzhausen 2.jpg,https://commons.wikimedia.org/wiki/File:Verteilerkasten_mit_Graffito_von_Daniel_%E2%80%9EOrange%E2%80%9C_Gjoka_am_Freiburger_Tor_in_Merzhausen_2.jpg,https://upload.wikimedia.org/wikipedia/commons/2/29/Verteilerkasten_mit_Graffito_von_Daniel_%E2%80%9EOrange%E2%80%9C_Gjoka_am_Freiburger_Tor_in_Merzhausen_2.jpg?utm_source=commons.wikimedia.org&utm_campaign=imageinfo&utm_content=original,CC BY-SA 4.0,,https://creativecommons.org/licenses/by-sa/4.0,Andreas Schwarzkopf,,Andreas Schwarzkopf,commons:Andreas Schwarzkopf,11b225a5217c1820cb2a1c04f9aa60a73b9082b1,812,1280,Category:Distribution boards in Germany
images/breaker_panel/commons_106693132.jpg,breaker_panel,,train,labeled,3,commons,106693132,File:Verteilerkasten mit Graffito von Daniel „Orange“ Gjoka sowie Stromtankstelle von Aldi am Freiburger Tor.jpg,https://commons.wikimedia.org/wiki/File:Verteilerkasten_mit_Graffito_von_Daniel_%E2%80%9EOrange%E2%80%9C_Gjoka_sowie_Stromtankstelle_von_Aldi_am_Freiburger_Tor.jpg,https://upload.wikimedia.org/wikipedia/commons/4/4b/Verteilerkasten_mit_Graffito_von_Daniel_%E2%80%9EOrange%E2%80%9C_Gjoka_sowie_Stromtankstelle_von_Aldi_am_Freiburger_Tor.jpg?utm_source=commons.wikimedia.org&utm_campaign=imageinfo&utm_content=original,CC BY-SA 4.0,,https://creativecommons.org/licenses/by-sa/4.0,Andreas Schwarzkopf,,Andreas Schwarzkopf,commons:Andreas Schwarzkopf,11d909c1698277dfa0151d2d20f46e519e82bfa5,1280,1069,Category:Distribution boards in Germany
images/breaker_panel/commons_106756475.jpg,breaker_panel,,train,labeled,2,commons,106756475,File:Verteilerkästen mit Graffito von Daniel „Orange“ Gjoka am Freiburger Tor in Merzhausen.jpg,https://commons.wikimedia.org/wiki/File:Verteilerk%C3%A4sten_mit_Graffito_von_Daniel_%E2%80%9EOrange%E2%80%9C_Gjoka_am_Freiburger_Tor_in_Merzhausen.jpg,https://upload.wikimedia.org/wikipedia/commons/9/96/Verteilerk%C3%A4sten_mit_Graffito_von_Daniel_%E2%80%9EOrange%E2%80%9C_Gjoka_am_Freiburger_Tor_in_Merzhausen.jpg?utm_source=commons.wikimedia.org&utm_campaign=imageinfo&utm_content=original,CC BY-SA 4.0,,https://creativecommons.org/licenses/by-sa/4.0,Andreas Schwarzkopf,,Andreas Schwarzkopf,commons:Andreas Schwarzkopf,5ab33ea743a2e804c1d9485ff4802001967bdd02,1280,945,Category:Distribution boards in Germany
images/breaker_panel/commons_110463437.jpg,breaker_panel,,train,labeled,1,commons,110463437,File:Sicherungskasten Seilwinde für ehemalige Eisenbahndrehbühne Südbahnhof Pirna 2005.jpg,https://commons.wikimedia.org/wiki/File:Sicherungskasten_Seilwinde_f%C3%BCr_ehemalige_Eisenbahndrehb%C3%BChne_S%C3%BCdbahnhof_Pirna_2005.jpg,https://upload.wikimedia.org/wikipedia/commons/a/a6/Sicherungskasten_Seilwinde_f%C3%BCr_ehemalige_Eisenbahndrehb%C3%BChne_S%C3%BCdbahnhof_Pirna_2005.jpg?utm_source=commons.wikimedia.org&utm_campaign=imageinfo&utm_content=original,CC BY-SA 4.0,,https://creativecommons.org/licenses/by-sa/4.0,VSchagow,,VSchagow,commons:VSchagow,4cbf2a9ec662920a043e2af6a4fe25c3b6a0b1f1,1280,960,Category:Distribution boards in Germany
images/breaker_panel/commons_112870113.jpg,breaker_panel,,train,labeled,2,commons,112870113,File:Mokyklos elektros saugikliai koridoriuje.jpg,https://commons.wikimedia.org/wiki/File:Mokyklos_elektros_saugikliai_koridoriuje.jpg,https://upload.wikimedia.org/wikipedia/commons/f/fa/Mokyklos_elektros_saugikliai_koridoriuje.jpg?utm_source=commons.wikimedia.org&utm_campaign=imageinfo&utm_content=original,CC BY-SA 4.0,,https://creativecommons.org/licenses/by-sa/4.0,Benas Maziliauskas,,Benas Maziliauskas,commons:Benas Maziliauskas,8fd0d3cc0da3d03b761459ae5ed337c740464ed4,577,1280,Category:Fuse boxes with DIN rail
images/breaker_panel/commons_112992472.jpg,breaker_panel,,train,labeled,1,commons,112992472,File:Электрощит20211202.jpg,https://commons.wikimedia.org/wiki/File:%D0%AD%D0%BB%D0%B5%D0%BA%D1%82%D1%80%D0%BE%D1%89%D0%B8%D1%8220211202.jpg,https://upload.wikimedia.org/wikipedia/commons/8/8f/%D0%AD%D0%BB%D0%B5%D0%BA%D1%82%D1%80%D0%BE%D1%89%D0%B8%D1%8220211202.jpg?utm_source=commons.wikimedia.org&utm_campaign=imageinfo&utm_content=original,CC BY-SA 4.0,,https://creativecommons.org/licenses/by-sa/4.0,Andreyvbodrov,,Andreyvbodrov,commons:Andreyvbodrov,ec719a444ec0032c8f1332be8802fb2313b54b77,720,1280,Category:Fuse boxes with DIN rail
images/breaker_panel/commons_113210065.jpg,breaker_panel,,train,labeled,1,commons,113210065,File:MAIN PANEL.jpg,https://commons.wikimedia.org/wiki/File:MAIN_PANEL.jpg,https://upload.wikimedia.org/wikipedia/commons/5/58/MAIN_PANEL.jpg?utm_source=commons.wikimedia.org&utm_campaign=imageinfo&utm_content=original,CC BY-SA 4.0,,https://creativecommons.org/licenses/by-sa/4.0,Robertbh1984,,Robertbh1984,commons:Robertbh1984,57c6bdf2ed3a92508a323924a39e876625b87680,960,1280,Category:Main distribution boards
images/breaker_panel/commons_113210070.jpg,breaker_panel,,train,labeled,1,commons,113210070,File:MAIN PANEL 1.3.jpg,https://commons.wikimedia.org/wiki/File:MAIN_PANEL_1.3.jpg,https://upload.wikimedia.org/wikipedia/commons/e/e8/MAIN_PANEL_1.3.jpg?utm_source=commons.wikimedia.org&utm_campaign=imageinfo&utm_content=original,CC BY-SA 4.0,,https://creativecommons.org/licenses/by-sa/4.0,Robertbh1984,,Robertbh1984,commons:Robertbh1984,8079eb7880a7f738e7fb22f7dd19e338505ef95b,960,1280,Category:Main distribution boards
images/breaker_panel/commons_113210072.jpg,breaker_panel,,train,labeled,2,commons,113210072,File:BOARD OF PANEL.jpg,https://commons.wikimedia.org/wiki/File:BOARD_OF_PANEL.jpg,https://upload.wikimedia.org/wikipedia/commons/f/f4/BOARD_OF_PANEL.jpg?utm_source=commons.wikimedia.org&utm_campaign=imageinfo&utm_content=original,CC BY-SA 4.0,,https://creativecommons.org/licenses/by-sa/4.0,Robertbh1984,,Robertbh1984,commons:Robertbh1984,c766c4002051bc8ff80a4acf62f54f190bc36287,960,1280,Category:Fuse boxes with DIN rail
images/breaker_panel/commons_113210073.jpg,breaker_panel,,train,labeled,2,commons,113210073,File:MAIN PANEL 1.2.jpg,https://commons.wikimedia.org/wiki/File:MAIN_PANEL_1.2.jpg,https://upload.wikimedia.org/wikipedia/commons/c/cd/MAIN_PANEL_1.2.jpg?utm_source=commons.wikimedia.org&utm_campaign=imageinfo&utm_content=original,CC BY-SA 4.0,,https://creativecommons.org/licenses/by-sa/4.0,Robertbh1984,,Robertbh1984,commons:Robertbh1984,7fcce14fc03c131984a79cbafc3e8e731d4c1eca,960,1280,Category:Main distribution boards
images/breaker_panel/commons_113210074.jpg,breaker_panel,,train,labeled,1,commons,113210074,File:MAIN PANEL 1.jpg,https://commons.wikimedia.org/wiki/File:MAIN_PANEL_1.jpg,https://upload.wikimedia.org/wikipedia/commons/2/2f/MAIN_PANEL_1.jpg?utm_source=commons.wikimedia.org&utm_campaign=imageinfo&utm_content=original,CC BY-SA 4.0,,https://creativecommons.org/licenses/by-sa/4.0,Robertbh1984,,Robertbh1984,commons:Robertbh1984,a1bd2d0432f2d4215c4a9dfa706930bbe14fcd2b,960,1280,Category:Main distribution boards
images/breaker_panel/commons_113210076.jpg,breaker_panel,,train,labeled,1,commons,113210076,File:MAIN1.jpg,https://commons.wikimedia.org/wiki/File:MAIN1.jpg,https://upload.wikimedia.org/wikipedia/commons/9/9d/MAIN1.jpg?utm_source=commons.wikimedia.org&utm_campaign=imageinfo&utm_content=original,CC BY-SA 4.0,,https://creativecommons.org/licenses/by-sa/4.0,Robertbh1984,,Robertbh1984,commons:Robertbh1984,55dc8468aaddfb6ea01dcbc1cda05a3341d3786f,960,1280,Category:Main distribution boards
images/breaker_panel/commons_113210079.jpg,breaker_panel,,train,labeled,1,commons,113210079,File:MAIN PANEL AND CABLES.jpg,https://commons.wikimedia.org/wiki/File:MAIN_PANEL_AND_CABLES.jpg,https://upload.wikimedia.org/wikipedia/commons/7/7e/MAIN_PANEL_AND_CABLES.jpg?utm_source=commons.wikimedia.org&utm_campaign=imageinfo&utm_content=original,CC BY-SA 4.0,,https://creativecommons.org/licenses/by-sa/4.0,Robertbh1984,,Robertbh1984,commons:Robertbh1984,6717ab67e63da24bde23bb999e274046693eb791,960,1280,Category:Main distribution boards
images/breaker_panel/commons_113210080.jpg,breaker_panel,,train,labeled,1,commons,113210080,File:MAIN PANEL READY.jpg,https://commons.wikimedia.org/wiki/File:MAIN_PANEL_READY.jpg,https://upload.wikimedia.org/wikipedia/commons/f/f4/MAIN_PANEL_READY.jpg?utm_source=commons.wikimedia.org&utm_campaign=imageinfo&utm_content=original,CC BY-SA 4.0,,https://creativecommons.org/licenses/by-sa/4.0,Robertbh1984,,Robertbh1984,commons:Robertbh1984,f8381c6a65994b113ba43234ebff012e7da60f04,960,1280,Category:Main distribution boards
images/breaker_panel/commons_113210081.jpg,breaker_panel,,train,labeled,1,commons,113210081,File:MAIN PANEL BAR.jpg,https://commons.wikimedia.org/wiki/File:MAIN_PANEL_BAR.jpg,https://upload.wikimedia.org/wikipedia/commons/d/db/MAIN_PANEL_BAR.jpg?utm_source=commons.wikimedia.org&utm_campaign=imageinfo&utm_content=original,CC BY-SA 4.0,,https://creativecommons.org/licenses/by-sa/4.0,Robertbh1984,,Robertbh1984,commons:Robertbh1984,5f0b1bf18a33be090501e33222d96a442d777235,960,1280,Category:Main distribution boards
images/breaker_panel/commons_114753620.jpg,breaker_panel,,train,labeled,1,commons,114753620,File:Fusebox on palm in Colonia.jpg,https://commons.wikimedia.org/wiki/File:Fusebox_on_palm_in_Colonia.jpg,https://upload.wikimedia.org/wikipedia/commons/3/3e/Fusebox_on_palm_in_Colonia.jpg?utm_source=commons.wikimedia.org&utm_campaign=imageinfo&utm_content=original,CC0,,http://creativecommons.org/publicdomain/zero/1.0/deed.en,Ypsilon from Finland,,Ypsilon from Finland,commons:Ypsilon from Finland,29ae6463c32ff0e710850ed2f01d00775dfe05ef,960,1280,Category:Fuse boxes with DIN rail
images/breaker_panel/commons_115350161.jpg,breaker_panel,,,unlabeled,0,commons,115350161,File:Feuerwehr-Verteilerkasten (2).jpg,https://commons.wikimedia.org/wiki/File:Feuerwehr-Verteilerkasten_(2).jpg,https://upload.wikimedia.org/wikipedia/commons/f/f8/Feuerwehr-Verteilerkasten_%282%29.jpg?utm_source=commons.wikimedia.org&utm_campaign=imageinfo&utm_content=original,CC BY-SA 4.0,,https://creativecommons.org/licenses/by-sa/4.0,Vitavia,,Vitavia,commons:Vitavia,c27a90e16abbed7bb266d292fccd174215e7ac84,960,1277,Category:Distribution boards in Germany
images/breaker_panel/commons_115350162.jpg,breaker_panel,,,unlabeled,0,commons,115350162,File:Feuerwehr-Verteilerkasten (1).jpg,https://commons.wikimedia.org/wiki/File:Feuerwehr-Verteilerkasten_(1).jpg,https://upload.wikimedia.org/wikipedia/commons/b/bb/Feuerwehr-Verteilerkasten_%281%29.jpg?utm_source=commons.wikimedia.org&utm_campaign=imageinfo&utm_content=original,CC BY-SA 4.0,,https://creativecommons.org/licenses/by-sa/4.0,Vitavia,,Vitavia,commons:Vitavia,23f4653bdd23165ff7295a696ff701edc80edae5,1280,960,Category:Distribution boards in Germany
images/breaker_panel/commons_115350163.jpg,breaker_panel,,,unlabeled,0,commons,115350163,File:Feuerwehr-Verteilerkasten (3).jpg,https://commons.wikimedia.org/wiki/File:Feuerwehr-Verteilerkasten_(3).jpg,https://upload.wikimedia.org/wikipedia/commons/a/a6/Feuerwehr-Verteilerkasten_%283%29.jpg?utm_source=commons.wikimedia.org&utm_campaign=imageinfo&utm_content=original,CC BY-SA 4.0,,https://creativecommons.org/licenses/by-sa/4.0,Vitavia,,Vitavia,commons:Vitavia,6ebb701eb45c3c281ce53cd5d5731fd5a9265882,1280,967,Category:Distribution boards in Germany
images/breaker_panel/commons_115350165.jpg,breaker_panel,,,unlabeled,0,commons,115350165,File:Feuerwehr-Verteilerkasten (4).jpg,https://commons.wikimedia.org/wiki/File:Feuerwehr-Verteilerkasten_(4).jpg,https://upload.wikimedia.org/wikipedia/commons/7/78/Feuerwehr-Verteilerkasten_%284%29.jpg?utm_source=commons.wikimedia.org&utm_campaign=imageinfo&utm_content=original,CC BY-SA 4.0,,https://creativecommons.org/licenses/by-sa/4.0,Vitavia,,Vitavia,commons:Vitavia,d79a73275ce2da207c5135d029d22b86c451c48b,960,1263,Category:Distribution boards in Germany
images/breaker_panel/commons_11759360.jpg,breaker_panel,,val,labeled,1,commons,11759360,File:Fuse box preparing to installation.JPG,https://commons.wikimedia.org/wiki/File:Fuse_box_preparing_to_installation.JPG,https://upload.wikimedia.org/wikipedia/commons/5/51/Fuse_box_preparing_to_installation.JPG?utm_source=commons.wikimedia.org&utm_campaign=imageinfo&utm_content=original,CC BY-SA 3.0,,https://creativecommons.org/licenses/by-sa/3.0,Dmitry G,,Dmitry G,commons:Dmitry G,a0c958d2751d67a87f2943224519841f1cd8970b,1280,926,Category:Fuse boxes with DIN rail
images/breaker_panel/commons_11759387.jpg,breaker_panel,,val,labeled,4,commons,11759387,File:European fuse box inside.JPG,https://commons.wikimedia.org/wiki/File:European_fuse_box_inside.JPG,https://upload.wikimedia.org/wikipedia/commons/b/b2/European_fuse_box_inside.JPG?utm_source=commons.wikimedia.org&utm_campaign=imageinfo&utm_content=original,CC BY-SA 3.0,,https://creativecommons.org/licenses/by-sa/3.0,Dmitry G,,Dmitry G,commons:Dmitry G,8cfbbb6449cd6d2989e5dbc96ef20bbaddcf3734,960,1280,Category:Fuse boxes with DIN rail
images/breaker_panel/commons_117598275.jpg,breaker_panel,,train,labeled,1,commons,117598275,File:Sigorta şarteli.jpg,https://commons.wikimedia.org/wiki/File:Sigorta_%C5%9Farteli.jpg,https://upload.wikimedia.org/wikipedia/commons/6/64/Sigorta_%C5%9Farteli.jpg?utm_source=commons.wikimedia.org&utm_campaign=imageinfo&utm_content=original,CC BY-SA 4.0,,https://creativecommons.org/licenses/by-sa/4.0,Satirdan kahraman,,Mümtaz,commons:Mümtaz,6c33077908cf761fb2cc1020f088eb9c63cc2b3d,960,1280,Category:Fuse boxes with DIN rail
images/breaker_panel/commons_117598278.jpg,breaker_panel,,train,labeled,1,commons,117598278,File:Elektrik panosu sigortaları.jpg,https://commons.wikimedia.org/wiki/File:Elektrik_panosu_sigortalar%C4%B1.jpg,https://upload.wikimedia.org/wikipedia/commons/a/ae/Elektrik_panosu_sigortalar%C4%B1.jpg?utm_source=commons.wikimedia.org&utm_campaign=imageinfo&utm_content=original,CC BY-SA 4.0,,https://creativecommons.org/licenses/by-sa/4.0,Satirdan kahraman,,Mümtaz,commons:Mümtaz,03a8e750575042cebe2145899931ef161e426151,960,1280,Category:Fuse boxes with DIN rail
images/breaker_panel/commons_11767882.jpg,breaker_panel,,val,labeled,1,commons,11767882,File:Choosing site for European fuse box.JPG,https://commons.wikimedia.org/wiki/File:Choosing_site_for_European_fuse_box.JPG,https://upload.wikimedia.org/wikipedia/commons/7/71/Choosing_site_for_European_fuse_box.JPG?utm_source=commons.wikimedia.org&utm_campaign=imageinfo&utm_content=original,CC BY-SA 3.0,,https://creativecommons.org/licenses/by-sa/3.0,Dmitry G,,Dmitry G,commons:Dmitry G,a68860387847e3f9b950a7e3291eae44cbfb1d1a,1280,721,Category:Fuse boxes with DIN rail
images/breaker_panel/commons_11768046.jpg,breaker_panel,,val,labeled,1,commons,11768046,File:Wiring of European fuse box.JPG,https://commons.wikimedia.org/wiki/File:Wiring_of_European_fuse_box.JPG,https://upload.wikimedia.org/wikipedia/commons/c/c6/Wiring_of_European_fuse_box.JPG?utm_source=commons.wikimedia.org&utm_campaign=imageinfo&utm_content=original,CC BY-SA 3.0,,https://creativecommons.org/licenses/by-sa/3.0,Dmitry G,,Dmitry G,commons:Dmitry G,dfc2758af84cc1552057713c917f8d07027fcb5b,1280,721,Category:Fuse boxes with DIN rail
images/breaker_panel/commons_11768173.jpg,breaker_panel,,val,labeled,1,commons,11768173,File:Fuse box after finishing.JPG,https://commons.wikimedia.org/wiki/File:Fuse_box_after_finishing.JPG,https://upload.wikimedia.org/wikipedia/commons/8/8f/Fuse_box_after_finishing.JPG?utm_source=commons.wikimedia.org&utm_campaign=imageinfo&utm_content=original,CC BY-SA 3.0,,https://creativecommons.org/licenses/by-sa/3.0,Dmitry G,,Dmitry G,commons:Dmitry G,7cedafa7d22c7fb2f8ac62c5686b47649b0f6d63,1280,721,Category:Fuse boxes with DIN rail
images/breaker_panel/commons_11768497.jpg,breaker_panel,,val,labeled,1,commons,11768497,File:Small fuse box with load switch.JPG,https://commons.wikimedia.org/wiki/File:Small_fuse_box_with_load_switch.JPG,https://upload.wikimedia.org/wikipedia/commons/1/1e/Small_fuse_box_with_load_switch.JPG?utm_source=commons.wikimedia.org&utm_campaign=imageinfo&utm_content=original,CC BY-SA 3.0,,https://creativecommons.org/licenses/by-sa/3.0,Dmitry G,,Dmitry G,commons:Dmitry G,1ce2b0dbcfa3579c9f874a52e669f93cfc6089e8,674,1280,Category:Fuse boxes with DIN rail
images/breaker_panel/commons_12236488.jpg,breaker_panel,,train,labeled,1,commons,12236488,File:00-bma-automation-allen-bradley-1.JPG,https://commons.wikimedia.org/wiki/File:00-bma-automation-allen-bradley-1.JPG,https://upload.wikimedia.org/wikipedia/commons/8/8f/00-bma-automation-allen-bradley-1.JPG?utm_source=commons.wikimedia.org&utm_campaign=imageinfo&utm_content=original,CC BY-SA 3.0,,https://creativecommons.org/licenses/by-sa/3.0,Elmschrat,,Elmschrat,commons:Elmschrat,a7735fece968e225ac10935225231e8dbc53a85a,1280,853,Category:Fuse boxes with DIN rail
images/breaker_panel/commons_123050583.jpg,breaker_panel,,train,labeled,1,commons,123050583,File:Gußeisen Sicherungskasten (80).jpg,https://commons.wikimedia.org/wiki/File:Gu%C3%9Feisen_Sicherungskasten_(80).jpg,https://upload.wikimedia.org/wikipedia/commons/e/e9/Gu%C3%9Feisen_Sicherungskasten_%2880%29.jpg?utm_source=commons.wikimedia.org&utm_campaign=imageinfo&utm_content=original,CC BY-SA 4.0,,https://creativecommons.org/licenses/by-sa/4.0,Markmons,,Markmons,commons:Markmons,784fb02a8cc220fdb702b52e5c087f949b1c0a3e,1280,1053,Category:Distribution boards in Germany
images/breaker_panel/commons_123050775.jpg,breaker_panel,,train,labeled,1,commons,123050775,File:Gußeisen Sicherungskasten (83).jpg,https://commons.wikimedia.org/wiki/File:Gu%C3%9Feisen_Sicherungskasten_(83).jpg,https://upload.wikimedia.org/wikipedia/commons/e/e2/Gu%C3%9Feisen_Sicherungskasten_%2883%29.jpg?utm_source=commons.wikimedia.org&utm_campaign=imageinfo&utm_content=original,CC BY-SA 4.0,,https://creativecommons.org/licenses/by-sa/4.0,Markmons,,Markmons,commons:Markmons,53c87eb8efbf9e032e9c212bb457782025dae1e8,1280,1000,Category:Distribution boards in Germany
images/breaker_panel/commons_123050776.jpg,breaker_panel,,train,labeled,1,commons,123050776,File:Gußeisen Sicherungskasten (82).jpg,https://commons.wikimedia.org/wiki/File:Gu%C3%9Feisen_Sicherungskasten_(82).jpg,https://upload.wikimedia.org/wikipedia/commons/a/aa/Gu%C3%9Feisen_Sicherungskasten_%2882%29.jpg?utm_source=commons.wikimedia.org&utm_campaign=imageinfo&utm_content=original,CC BY-SA 4.0,,https://creativecommons.org/licenses/by-sa/4.0,Markmons,,Markmons,commons:Markmons,5b0dabc5a06558b42d1911a12f480bfdbeb2320d,1280,960,Category:Distribution boards in Germany
images/breaker_panel/commons_123050777.jpg,breaker_panel,,train,labeled,1,commons,123050777,File:Gußeisen Sicherungskasten (81).jpg,https://commons.wikimedia.org/wiki/File:Gu%C3%9Feisen_Sicherungskasten_(81).jpg,https://upload.wikimedia.org/wikipedia/commons/d/da/Gu%C3%9Feisen_Sicherungskasten_%2881%29.jpg?utm_source=commons.wikimedia.org&utm_campaign=imageinfo&utm_content=original,CC BY-SA 4.0,,https://creativecommons.org/licenses/by-sa/4.0,Markmons,,Markmons,commons:Markmons,afb634a4b2017d095bf13a339192dd8f0b440c15,1280,963,Category:Distribution boards in Germany
images/breaker_panel/commons_123130043.jpg,breaker_panel,,train,labeled,5,commons,123130043,File:Sicherungskasten im mechanischen Stellwerk Bahnhof Zittau (1).jpg,https://commons.wikimedia.org/wiki/File:Sicherungskasten_im_mechanischen_Stellwerk_Bahnhof_Zittau_(1).jpg,https://upload.wikimedia.org/wikipedia/commons/3/3c/Sicherungskasten_im_mechanischen_Stellwerk_Bahnhof_Zittau_%281%29.jpg?utm_source=commons.wikimedia.org&utm_campaign=imageinfo&utm_content=original,CC BY-SA 4.0,,https://creativecommons.org/licenses/by-sa/4.0,"Fiver, der Hellseher",,"Fiver, der Hellseher","commons:Fiver, der Hellseher",e8948c600898f0c83e32de552fb3253944e7c474,1280,960,Category:Distribution boards in Germany
images/breaker_panel/commons_123130050.jpg,breaker_panel,,train,labeled,1,commons,123130050,File:Sicherungskasten im mechanischen Stellwerk Bahnhof Zittau (2).jpg,https://commons.wikimedia.org/wiki/File:Sicherungskasten_im_mechanischen_Stellwerk_Bahnhof_Zittau_(2).jpg,https://upload.wikimedia.org/wikipedia/commons/0/00/Sicherungskasten_im_mechanischen_Stellwerk_Bahnhof_Zittau_%282%29.jpg?utm_source=commons.wikimedia.org&utm_campaign=imageinfo&utm_content=original,CC BY-SA 4.0,,https://creativecommons.org/licenses/by-sa/4.0,"Fiver, der Hellseher",,"Fiver, der Hellseher","commons:Fiver, der Hellseher",294f133e6d0055bceef92069a1415e6688c6a403,1280,960,Category:Distribution boards in Germany
images/breaker_panel/commons_124207655.jpg,breaker_panel,,val,labeled,1,commons,124207655,File:Single phase electrical panel for apartment.JPG,https://commons.wikimedia.org/wiki/File:Single_phase_electrical_panel_for_apartment.JPG,https://upload.wikimedia.org/wikipedia/commons/d/d3/Single_phase_electrical_panel_for_apartment.JPG?utm_source=commons.wikimedia.org&utm_campaign=imageinfo&utm_content=original,CC BY-SA 3.0,,https://creativecommons.org/licenses/by-sa/3.0,Dmitry G,,Dmitry G,commons:Dmitry G,2f31546413e40ed37d52ffc3ac97cd091598a1f2,1280,759,Category:Fuse boxes with DIN rail
images/breaker_panel/commons_12452792.jpg,breaker_panel,,train,labeled,4,commons,12452792,File:Unterverteilung.jpg,https://commons.wikimedia.org/wiki/File:Unterverteilung.jpg,https://upload.wikimedia.org/wikipedia/commons/2/27/Unterverteilung.jpg?utm_source=commons.wikimedia.org&utm_campaign=imageinfo&utm_content=original,CC BY-SA 3.0,,http://creativecommons.org/licenses/by-sa/3.0/,Uwe Schwöbel,,Marekich,commons:Marekich,6629b43f19cd91c1370386458d1a66af8c0a6c87,486,626,Category:Fuse boxes with DIN rail
images/breaker_panel/commons_124796032.jpg,breaker_panel,,train,labeled,1,commons,124796032,File:Lauterach-Distribution board-1950s-01ASD.jpg,https://commons.wikimedia.org/wiki/File:Lauterach-Distribution_board-1950s-01ASD.jpg,https://upload.wikimedia.org/wikipedia/commons/8/80/Lauterach-Distribution_board-1950s-01ASD.jpg?utm_source=commons.wikimedia.org&utm_campaign=imageinfo&utm_content=original,CC BY-SA 4.0,,https://creativecommons.org/licenses/by-sa/4.0,Asurnipal,,Asurnipal,commons:Asurnipal,71f5cf3260be32994c414704bdf1e087ab2b7a73,1280,960,Category:Fuse boxes with DIN rail
images/breaker_panel/commons_126371187.jpg,breaker_panel,,val,labeled,1,commons,126371187,File:Main switchgear (5196532678).jpg,https://commons.wikimedia.org/wiki/File:Main_switchgear_(5196532678).jpg,https://upload.wikimedia.org/wikipedia/commons/5/53/Main_switchgear_%285196532678%29.jpg?utm_source=commons.wikimedia.org&utm_campaign=imageinfo&utm_content=original,CC BY-SA 2.0,,https://creativecommons.org/licenses/by-sa/2.0,"Marco d'Itri from Milano, Italy",,Retired electrician,commons:Retired electrician,2f1a3a9f685599f4531e1094d6939a380f82a43f,1280,960,Category:Fuse boxes with DIN rail
images/breaker_panel/commons_12710349.jpg,breaker_panel,,train,labeled,1,commons,12710349,File:Armoire électrique.jpg,https://commons.wikimedia.org/wiki/File:Armoire_%C3%A9lectrique.jpg,https://upload.wikimedia.org/wikipedia/commons/a/ac/Armoire_%C3%A9lectrique.jpg?utm_source=commons.wikimedia.org&utm_campaign=imageinfo&utm_content=original,CC BY-SA 3.0,,https://creativecommons.org/licenses/by-sa/3.0,Djodjocom,,Djodjocom,commons:Djodjocom,63cc2869704315aa31978a523fa927a70655d709,767,1280,Category:Fuse boxes with DIN rail
images/breaker_panel/commons_12837888.jpg,breaker_panel,,train,labeled,1,commons,12837888,File:Klingeltransformator und Fernschalter.JPG,https://commons.wikimedia.org/wiki/File:Klingeltransformator_und_Fernschalter.JPG,https://upload.wikimedia.org/wikipedia/commons/4/41/Klingeltransformator_und_Fernschalter.JPG?utm_source=commons.wikimedia.org&utm_campaign=imageinfo&utm_content=original,CC BY-SA 3.0,,https://creativecommons.org/licenses/by-sa/3.0,Alupus,,Alupus,commons:Alupus,512d34fd9d6289771c82762e852d510d90792623,1280,851,Category:Fuse boxes with DIN rail
images/breaker_panel/commons_12878100.jpg,breaker_panel,,val,labeled,2,commons,12878100,File:European fuse box empty.JPG,https://commons.wikimedia.org/wiki/File:European_fuse_box_empty.JPG,https://upload.wikimedia.org/wikipedia/commons/9/92/European_fuse_box_empty.JPG?utm_source=commons.wikimedia.org&utm_campaign=imageinfo&utm_content=original,CC BY-SA 3.0,,https://creativecommons.org/licenses/by-sa/3.0,Dmitry G,,Dmitry G,commons:Dmitry G,045795abcbbb63d75afbd9879a72782a1f17a478,960,1280,Category:Fuse boxes with DIN rail
images/breaker_panel/commons_12878134.jpg,breaker_panel,,val,labeled,1,commons,12878134,File:Kanlux DB104W.JPG,https://commons.wikimedia.org/wiki/File:Kanlux_DB104W.JPG,https://upload.wikimedia.org/wikipedia/commons/2/28/Kanlux_DB104W.JPG?utm_source=commons.wikimedia.org&utm_campaign=imageinfo&utm_content=original,CC BY-SA 3.0,,https://creativecommons.org/licenses/by-sa/3.0,Dmitry G,,Dmitry G,commons:Dmitry G,ea04c2a4179905d278e8dc0b8e9e5b6588892476,960,1280,Category:Fuse boxes with DIN rail
images/breaker_panel/commons_13248578.jpg,breaker_panel,,val,labeled,1,commons,13248578,File:Single-phase distribution board.JPG,https://commons.wikimedia.org/wiki/File:Single-phase_distribution_board.JPG,https://upload.wikimedia.org/wikipedia/commons/6/61/Single-phase_distribution_board.JPG?utm_source=commons.wikimedia.org&utm_campaign=imageinfo&utm_content=original,CC BY-SA 3.0,,https://creativecommons.org/licenses/by-sa/3.0,ozi,,Dmitry G,commons:Dmitry G,46d2e4a80471ca05ade43ea4e16d96bdd1e57843,488,640,Category:Fuse boxes with DIN rail
images/breaker_panel/commons_132958929.jpg,breaker_panel,,train,labeled,1,commons,132958929,File:Sieben prismatische Farben 002 2021 02 27.jpg,https://commons.wikimedia.org/wiki/File:Sieben_prismatische_Farben_002_2021_02_27.jpg,https://upload.wikimedia.org/wikipedia/commons/0/06/Sieben_prismatische_Farben_002_2021_02_27.jpg?utm_source=commons.wikimedia.org&utm_campaign=imageinfo&utm_content=original,CC BY-SA 4.0,,https://creativecommons.org/licenses/by-sa/4.0,Friedrich Haag,,F. Riedelio,commons:F. Riedelio,9b8d73e588d6931639252a81c93be1a085efe4db,1280,884,Category:Distribution boards in Germany
images/breaker_panel/commons_133055515.jpg,breaker_panel,,train,labeled,3,commons,133055515,File:Mid-1960s wooden main distribution board.jpg,https://commons.wikimedia.org/wiki/File:Mid-1960s_wooden_main_distribution_board.jpg,https://upload.wikimedia.org/wikipedia/commons/5/52/Mid-1960s_wooden_main_distribution_board.jpg?utm_source=commons.wikimedia.org&utm_campaign=imageinfo&utm_content=original,CC BY-SA 4.0,,https://creativecommons.org/licenses/by-sa/4.0,Phiarc,,Phiarc,commons:Phiarc,f215aea2241596aef4eb0ff8fea9e99188671d6c,586,1280,Category:Distribution boards in Germany
images/breaker_panel/commons_133055516.jpg,breaker_panel,,train,labeled,3,commons,133055516,File:Mid-1960s wooden main distribution board fuses.jpg,https://commons.wikimedia.org/wiki/File:Mid-1960s_wooden_main_distribution_board_fuses.jpg,https://upload.wikimedia.org/wikipedia/commons/b/b6/Mid-1960s_wooden_main_distribution_board_fuses.jpg?utm_source=commons.wikimedia.org&utm_campaign=imageinfo&utm_content=original,CC BY-SA 4.0,,https://creativecommons.org/licenses/by-sa/4.0,Phiarc,,Phiarc,commons:Phiarc,eefcc8db9c4fe60d5e5e625de71ca97dee41bc5d,1280,829,Category:Distribution boards in Germany
images/breaker_panel/commons_138457993.jpg,breaker_panel,,train,labeled,2,commons,138457993,File:Circuit breakers from Czechoslovakia.JPG,https://commons.wikimedia.org/wiki/File:Circuit_breakers_from_Czechoslovakia.JPG,https://upload.wikimedia.org/wikipedia/commons/c/c6/Circuit_breakers_from_Czechoslovakia.JPG?utm_source=commons.wikimedia.org&utm_campaign=imageinfo&utm_content=original,CC0,,http://creativecommons.org/publicdomain/zero/1.0/deed.en,01x07x2022000,,01x07x2022000,commons:01x07x2022000,a7717059c3de61ac488b7635dd8d3c4bf142454e,1280,960,Category:Fuse boxes with DIN rail
images/breaker_panel/commons_144973594.jpg,breaker_panel,,train,labeled,1,commons,144973594,File:ABB installation contactor (German - Installationsschütz) 240V 24A installed in fuse box in Germany.jpg,https://commons.wikimedia.org/wiki/File:ABB_installation_contactor_(German_-_Installationssch%C3%BCtz)_240V_24A_installed_in_fuse_box_in_Germany.jpg,https://upload.wikimedia.org/wikipedia/commons/5/58/ABB_installation_contactor_%28German_-_Installationssch%C3%BCtz%29_240V_24A_installed_in_fuse_box_in_Germany.jpg?utm_source=commons.wikimedia.org&utm_campaign=imageinfo&utm_content=original,CC0,,http://creativecommons.org/publicdomain/zero/1.0/deed.en,Pittigrilli,,Pittigrilli,commons:Pittigrilli,f176d5aac31f4518535925113c480b46d46eed73,1280,949,Category:Fuse boxes with DIN rail
images/breaker_panel/commons_144977013.jpg,breaker_panel,,train,labeled,1,commons,144977013,"File:Fuse box with installation contactor and time switching clock for outdoor illumination in German shop, 2024.jpg","https://commons.wikimedia.org/wiki/File:Fuse_box_with_installation_contactor_and_time_switching_clock_for_outdoor_illumination_in_German_shop,_2024.jpg",https://upload.wikimedia.org/wikipedia/commons/0/0e/Fuse_box_with_installation_contactor_and_time_switching_clock_for_outdoor_illumination_in_German_shop%2C_2024.jpg?utm_source=commons.wikimedia.org&utm_campaign=imageinfo&utm_content=original,CC0,,http://creativecommons.org/publicdomain/zero/1.0/deed.en,Pittigrilli,,Pittigrilli,commons:Pittigrilli,ea89008ec4df3411f466fdb008e7b3dcaf938925,960,1245,Category:Fuse boxes with DIN rail
images/breaker_panel/commons_144977159.jpg,breaker_panel,,train,labeled,4,commons,144977159,"File:Fuse box with installation contactor and time switching clock for outdoor illumination in German shop, 2024 (cropped).jpg","https://commons.wikimedia.org/wiki/File:Fuse_box_with_installation_contactor_and_time_switching_clock_for_outdoor_illumination_in_German_shop,_2024_(cropped).jpg",https://upload.wikimedia.org/wikipedia/commons/f/fd/Fuse_box_with_installation_contactor_and_time_switching_clock_for_outdoor_illumination_in_German_shop%2C_2024_%28cropped%29.jpg?utm_source=commons.wikimedia.org&utm_campaign=imageinfo&utm_content=original,CC0,,http://creativecommons.org/publicdomain/zero/1.0/deed.en,Pittigrilli,,Pittigrilli,commons:Pittigrilli,37601034e4ae98f36d845c913df85aceacdf56f0,1280,930,Category:Fuse boxes with DIN rail
images/breaker_panel/commons_144977290.jpg,breaker_panel,,train,labeled,1,commons,144977290,"File:ABB 230V 16A fuses in fuse box in German shop, 2024 (cropped).jpg","https://commons.wikimedia.org/wiki/File:ABB_230V_16A_fuses_in_fuse_box_in_German_shop,_2024_(cropped).jpg",https://upload.wikimedia.org/wikipedia/commons/d/d5/ABB_230V_16A_fuses_in_fuse_box_in_German_shop%2C_2024_%28cropped%29.jpg?utm_source=commons.wikimedia.org&utm_campaign=imageinfo&utm_content=original,CC0,,http://creativecommons.org/publicdomain/zero/1.0/deed.en,Pittigrilli,,Pittigrilli,commons:Pittigrilli,1f0956609f5625e3f430628b0bae2f467c9b0530,758,891,Category:Fuse boxes with DIN rail
images/breaker_panel/commons_144977313.jpg,breaker_panel,,train,labeled,3,commons,144977313,"File:ABB 230V 16A fuses in fuse box in German shop, 2024.jpg","https://commons.wikimedia.org/wiki/File:ABB_230V_16A_fuses_in_fuse_box_in_German_shop,_2024.jpg",https://upload.wikimedia.org/wikipedia/commons/3/32/ABB_230V_16A_fuses_in_fuse_box_in_German_shop%2C_2024.jpg?utm_source=commons.wikimedia.org&utm_campaign=imageinfo&utm_content=original,CC0,,http://creativecommons.org/publicdomain/zero/1.0/deed.en,Pittigrilli,,Pittigrilli,commons:Pittigrilli,4d6650e3e82f531afc3b689d7445271ae4432d24,1280,666,Category:Fuse boxes with DIN rail
images/breaker_panel/commons_144977327.jpg,breaker_panel,,train,labeled,1,commons,144977327,"File:One row of ABB 230V 16A fuses in fuse box in German shop, 2024.jpg","https://commons.wikimedia.org/wiki/File:One_row_of_ABB_230V_16A_fuses_in_fuse_box_in_German_shop,_2024.jpg",https://upload.wikimedia.org/wikipedia/commons/0/06/One_row_of_ABB_230V_16A_fuses_in_fuse_box_in_German_shop%2C_2024.jpg?utm_source=commons.wikimedia.org&utm_campaign=imageinfo&utm_content=original,CC0,,http://creativecommons.org/publicdomain/zero/1.0/deed.en,Pittigrilli,,Pittigrilli,commons:Pittigrilli,62bb2b6da4b15bb548f380e79c7154ba7fc16faa,1280,992,Category:Fuse boxes with DIN rail
images/breaker_panel/commons_144991195.jpg,breaker_panel,,train,labeled,1,commons,144991195,"File:Fuse box in German shop, 2024.jpg","https://commons.wikimedia.org/wiki/File:Fuse_box_in_German_shop,_2024.jpg",https://upload.wikimedia.org/wikipedia/commons/5/59/Fuse_box_in_German_shop%2C_2024.jpg?utm_source=commons.wikimedia.org&utm_campaign=imageinfo&utm_content=original,CC0,,http://creativecommons.org/publicdomain/zero/1.0/deed.en,Pittigrilli,,Pittigrilli,commons:Pittigrilli,3ad0180c437cebda493c77f302dbd5642a46a57a,960,1203,Category:Distribution boards in Germany
images/breaker_panel/commons_145001004.jpg,breaker_panel,,train,labeled,1,commons,145001004,File:Roscheider Hof BW 2024-02-03 12-26-06.jpg,https://commons.wikimedia.org/wiki/File:Roscheider_Hof_BW_2024-02-03_12-26-06.jpg,https://upload.wikimedia.org/wikipedia/commons/a/a7/Roscheider_Hof_BW_2024-02-03_12-26-06.jpg?utm_source=commons.wikimedia.org&utm_campaign=imageinfo&utm_content=original,CC BY-SA 4.0,,https://creativecommons.org/licenses/by-sa/4.0,Berthold Werner,,Berthold Werner,commons:Berthold Werner,2f14e1a638aeda2967d63ebe33fb6263d1da6b41,851,1280,Category:Distribution boards in Germany
images/breaker_panel/commons_145880568.jpg,breaker_panel,,train,labeled,3,commons,145880568,File:Timer Bticino e campanello elettrico.jpg,https://commons.wikimedia.org/wiki/File:Timer_Bticino_e_campanello_elettrico.jpg,https://upload.wikimedia.org/wikipedia/commons/5/54/Timer_Bticino_e_campanello_elettrico.jpg?utm_source=commons.wikimedia.org&utm_campaign=imageinfo&utm_content=original,CC0,,http://creativecommons.org/publicdomain/zero/1.0/deed.en,Air fans,,Air fans,commons:Air fans,beba3e5fea3d53ae4549bbe98764dfa91edbd7a1,960,1280,Category:Fuse boxes with DIN rail
images/breaker_panel/commons_14898353.jpg,breaker_panel,,val,labeled,1,commons,14898353,File:Horror in fuse box.JPG,https://commons.wikimedia.org/wiki/File:Horror_in_fuse_box.JPG,https://upload.wikimedia.org/wikipedia/commons/6/68/Horror_in_fuse_box.JPG?utm_source=commons.wikimedia.org&utm_campaign=imageinfo&utm_content=original,CC BY-SA 3.0,,https://creativecommons.org/licenses/by-sa/3.0,strenus6,,Dmitry G,commons:Dmitry G,d21b5636144ba5e175e0c6fa159faf0721c993a0,800,774,Category:Fuse boxes with DIN rail
images/breaker_panel/commons_15127565.jpg,breaker_panel,,train,labeled,1,commons,15127565,File:സർക്യൂട്ട്-ബ്രേക്കർ.JPG,https://commons.wikimedia.org/wiki/File:%E0%B4%B8%E0%B5%BC%E0%B4%95%E0%B5%8D%E0%B4%AF%E0%B5%82%E0%B4%9F%E0%B5%8D%E0%B4%9F%E0%B5%8D-%E0%B4%AC%E0%B5%8D%E0%B4%B0%E0%B5%87%E0%B4%95%E0%B5%8D%E0%B4%95%E0%B5%BC.JPG,https://upload.wikimedia.org/wikipedia/commons/7/79/%E0%B4%B8%E0%B5%BC%E0%B4%95%E0%B5%8D%E0%B4%AF%E0%B5%82%E0%B4%9F%E0%B5%8D%E0%B4%9F%E0%B5%8D-%E0%B4%AC%E0%B5%8D%E0%B4%B0%E0%B5%87%E0%B4%95%E0%B5%8D%E0%B4%95%E0%B5%BC.JPG?utm_source=commons.wikimedia.org&utm_campaign=imageinfo&utm_content=original,CC BY-SA 3.0,,https://creativecommons.org/licenses/by-sa/3.0,Edukeralam at ml.wikipedia,,Sreejithk2000,commons:Sreejithk2000,d27347cb9ebe3a1ef32a7f6e84495cdda767ab82,1280,960,Category:Fuse boxes with DIN rail
images/breaker_panel/commons_15242027.jpg,breaker_panel,,val,labeled,4,commons,15242027,File:Fuse box with overlimited circuit breakers.JPG,https://commons.wikimedia.org/wiki/File:Fuse_box_with_overlimited_circuit_breakers.JPG,https://upload.wikimedia.org/wikipedia/commons/b/b5/Fuse_box_with_overlimited_circuit_breakers.JPG?utm_source=commons.wikimedia.org&utm_campaign=imageinfo&utm_content=original,CC BY-SA 3.0,,https://creativecommons.org/licenses/by-sa/3.0,Сизарев Евгений,,Dmitry G,commons:Dmitry G,dae6da74821a9acf10946ff5f107cfce74e2b21e,1280,960,Category:Fuse boxes with DIN rail
images/breaker_panel/commons_152681175.jpg,breaker_panel,,train,labeled,1,commons,152681175,"File:Convento de Cristo, Tomar, 2022 (50).jpg","https://commons.wikimedia.org/wiki/File:Convento_de_Cristo,_Tomar,_2022_(50).jpg",https://upload.wikimedia.org/wikipedia/commons/b/b1/Convento_de_Cristo%2C_Tomar%2C_2022_%2850%29.jpg?utm_source=commons.wikimedia.org&utm_campaign=imageinfo&utm_content=original,CC BY-SA 4.0,,https://creativecommons.org/licenses/by-sa/4.0,Draceane,,Draceane,commons:Draceane,bf258581e91b8d748cc39d6ca15de05677bcd0b7,855,1280,Category:Fuse boxes with DIN rail
images/breaker_panel/commons_156305125.jpg,breaker_panel,,train,labeled,1,commons,156305125,File:20240514 Sinter plant Völklingen Ironworks 01.jpg,https://commons.wikimedia.org/wiki/File:20240514_Sinter_plant_V%C3%B6lklingen_Ironworks_01.jpg,https://upload.wikimedia.org/wikipedia/commons/b/b4/20240514_Sinter_plant_V%C3%B6lklingen_Ironworks_01.jpg?utm_source=commons.wikimedia.org&utm_campaign=imageinfo&utm_content=original,CC BY 4.0,,https://creativecommons.org/licenses/by/4.0,Flocci Nivis,,FlocciNivis,commons:FlocciNivis,fbb5173e94ea06d2351a9f66b47b3a15677ef27a,1280,854,Category:Distribution boards in Germany
images/breaker_panel/commons_157459556.jpg,breaker_panel,,train,labeled,1,commons,157459556,File:Circuit breakers in India.jpg,https://commons.wikimedia.org/wiki/File:Circuit_breakers_in_India.jpg,https://upload.wikimedia.org/wikipedia/commons/d/d4/Circuit_breakers_in_India.jpg?utm_source=commons.wikimedia.org&utm_campaign=imageinfo&utm_content=original,CC BY-SA 4.0,,https://creativecommons.org/licenses/by-sa/4.0,Uday04,,Uday04,commons:Uday04,6c956e3b76f2cee195585ef657102481dd1c59d7,960,1280,Category:Fuse boxes with DIN rail
images/breaker_panel/commons_157470727.jpg,breaker_panel,,train,labeled,1,commons,157470727,"File:MCB dan Power Supply 5 VDC, 24 VDC serta terminal konektor.jpg","https://commons.wikimedia.org/wiki/File:MCB_dan_Power_Supply_5_VDC,_24_VDC_serta_terminal_konektor.jpg",https://upload.wikimedia.org/wikipedia/commons/c/c4/MCB_dan_Power_Supply_5_VDC%2C_24_VDC_serta_terminal_konektor.jpg?utm_source=commons.wikimedia.org&utm_campaign=imageinfo&utm_content=original,CC BY-SA 4.0,,https://creativecommons.org/licenses/by-sa/4.0,Angga Panca Alam Anugrah,,Angga Panca Alam Anugrah,commons:Angga Panca Alam Anugrah,b65c927bfade8a9c44aa761b2bec5def0fade2a1,720,1280,Category:Fuse boxes with DIN rail
images/breaker_panel/commons_15941212.jpg,breaker_panel,,val,labeled,2,commons,15941212,File:Electricity meter with circuit breakers.JPG,https://commons.wikimedia.org/wiki/File:Electricity_meter_with_circuit_breakers.JPG,https://upload.wikimedia.org/wikipedia/commons/5/50/Electricity_meter_with_circuit_breakers.JPG?utm_source=commons.wikimedia.org&utm_campaign=imageinfo&utm_content=original,CC BY-SA 3.0,,https://creativecommons.org/licenses/by-sa/3.0,Dmitry G,,Dmitry G,commons:Dmitry G,b64ebc6628aa982c4d1f9d9bb664e06ab70f28c4,960,1280,Category:Fuse boxes with DIN rail
images/breaker_panel/commons_16508571.jpg,breaker_panel,,train,labeled,1,commons,16508571,File:Stromkasten mit Hochhausmotiv in der Altstadt von Lüneburg.jpg,https://commons.wikimedia.org/wiki/File:Stromkasten_mit_Hochhausmotiv_in_der_Altstadt_von_L%C3%BCneburg.jpg,https://upload.wikimedia.org/wikipedia/commons/8/8a/Stromkasten_mit_Hochhausmotiv_in_der_Altstadt_von_L%C3%BCneburg.jpg?utm_source=commons.wikimedia.org&utm_campaign=imageinfo&utm_content=original,CC BY-SA 3.0,,https://creativecommons.org/licenses/by-sa/3.0,B.Wolk,,B.Wolk,commons:B.Wolk,d52d7deda4e3f21b25567a8f48dd40126dc1c582,960,1280,Category:Distribution boards in Germany
images/breaker_panel/commons_165595733.jpg,breaker_panel,,,unlabeled,0,commons,165595733,File:2025 Sicherungskasten 2 DDR.jpg,https://commons.wikimedia.org/wiki/File:2025_Sicherungskasten_2_DDR.jpg,https://upload.wikimedia.org/wikipedia/commons/4/41/2025_Sicherungskasten_2_DDR.jpg?utm_source=commons.wikimedia.org&utm_campaign=imageinfo&utm_content=original,CC BY 4.0,,https://creativecommons.org/licenses/by/4.0,Restemarkt,,Restemarkt,commons:Restemarkt,85b863bdba5cbed46e50196593922c5f39844653,1280,821,Category:Distribution boards in Germany
images/breaker_panel/commons_165595735.jpg,breaker_panel,,train,labeled,1,commons,165595735,File:2025 Elektroverteilerkasten 1 DDR.jpg,https://commons.wikimedia.org/wiki/File:2025_Elektroverteilerkasten_1_DDR.jpg,https://upload.wikimedia.org/wikipedia/commons/0/0a/2025_Elektroverteilerkasten_1_DDR.jpg?utm_source=commons.wikimedia.org&utm_campaign=imageinfo&utm_content=original,CC BY 4.0,,https://creativecommons.org/licenses/by/4.0,Restemarkt,,Restemarkt,commons:Restemarkt,f816b244eb9bce22fd277e314d8e4a7636968119,1280,721,Category:Distribution boards in Germany
images/breaker_panel/commons_165595741.jpg,breaker_panel,,train,labeled,4,commons,165595741,File:2025 Sicherungskasten 1 DDR.jpg,https://commons.wikimedia.org/wiki/File:2025_Sicherungskasten_1_DDR.jpg,https://upload.wikimedia.org/wikipedia/commons/6/64/2025_Sicherungskasten_1_DDR.jpg?utm_source=commons.wikimedia.org&utm_campaign=imageinfo&utm_content=original,CC BY 4.0,,https://creativecommons.org/licenses/by/4.0,Restemarkt,,Restemarkt,commons:Restemarkt,df55d83576c471802ddb9165b6eef2ec01d01d3e,1280,988,Category:Distribution boards in Germany
images/breaker_panel/commons_165595770.jpg,breaker_panel,,train,labeled,1,commons,165595770,File:2025 Elektroverteilerkasten 2a DDR.jpg,https://commons.wikimedia.org/wiki/File:2025_Elektroverteilerkasten_2a_DDR.jpg,https://upload.wikimedia.org/wikipedia/commons/9/92/2025_Elektroverteilerkasten_2a_DDR.jpg?utm_source=commons.wikimedia.org&utm_campaign=imageinfo&utm_content=original,CC BY 4.0,,https://creativecommons.org/licenses/by/4.0,Restemarkt,,Restemarkt,commons:Restemarkt,d1392ca2daede6c79461967e49a78415ef1a6a25,1280,1051,Category:Distribution boards in Germany
images/breaker_panel/commons_165595776.jpg,breaker_panel,,,unlabeled,0,commons,165595776,File:2025 Elektroverteilerkasten 2b DDR.jpg,https://commons.wikimedia.org/wiki/File:2025_Elektroverteilerkasten_2b_DDR.jpg,https://upload.wikimedia.org/wikipedia/commons/6/6c/2025_Elektroverteilerkasten_2b_DDR.jpg?utm_source=commons.wikimedia.org&utm_campaign=imageinfo&utm_content=original,CC BY 4.0,,https://creativecommons.org/licenses/by/4.0,Restemarkt,,Restemarkt,commons:Restemarkt,636368b71f4fee8092461b90e3eab06900a4c5ab,1280,1002,Category:Distribution boards in Germany
images/breaker_panel/commons_17142741.jpg,breaker_panel,,val,labeled,1,commons,17142741,File:Schneider fuse box (disassembled).JPG,https://commons.wikimedia.org/wiki/File:Schneider_fuse_box_(disassembled).JPG,https://upload.wikimedia.org/wikipedia/commons/7/7e/Schneider_fuse_box_%28disassembled%29.JPG?utm_source=commons.wikimedia.org&utm_campaign=imageinfo&utm_content=original,CC BY-SA 3.0,,https://creativecommons.org/licenses/by-sa/3.0,Dmitry G,,Dmitry G,commons:Dmitry G,7f1f6f97fa9724c137da15e12582e71d69d21236,1280,960,Category:Fuse boxes with DIN rail
images/breaker_panel/commons_17142782.jpg,breaker_panel,,val,labeled,1,commons,17142782,File:Linnamäe 37 - fuse box fixing to wall surface.JPG,https://commons.wikimedia.org/wiki/File:Linnam%C3%A4e_37_-_fuse_box_fixing_to_wall_surface.JPG,https://upload.wikimedia.org/wikipedia/commons/d/de/Linnam%C3%A4e_37_-_fuse_box_fixing_to_wall_surface.JPG?utm_source=commons.wikimedia.org&utm_campaign=imageinfo&utm_content=original,CC BY-SA 3.0,,https://creativecommons.org/licenses/by-sa/3.0,Dmitry G,,Dmitry G,commons:Dmitry G,e5f1d8327565a6041e94f68be36b8106b82ecf9e,1280,960,Category:Fuse boxes with DIN rail
images/breaker_panel/commons_17154744.jpg,breaker_panel,,val,labeled,1,commons,17154744,File:Linnamäe 37 - fuse box wiring process.JPG,https://commons.wikimedia.org/wiki/File:Linnam%C3%A4e_37_-_fuse_box_wiring_process.JPG,https://upload.wikimedia.org/wikipedia/commons/6/60/Linnam%C3%A4e_37_-_fuse_box_wiring_process.JPG?utm_source=commons.wikimedia.org&utm_campaign=imageinfo&utm_content=original,CC BY-SA 3.0,,https://creativecommons.org/licenses/by-sa/3.0,Dmitry G,,Dmitry G,commons:Dmitry G,25e9d00a6944d50046dbc8676a3dec03fed7fa45,1280,960,Category:Fuse boxes with DIN rail
images/breaker_panel/commons_17154754.jpg,breaker_panel,,val,labeled,1,commons,17154754,File:Linnamäe 37 - fuse box is wired.JPG,https://commons.wikimedia.org/wiki/File:Linnam%C3%A4e_37_-_fuse_box_is_wired.JPG,https://upload.wikimedia.org/wikipedia/commons/7/7d/Linnam%C3%A4e_37_-_fuse_box_is_wired.JPG?utm_source=commons.wikimedia.org&utm_campaign=imageinfo&utm_content=original,CC BY-SA 3.0,,https://creativecommons.org/licenses/by-sa/3.0,Dmitry G,,Dmitry G,commons:Dmitry G,b3d99286d2579901497cc8287aae7e200c8a443c,1280,960,Category:Fuse boxes with DIN rail
images/breaker_panel/commons_17154816.jpg,breaker_panel,,val,labeled,1,commons,17154816,File:Linnamäe 37 - fuse box in 1-room apartment.JPG,https://commons.wikimedia.org/wiki/File:Linnam%C3%A4e_37_-_fuse_box_in_1-room_apartment.JPG,https://upload.wikimedia.org/wikipedia/commons/d/d5/Linnam%C3%A4e_37_-_fuse_box_in_1-room_apartment.JPG?utm_source=commons.wikimedia.org&utm_campaign=imageinfo&utm_content=original,CC BY-SA 3.0,,https://creativecommons.org/licenses/by-sa/3.0,Dmitry G,,Dmitry G,commons:Dmitry G,91d4ad5edf5016fb042854b813f74074153a2b71,1280,721,Category:Fuse boxes with DIN rail
images/breaker_panel/commons_17154968.jpg,breaker_panel,,val,labeled,6,commons,17154968,File:How to install the fuse box (in Europe).JPG,https://commons.wikimedia.org/wiki/File:How_to_install_the_fuse_box_(in_Europe).JPG,https://upload.wikimedia.org/wikipedia/commons/6/63/How_to_install_the_fuse_box_%28in_Europe%29.JPG?utm_source=commons.wikimedia.org&utm_campaign=imageinfo&utm_content=original,CC BY-SA 3.0,,https://creativecommons.org/licenses/by-sa/3.0,Dmitry G,,Dmitry G,commons:Dmitry G,178d7bc7fe631ded42e2648f19d82999bba6829e,960,1262,Category:Fuse boxes with DIN rail
images/breaker_panel/commons_173226752.jpg,breaker_panel,,val,labeled,1,commons,173226752,File:Sicherungskasten ohne Schmelzsicherungen und Zähler.jpg,https://commons.wikimedia.org/wiki/File:Sicherungskasten_ohne_Schmelzsicherungen_und_Z%C3%A4hler.jpg,https://upload.wikimedia.org/wikipedia/commons/c/c6/Sicherungskasten_ohne_Schmelzsicherungen_und_Z%C3%A4hler.jpg?utm_source=commons.wikimedia.org&utm_campaign=imageinfo&utm_content=original,CC BY 4.0,,https://creativecommons.org/licenses/by/4.0,Rergeshhheim,,Rergeshhheim,commons:Rergeshhheim,76c023a5bfc49f66ced221f1c4ab06680e0cde6c,651,1280,Category:Distribution boards in Germany
images/breaker_panel/commons_17323702.jpg,breaker_panel,,train,labeled,1,commons,17323702,File:Mennekes-switchbox hg.jpg,https://commons.wikimedia.org/wiki/File:Mennekes-switchbox_hg.jpg,https://upload.wikimedia.org/wikipedia/commons/f/f7/Mennekes-switchbox_hg.jpg?utm_source=commons.wikimedia.org&utm_campaign=imageinfo&utm_content=original,CC BY-SA 3.0,,https://creativecommons.org/licenses/by-sa/3.0,Hgrobe,,Hgrobe,commons:Hgrobe,2101de3135a3a4bb9c50f73eae2aa2cb03d1f4b8,960,1026,Category:Fuse boxes with DIN rail
images/breaker_panel/commons_1742260.jpg,breaker_panel,,train,labeled,1,commons,1742260,File:Verteilungwohnung.jpg,https://commons.wikimedia.org/wiki/File:Verteilungwohnung.jpg,https://upload.wikimedia.org/wikipedia/commons/7/7d/Verteilungwohnung.jpg?utm_source=commons.wikimedia.org&utm_campaign=imageinfo&utm_content=original,CC BY 2.5,,https://creativecommons.org/licenses/by/2.5,O.Brill,,Oli82~commonswiki,commons:Oli82~commonswiki,e6bb149fe7f37655458551d524b7a3476b1fe13b,1280,960,Category:Fuse boxes with DIN rail
images/breaker_panel/commons_175915481.jpg,breaker_panel,,train,labeled,1,commons,175915481,File:Quadro elettrico palestra ITC Salvatore Satta (giugno 2015).jpg,https://commons.wikimedia.org/wiki/File:Quadro_elettrico_palestra_ITC_Salvatore_Satta_(giugno_2015).jpg,https://upload.wikimedia.org/wikipedia/commons/d/d3/Quadro_elettrico_palestra_ITC_Salvatore_Satta_%28giugno_2015%29.jpg?utm_source=commons.wikimedia.org&utm_campaign=imageinfo&utm_content=original,CC0,,http://creativecommons.org/publicdomain/zero/1.0/deed.en,Air fans,,Air fans,commons:Air fans,cb0b86d6617bdb088605ca4d47a9a6a28f4661a8,960,1280,Category:Fuse boxes with DIN rail
images/breaker_panel/commons_175915482.jpg,breaker_panel,,train,labeled,1,commons,175915482,File:Quadro elettrico auditorium ITC Salvatore Satta (maggio 2015).jpg,https://commons.wikimedia.org/wiki/File:Quadro_elettrico_auditorium_ITC_Salvatore_Satta_(maggio_2015).jpg,https://upload.wikimedia.org/wikipedia/commons/a/ab/Quadro_elettrico_auditorium_ITC_Salvatore_Satta_%28maggio_2015%29.jpg?utm_source=commons.wikimedia.org&utm_campaign=imageinfo&utm_content=original,CC0,,http://creativecommons.org/publicdomain/zero/1.0/deed.en,Air fans,,Air fans,commons:Air fans,5eaa9a0dae36a0a4dfbacf3d9ce15f4d8a024f9b,960,1280,Category:Fuse boxes with DIN rail
images/breaker_panel/commons_17647976.jpg,breaker_panel,,train,labeled,3,commons,17647976,File:Flexible insulated laminated busbars 'ISOFLEXX'.jpg,https://commons.wikimedia.org/wiki/File:Flexible_insulated_laminated_busbars_%27ISOFLEXX%27.jpg,https://upload.wikimedia.org/wikipedia/commons/b/b2/Flexible_insulated_laminated_busbars_%27ISOFLEXX%27.jpg?utm_source=commons.wikimedia.org&utm_campaign=imageinfo&utm_content=original,Public domain,,,ANKAWÜ at German Wikipedia,,OgreBot,commons:OgreBot,4700c0f8df256247019d8e490dacdd0941b80dc0,1280,960,Category:Fuse boxes with DIN rail
images/breaker_panel/commons_17673136.jpg,breaker_panel,,val,labeled,1,commons,17673136,"File:Upgraded fuse box in old Soviet apartment house, built in 1958.JPG","https://commons.wikimedia.org/wiki/File:Upgraded_fuse_box_in_old_Soviet_apartment_house,_built_in_1958.JPG",https://upload.wikimedia.org/wikipedia/commons/2/26/Upgraded_fuse_box_in_old_Soviet_apartment_house%2C_built_in_1958.JPG?utm_source=commons.wikimedia.org&utm_campaign=imageinfo&utm_content=original,CC BY-SA 3.0,,https://creativecommons.org/licenses/by-sa/3.0,Dmitry G,,Dmitry G,commons:Dmitry G,418158af8a21e65afec95fb2fd04c986e9c6458c,1280,960,Category:Fuse boxes with DIN rail
images/breaker_panel/commons_18209340.jpg,breaker_panel,,val,labeled,1,commons,18209340,File:Hauptverteiler200 A.jpg,https://commons.wikimedia.org/wiki/File:Hauptverteiler200_A.jpg,https://upload.wikimedia.org/wikipedia/commons/b/b9/Hauptverteiler200_A.jpg?utm_source=commons.wikimedia.org&utm_campaign=imageinfo&utm_content=original,CC BY-SA 3.0,,http://creativecommons.org/licenses/by-sa/3.0/,Red hat at German Wikipedia,,Upload Bot (Rich Smith),commons:Upload Bot (Rich Smith),2e76bfd385d6d520069d7534fe19feda778c6c62,1280,960,Category:Main distribution boards
images/breaker_panel/commons_18339754.jpg,breaker_panel,,val,labeled,2,commons,18339754,File:Kivila 11 - preparation for assembling fuse box.JPG,https://commons.wikimedia.org/wiki/File:Kivila_11_-_preparation_for_assembling_fuse_box.JPG,https://upload.wikimedia.org/wikipedia/commons/5/50/Kivila_11_-_preparation_for_assembling_fuse_box.JPG?utm_source=commons.wikimedia.org&utm_campaign=imageinfo&utm_content=original,CC BY-SA 3.0,,https://creativecommons.org/licenses/by-sa/3.0,Dmitry G,,Dmitry G,commons:Dmitry G,e34964ae3fa24199af79d53bc9cc8069f2118ece,1280,960,Category:Fuse boxes with DIN rail
images/breaker_panel/commons_18339808.jpg,breaker_panel,,val,labeled,1,commons,18339808,File:Kivila 11 - breakers on DIN rail.JPG,https://commons.wikimedia.org/wiki/File:Kivila_11_-_breakers_on_DIN_rail.JPG,https://upload.wikimedia.org/wikipedia/commons/1/1a/Kivila_11_-_breakers_on_DIN_rail.JPG?utm_source=commons.wikimedia.org&utm_campaign=imageinfo&utm_content=original,CC BY-SA 3.0,,https://creativecommons.org/licenses/by-sa/3.0,Dmitry G,,Dmitry G,commons:Dmitry G,a3bc593050e418285863fcebccc374922b239292,1280,960,Category:Fuse boxes with DIN rail
images/breaker_panel/commons_18339825.jpg,breaker_panel,,val,labeled,1,commons,18339825,File:Kivila 11 - fuse box is wired.JPG,https://commons.wikimedia.org/wiki/File:Kivila_11_-_fuse_box_is_wired.JPG,https://upload.wikimedia.org/wikipedia/commons/d/d2/Kivila_11_-_fuse_box_is_wired.JPG?utm_source=commons.wikimedia.org&utm_campaign=imageinfo&utm_content=original,CC BY-SA 3.0,,https://creativecommons.org/licenses/by-sa/3.0,Dmitry G,,Dmitry G,commons:Dmitry G,dd58c26c16b1b22f8e4ec1689c686085fecb8aa7,1280,960,Category:Fuse boxes with DIN rail
images/breaker_panel/commons_18339848.jpg,breaker_panel,,val,labeled,2,commons,18339848,File:Kivila 11 - fuse box is attached to the wall.JPG,https://commons.wikimedia.org/wiki/File:Kivila_11_-_fuse_box_is_attached_to_the_wall.JPG,https://upload.wikimedia.org/wikipedia/commons/5/54/Kivila_11_-_fuse_box_is_attached_to_the_wall.JPG?utm_source=commons.wikimedia.org&utm_campaign=imageinfo&utm_content=original,CC BY-SA 3.0,,https://creativecommons.org/licenses/by-sa/3.0,Dmitry G,,Dmitry G,commons:Dmitry G,3b79d2970520249a9f27ab1090c73b98ceb3efb9,1280,960,Category:Fuse boxes with DIN rail
images/breaker_panel/commons_18339867.jpg,breaker_panel,,val,labeled,1,commons,18339867,File:Kivila 11 - all circuits are connected.JPG,https://commons.wikimedia.org/wiki/File:Kivila_11_-_all_circuits_are_connected.JPG,https://upload.wikimedia.org/wikipedia/commons/f/ff/Kivila_11_-_all_circuits_are_connected.JPG?utm_source=commons.wikimedia.org&utm_campaign=imageinfo&utm_content=original,CC BY-SA 3.0,,https://creativecommons.org/licenses/by-sa/3.0,Dmitry G,,Dmitry G,commons:Dmitry G,e903281abb35fbbf249b311ba04be054669d70e6,1280,960,Category:Fuse boxes with DIN rail
images/breaker_panel/commons_18339899.jpg,breaker_panel,,val,labeled,1,commons,18339899,File:Kivila 11 - fuse box is ready for connection to AC grid.JPG,https://commons.wikimedia.org/wiki/File:Kivila_11_-_fuse_box_is_ready_for_connection_to_AC_grid.JPG,https://upload.wikimedia.org/wikipedia/commons/5/5d/Kivila_11_-_fuse_box_is_ready_for_connection_to_AC_grid.JPG?utm_source=commons.wikimedia.org&utm_campaign=imageinfo&utm_content=original,CC BY-SA 3.0,,https://creativecommons.org/licenses/by-sa/3.0,Dmitry G,,Dmitry G,commons:Dmitry G,efaf364e363712caa63018354f67063338d2cf2a,960,1280,Category:Fuse boxes with DIN rail
images/breaker_panel/commons_18435216.jpg,breaker_panel,,train,labeled,1,commons,18435216,File:Grüner Stromkasten in Schreventeich.jpg,https://commons.wikimedia.org/wiki/File:Gr%C3%BCner_Stromkasten_in_Schreventeich.jpg,https://upload.wikimedia.org/wikipedia/commons/5/5f/Gr%C3%BCner_Stromkasten_in_Schreventeich.jpg?utm_source=commons.wikimedia.org&utm_campaign=imageinfo&utm_content=original,CC BY-SA 3.0,,https://creativecommons.org/licenses/by-sa/3.0,Christian Alexander Tietgen,,Elendsredder,commons:Elendsredder,b87cb9e84bbcd1bc2a9d49a98490b637d40f86c9,1280,960,Category:Distribution boards in Germany
images/breaker_panel/commons_185788896.jpg,breaker_panel,,train,labeled,1,commons,185788896,File:Quadro elettrico BTicino.jpg,https://commons.wikimedia.org/wiki/File:Quadro_elettrico_BTicino.jpg,https://upload.wikimedia.org/wikipedia/commons/4/4d/Quadro_elettrico_BTicino.jpg?utm_source=commons.wikimedia.org&utm_campaign=imageinfo&utm_content=original,CC0,,http://creativecommons.org/publicdomain/zero/1.0/deed.en,Air fans,,Air fans,commons:Air fans,02c0f49528eb87a256adf4a4252a0c585768eb91,960,1280,Category:Fuse boxes with DIN rail
images/breaker_panel/commons_18649568.jpg,breaker_panel,,train,labeled,1,commons,18649568,File:An electricity meter.jpg,https://commons.wikimedia.org/wiki/File:An_electricity_meter.jpg,https://upload.wikimedia.org/wikipedia/commons/a/ad/An_electricity_meter.jpg?utm_source=commons.wikimedia.org&utm_campaign=imageinfo&utm_content=original,CC BY-SA 3.0,,https://creativecommons.org/licenses/by-sa/3.0,W457137120,,W457137120,commons:W457137120,4a11e4ea0df922817467bee5158abaae2e2c30ab,701,931,Category:Fuse boxes with DIN rail
images/breaker_panel/commons_19657724.jpg,breaker_panel,,val,labeled,1,commons,19657724,File:Wiring in mansion =)))))).JPG,https://commons.wikimedia.org/wiki/File:Wiring_in_mansion_%3D)))))).JPG,https://upload.wikimedia.org/wikipedia/commons/e/ef/Wiring_in_mansion_%3D%29%29%29%29%29%29.JPG?utm_source=commons.wikimedia.org&utm_campaign=imageinfo&utm_content=original,CC BY-SA 3.0,,https://creativecommons.org/licenses/by-sa/3.0,Dmitry G,,Dmitry G,commons:Dmitry G,c7e542336902c94354d8a390b3cacb1135a49c17,960,1280,Category:Fuse boxes with DIN rail
images/breaker_panel/commons_19657783.jpg,breaker_panel,,val,labeled,2,commons,19657783,File:Griping in heating control centre.JPG,https://commons.wikimedia.org/wiki/File:Griping_in_heating_control_centre.JPG,https://upload.wikimedia.org/wikipedia/commons/0/0d/Griping_in_heating_control_centre.JPG?utm_source=commons.wikimedia.org&utm_campaign=imageinfo&utm_content=original,CC BY-SA 3.0,,https://creativecommons.org/licenses/by-sa/3.0,Dmitry G,,Dmitry G,commons:Dmitry G,6fb09161662d52762d111f16cf2a41d0d5575279,960,1280,Category:Fuse boxes with DIN rail
images/breaker_panel/commons_19657910.jpg,breaker_panel,,val,labeled,1,commons,19657910,File:Fuse box in WC =)))).JPG,https://commons.wikimedia.org/wiki/File:Fuse_box_in_WC_%3D)))).JPG,https://upload.wikimedia.org/wikipedia/commons/e/e8/Fuse_box_in_WC_%3D%29%29%29%29.JPG?utm_source=commons.wikimedia.org&utm_campaign=imageinfo&utm_content=original,CC BY-SA 3.0,,https://creativecommons.org/licenses/by-sa/3.0,Dmitry G,,Dmitry G,commons:Dmitry G,4b84f02c425d342fce5ca2cd426cb42a7e405c6f,960,1280,Category:Fuse boxes with DIN rail
images/breaker_panel/commons_19677969.jpg,breaker_panel,,val,labeled,1,commons,19677969,File:New circuit added.JPG,https://commons.wikimedia.org/wiki/File:New_circuit_added.JPG,https://upload.wikimedia.org/wikipedia/commons/e/e5/New_circuit_added.JPG?utm_source=commons.wikimedia.org&utm_campaign=imageinfo&utm_content=original,CC BY-SA 3.0,,https://creativecommons.org/licenses/by-sa/3.0,Dmitry G,,Dmitry G,commons:Dmitry G,d384e09fd61ae6d37692c8ab41eef94087b1e096,1280,960,Category:Fuse boxes with DIN rail
images/breaker_panel/commons_19799112.jpg,breaker_panel,,train,labeled,2,commons,19799112,File:CEE Wandverteilung mit Schutzschalter 2012 05 12.jpg,https://commons.wikimedia.org/wiki/File:CEE_Wandverteilung_mit_Schutzschalter_2012_05_12.jpg,https://upload.wikimedia.org/wikipedia/commons/2/2f/CEE_Wandverteilung_mit_Schutzschalter_2012_05_12.jpg?utm_source=commons.wikimedia.org&utm_campaign=imageinfo&utm_content=original,CC BY-SA 3.0,,https://creativecommons.org/licenses/by-sa/3.0,Bahntech,,Bahntech,commons:Bahntech,bc83ff1d49652e42f50593b47eb98ce3446b58f9,960,1280,Category:Fuse boxes with DIN rail
images/breaker_panel/commons_20502125.jpg,breaker_panel,,val,labeled,1,commons,20502125,File:Nice wired fuse box.JPG,https://commons.wikimedia.org/wiki/File:Nice_wired_fuse_box.JPG,https://upload.wikimedia.org/wikipedia/commons/a/ae/Nice_wired_fuse_box.JPG?utm_source=commons.wikimedia.org&utm_campaign=imageinfo&utm_content=original,CC BY-SA 3.0,,https://creativecommons.org/licenses/by-sa/3.0,Dmitry G,,Dmitry G,commons:Dmitry G,2902f90d87fdf3e451b5a7266b3a4f8593bac587,960,1280,Category:Fuse boxes with DIN rail
images/breaker_panel/commons_21278990.jpg,breaker_panel,,val,labeled,4,commons,21278990,File:Budget refurbishing of fuse box.JPG,https://commons.wikimedia.org/wiki/File:Budget_refurbishing_of_fuse_box.JPG,https://upload.wikimedia.org/wikipedia/commons/d/df/Budget_refurbishing_of_fuse_box.JPG?utm_source=commons.wikimedia.org&utm_campaign=imageinfo&utm_content=original,CC BY-SA 3.0,,https://creativecommons.org/licenses/by-sa/3.0,Dmitry G,,Dmitry G,commons:Dmitry G,f1ad65b532a99ece7aa9660257f4243196e82ca9,960,1279,Category:Fuse boxes with DIN rail
images/breaker_panel/commons_21323588.jpg,breaker_panel,,train,labeled,1,commons,21323588,File:RTR512.jpg,https://commons.wikimedia.org/wiki/File:RTR512.jpg,https://upload.wikimedia.org/wikipedia/commons/4/46/RTR512.jpg?utm_source=commons.wikimedia.org&utm_campaign=imageinfo&utm_content=original,CC BY-SA 3.0,,https://creativecommons.org/licenses/by-sa/3.0,Sat-Electric,,Sat-Electric,commons:Sat-Electric,0ff75ccce0ef3f3ad01783378a4173a8d77c8ae7,481,523,Category:Fuse boxes with DIN rail
images/breaker_panel/commons_21422193.jpg,breaker_panel,,train,labeled,8,commons,21422193,File:Rozdzielnica szafkowa.jpg,https://commons.wikimedia.org/wiki/File:Rozdzielnica_szafkowa.jpg,https://upload.wikimedia.org/wikipedia/commons/4/44/Rozdzielnica_szafkowa.jpg?utm_source=commons.wikimedia.org&utm_campaign=imageinfo&utm_content=original,CC0,,http://creativecommons.org/publicdomain/zero/1.0/deed.en,Koefbac,,Rotatebot,commons:Rotatebot,334063db8ca5b650985288b49ed95381470c8806,960,1280,Category:Fuse boxes with DIN rail
images/breaker_panel/commons_23266157.jpg,breaker_panel,,train,labeled,2,commons,23266157,File:Cuadro acometida quemado.jpg,https://commons.wikimedia.org/wiki/File:Cuadro_acometida_quemado.jpg,https://upload.wikimedia.org/wikipedia/commons/e/e7/Cuadro_acometida_quemado.jpg?utm_source=commons.wikimedia.org&utm_campaign=imageinfo&utm_content=original,CC BY-SA 3.0,,https://creativecommons.org/licenses/by-sa/3.0,Fmcontinentesa,,Fmcontinentesa,commons:Fmcontinentesa,7b9382620ce3730a7c7d5b3c6a7c073207dd0add,1280,960,Category:Fuse boxes with DIN rail
images/breaker_panel/commons_23266158.jpg,breaker_panel,,train,labeled,1,commons,23266158,File:Vista localizada de la posición donde estaba el conmutador..jpg,https://commons.wikimedia.org/wiki/File:Vista_localizada_de_la_posici%C3%B3n_donde_estaba_el_conmutador..jpg,https://upload.wikimedia.org/wikipedia/commons/5/5c/Vista_localizada_de_la_posici%C3%B3n_donde_estaba_el_conmutador..jpg?utm_source=commons.wikimedia.org&utm_campaign=imageinfo&utm_content=original,CC BY-SA 3.0,,https://creativecommons.org/licenses/by-sa/3.0,Fmcontinentesa,,Fmcontinentesa,commons:Fmcontinentesa,8d303891dcd260204b08d693c9d1ad817a55e7da,960,1280,Category:Fuse boxes with DIN rail
images/breaker_panel/commons_23313088.jpg,breaker_panel,,train,labeled,7,commons,23313088,"File:Interieur, souterrain, meterkast - Amerongen - 20001470 - RCE.jpg","https://commons.wikimedia.org/wiki/File:Interieur,_souterrain,_meterkast_-_Amerongen_-_20001470_-_RCE.jpg",https://upload.wikimedia.org/wikipedia/commons/3/3e/Interieur%2C_souterrain%2C_meterkast_-_Amerongen_-_20001470_-_RCE.jpg?utm_source=commons.wikimedia.org&utm_campaign=imageinfo&utm_content=original,CC BY-SA 4.0,,https://creativecommons.org/licenses/by-sa/4.0,Gerard Dukker,,Mr.Nostalgic,commons:Mr.Nostalgic,8427639880f9f3f72a4c16275d25509290c74170,960,970,Category:Distribution boards in the Netherlands
images/breaker_panel/commons_24258159.jpg,breaker_panel,,train,labeled,3,commons,24258159,"File:Interieur, zicht op meterkast op de eerste verdieping - Maastricht - 20532223 - RCE.jpg","https://commons.wikimedia.org/wiki/File:Interieur,_zicht_op_meterkast_op_de_eerste_verdieping_-_Maastricht_-_20532223_-_RCE.jpg",https://upload.wikimedia.org/wikipedia/commons/2/21/Interieur%2C_zicht_op_meterkast_op_de_eerste_verdieping_-_Maastricht_-_20532223_-_RCE.jpg?utm_source=commons.wikimedia.org&utm_campaign=imageinfo&utm_content=original,CC BY-SA 4.0,,https://creativecommons.org/licenses/by-sa/4.0,Sergé Technau,,Mr.Nostalgic,commons:Mr.Nostalgic,c1150601d176d00be4bece50b5df94dfe169081a,1280,853,Category:Distribution boards in the Netherlands
images/breaker_panel/commons_24258182.jpg,breaker_panel,,train,labeled,1,commons,24258182,"File:Interieur, zicht op de meterkast in de kelder - Maastricht - 20532240 - RCE.jpg","https://commons.wikimedia.org/wiki/File:Interieur,_zicht_op_de_meterkast_in_de_kelder_-_Maastricht_-_20532240_-_RCE.jpg",https://upload.wikimedia.org/wikipedia/commons/e/e7/Interieur%2C_zicht_op_de_meterkast_in_de_kelder_-_Maastricht_-_20532240_-_RCE.jpg?utm_source=commons.wikimedia.org&utm_campaign=imageinfo&utm_content=original,CC BY-SA 4.0,,https://creativecommons.org/licenses/by-sa/4.0,Sergé Technau,,Mr.Nostalgic,commons:Mr.Nostalgic,6cdbf7520aaf7f01357360e0cda642f51828019d,853,1280,Category:Distribution boards in the Netherlands
images/breaker_panel/commons_26069777.jpg,breaker_panel,,train,labeled,1,commons,26069777,File:Feuchtraum-Aufputzverteilung.JPG,https://commons.wikimedia.org/wiki/File:Feuchtraum-Aufputzverteilung.JPG,https://upload.wikimedia.org/wikipedia/commons/5/58/Feuchtraum-Aufputzverteilung.JPG?utm_source=commons.wikimedia.org&utm_campaign=imageinfo&utm_content=original,CC BY-SA 3.0,,https://creativecommons.org/licenses/by-sa/3.0,darkmatta,,Darkmatta,commons:Darkmatta,a073239d5826e641d5b89511c1b1eeb7209a9df4,853,1280,Category:Fuse boxes with DIN rail
images/breaker_panel/commons_26616941.jpg,breaker_panel,,val,labeled,6,commons,26616941,File:Fuse box 36M with electrcity meter.JPG,https://commons.wikimedia.org/wiki/File:Fuse_box_36M_with_electrcity_meter.JPG,https://upload.wikimedia.org/wikipedia/commons/c/ca/Fuse_box_36M_with_electrcity_meter.JPG?utm_source=commons.wikimedia.org&utm_campaign=imageinfo&utm_content=original,CC BY-SA 3.0,,https://creativecommons.org/licenses/by-sa/3.0,designed and assembled by Dmitry G,,Dmitry G,commons:Dmitry G,5f4df447a698d352159d650e4ff69cabd0437cde,960,1279,Category:Fuse boxes with DIN rail
images/breaker_panel/commons_26683727.jpg,breaker_panel,,val,labeled,5,commons,26683727,File:Fuse box during installation.JPG,https://commons.wikimedia.org/wiki/File:Fuse_box_during_installation.JPG,https://upload.wikimedia.org/wikipedia/commons/1/1e/Fuse_box_during_installation.JPG?utm_source=commons.wikimedia.org&utm_campaign=imageinfo&utm_content=original,CC BY-SA 3.0,,https://creativecommons.org/licenses/by-sa/3.0,Dmitry G,,Dmitry G,commons:Dmitry G,4ad753dba8ba3c70a8777494b47f21552a258493,722,1280,Category:Fuse boxes with DIN rail
images/breaker_panel/commons_26684036.jpg,breaker_panel,,val,labeled,15,commons,26684036,File:How to make box.JPG,https://commons.wikimedia.org/wiki/File:How_to_make_box.JPG,https://upload.wikimedia.org/wikipedia/commons/1/15/How_to_make_box.JPG?utm_source=commons.wikimedia.org&utm_campaign=imageinfo&utm_content=original,CC BY-SA 3.0,,https://creativecommons.org/licenses/by-sa/3.0,Dmitry G,,Dmitry G,commons:Dmitry G,3cb743f0744f848ea8292176ecad96285c263a4a,1280,973,Category:Fuse boxes with DIN rail
images/breaker_panel/commons_26751071.jpg,breaker_panel,,val,labeled,1,commons,26751071,File:Paekaare 24 - temporary fuse box.JPG,https://commons.wikimedia.org/wiki/File:Paekaare_24_-_temporary_fuse_box.JPG,https://upload.wikimedia.org/wikipedia/commons/3/30/Paekaare_24_-_temporary_fuse_box.JPG?utm_source=commons.wikimedia.org&utm_campaign=imageinfo&utm_content=original,CC BY-SA 3.0,,https://creativecommons.org/licenses/by-sa/3.0,Dmitry G,,Dmitry G,commons:Dmitry G,952d4ff2b9ee9e24eca8025655a54c0057641f0b,960,1280,Category:Fuse boxes with DIN rail
images/breaker_panel/commons_26814576.jpg,breaker_panel,,val,labeled,1,commons,26814576,File:Paekaare 24 - fuse box.JPG,https://commons.wikimedia.org/wiki/File:Paekaare_24_-_fuse_box.JPG,https://upload.wikimedia.org/wikipedia/commons/f/f7/Paekaare_24_-_fuse_box.JPG?utm_source=commons.wikimedia.org&utm_campaign=imageinfo&utm_content=original,CC BY-SA 3.0,,https://creativecommons.org/licenses/by-sa/3.0,designed and assembled by Dmitry G,,Dmitry G,commons:Dmitry G,8d682ab5a6086ae32f0d536e766f228d7147c7c8,722,1280,Category:Fuse boxes with DIN rail
images/breaker_panel/commons_27274162.jpg,breaker_panel,,val,labeled,5,commons,27274162,File:Electricity meters in old USSR building.JPG,https://commons.wikimedia.org/wiki/File:Electricity_meters_in_old_USSR_building.JPG,https://upload.wikimedia.org/wikipedia/commons/0/00/Electricity_meters_in_old_USSR_building.JPG?utm_source=commons.wikimedia.org&utm_campaign=imageinfo&utm_content=original,CC BY-SA 3.0,,https://creativecommons.org/licenses/by-sa/3.0,Dmitry G,,Dmitry G,commons:Dmitry G,393f608fd1e6082ddf5450d538a79d96fb4943e0,1280,960,Category:Fuse boxes with DIN rail
images/breaker_panel/commons_27508947.jpg,breaker_panel,,val,labeled,3,commons,27508947,File:Kolde puiestee 100-17 fuse box.JPG,https://commons.wikimedia.org/wiki/File:Kolde_puiestee_100-17_fuse_box.JPG,https://upload.wikimedia.org/wikipedia/commons/6/6b/Kolde_puiestee_100-17_fuse_box.JPG?utm_source=commons.wikimedia.org&utm_campaign=imageinfo&utm_content=original,CC BY-SA 3.0,,https://creativecommons.org/licenses/by-sa/3.0,Dmitry G,,Dmitry G,commons:Dmitry G,dd1684e164ce2d94c2a4ff1e17ee540807ecfb33,1280,959,Category:Fuse boxes with DIN rail
images/breaker_panel/commons_27539514.jpg,breaker_panel,,val,labeled,1,commons,27539514,File:Kolde 100-17 rewiring of electricity meter.JPG,https://commons.wikimedia.org/wiki/File:Kolde_100-17_rewiring_of_electricity_meter.JPG,https://upload.wikimedia.org/wikipedia/commons/f/fd/Kolde_100-17_rewiring_of_electricity_meter.JPG?utm_source=commons.wikimedia.org&utm_campaign=imageinfo&utm_content=original,CC BY-SA 3.0,,https://creativecommons.org/licenses/by-sa/3.0,Dmitry G,,Dmitry G,commons:Dmitry G,0f2a367f44e536d011c4a8d3dd95833682749629,1280,960,Category:Fuse boxes with DIN rail
images/breaker_panel/commons_27539525.jpg,breaker_panel,,val,labeled,1,commons,27539525,File:Kolde 100-17 subpanel is rewired.JPG,https://commons.wikimedia.org/wiki/File:Kolde_100-17_subpanel_is_rewired.JPG,https://upload.wikimedia.org/wikipedia/commons/4/41/Kolde_100-17_subpanel_is_rewired.JPG?utm_source=commons.wikimedia.org&utm_campaign=imageinfo&utm_content=original,CC BY-SA 3.0,,https://creativecommons.org/licenses/by-sa/3.0,Dmitry G,,Dmitry G,commons:Dmitry G,a01e16cfc4bc4cd280fda1fa1b3ef84dcdc3ab09,1280,960,Category:Fuse boxes with DIN rail
images/breaker_panel/commons_27861940.jpg,breaker_panel,,val,labeled,1,commons,27861940,File:Punane 39 - fuse box.JPG,https://commons.wikimedia.org/wiki/File:Punane_39_-_fuse_box.JPG,https://upload.wikimedia.org/wikipedia/commons/5/5f/Punane_39_-_fuse_box.JPG?utm_source=commons.wikimedia.org&utm_campaign=imageinfo&utm_content=original,CC BY-SA 3.0,,https://creativecommons.org/licenses/by-sa/3.0,designed and assembled by Dmitry G,,Dmitry G,commons:Dmitry G,4f8288b837db148fe32f26b27b677acd39d7fe04,722,1280,Category:Fuse boxes with DIN rail
images/breaker_panel/commons_29084673.jpg,breaker_panel,,val,labeled,2,commons,29084673,File:Gonsiori 3 apartment fuse box.JPG,https://commons.wikimedia.org/wiki/File:Gonsiori_3_apartment_fuse_box.JPG,https://upload.wikimedia.org/wikipedia/commons/0/0c/Gonsiori_3_apartment_fuse_box.JPG?utm_source=commons.wikimedia.org&utm_campaign=imageinfo&utm_content=original,CC BY-SA 3.0,,https://creativecommons.org/licenses/by-sa/3.0,designed and assembled by Dmitry G,,Dmitry G,commons:Dmitry G,cdcbf844e83d98be8daa96d5880c19f4b0d1959c,722,1280,Category:Fuse boxes with DIN rail
images/breaker_panel/commons_29933998.jpg,breaker_panel,,train,labeled,3,commons,29933998,File:КРУ КСО РП 1193.jpg,https://commons.wikimedia.org/wiki/File:%D0%9A%D0%A0%D0%A3_%D0%9A%D0%A1%D0%9E_%D0%A0%D0%9F_1193.jpg,https://upload.wikimedia.org/wikipedia/commons/2/23/%D0%9A%D0%A0%D0%A3_%D0%9A%D0%A1%D0%9E_%D0%A0%D0%9F_1193.jpg?utm_source=commons.wikimedia.org&utm_campaign=imageinfo&utm_content=original,CC BY-SA 3.0,,https://creativecommons.org/licenses/by-sa/3.0,Rat88,,Rat88~commonswiki,commons:Rat88~commonswiki,5701200e127cca0d1f8d443ec290277275f759ee,1280,766,Category:Main distribution boards
images/breaker_panel/commons_30029963.jpg,breaker_panel,,train,labeled,3,commons,30029963,File:Distribuicao eletrica.jpg,https://commons.wikimedia.org/wiki/File:Distribuicao_eletrica.jpg,https://upload.wikimedia.org/wikipedia/commons/1/1d/Distribuicao_eletrica.jpg?utm_source=commons.wikimedia.org&utm_campaign=imageinfo&utm_content=original,CC BY-SA 3.0,,https://creativecommons.org/licenses/by-sa/3.0,L.E.S. Spalding,,Laís Ribeiro de Souza,commons:Laís Ribeiro de Souza,4834fc16296dfcd5f6800ad5b4edbea6bea17790,768,815,Category:Fuse boxes with DIN rail
images/breaker_panel/commons_30063809.jpg,breaker_panel,,train,labeled,2,commons,30063809,File:Шкаф 101412.jpg,https://commons.wikimedia.org/wiki/File:%D0%A8%D0%BA%D0%B0%D1%84_101412.jpg,https://upload.wikimedia.org/wikipedia/commons/6/68/%D0%A8%D0%BA%D0%B0%D1%84_101412.jpg?utm_source=commons.wikimedia.org&utm_campaign=imageinfo&utm_content=original,CC BY-SA 3.0,,https://creativecommons.org/licenses/by-sa/3.0,Mixabest,,Mixabest,commons:Mixabest,93eb304c4027d535d590c6d6ae2f7d8411a7cd3a,1280,960,Category:Fuse boxes with DIN rail
images/breaker_panel/commons_30063815.jpg,breaker_panel,,train,labeled,3,commons,30063815,File:Шкаф 101359.jpg,https://commons.wikimedia.org/wiki/File:%D0%A8%D0%BA%D0%B0%D1%84_101359.jpg,https://upload.wikimedia.org/wikipedia/commons/a/a3/%D0%A8%D0%BA%D0%B0%D1%84_101359.jpg?utm_source=commons.wikimedia.org&utm_campaign=imageinfo&utm_content=original,CC BY-SA 3.0,,https://creativecommons.org/licenses/by-sa/3.0,Mixabest,,Mixabest,commons:Mixabest,fff7c670a20f0b7027d7123f527ff308bf2800d7,1280,960,Category:Fuse boxes with DIN rail
images/breaker_panel/commons_30063816.jpg,breaker_panel,,train,labeled,6,commons,30063816,File:Шкаф 101319.jpg,https://commons.wikimedia.org/wiki/File:%D0%A8%D0%BA%D0%B0%D1%84_101319.jpg,https://upload.wikimedia.org/wikipedia/commons/5/56/%D0%A8%D0%BA%D0%B0%D1%84_101319.jpg?utm_source=commons.wikimedia.org&utm_campaign=imageinfo&utm_content=original,CC BY-SA 3.0,,https://creativecommons.org/licenses/by-sa/3.0,Mixabest,,Mixabest,commons:Mixabest,edfd8abfd5f7fdf8812c035efbd5ce9e44b1c475,960,1280,Category:Fuse boxes with DIN rail
images/breaker_panel/commons_30362856.jpg,breaker_panel,,train,labeled,2,commons,30362856,File:Llave magnetotérmica y diferencial.JPG,https://commons.wikimedia.org/wiki/File:Llave_magnetot%C3%A9rmica_y_diferencial.JPG,https://upload.wikimedia.org/wikipedia/commons/5/55/Llave_magnetot%C3%A9rmica_y_diferencial.JPG?utm_source=commons.wikimedia.org&utm_campaign=imageinfo&utm_content=original,CC BY-SA 3.0,,https://creativecommons.org/licenses/by-sa/3.0,Gelpgim22 (Sergio Moises Panei Pitrau),,GelpgimLa22,commons:GelpgimLa22,5b1a6abd71181962de214ff29ffd262483a32600,1280,960,Category:Fuse boxes with DIN rail
images/breaker_panel/commons_30813249.jpg,breaker_panel,,train,labeled,1,commons,30813249,File:RCCB and Miniature Circuit Breaker..jpg,https://commons.wikimedia.org/wiki/File:RCCB_and_Miniature_Circuit_Breaker..jpg,https://upload.wikimedia.org/wikipedia/commons/d/dd/RCCB_and_Miniature_Circuit_Breaker..jpg?utm_source=commons.wikimedia.org&utm_campaign=imageinfo&utm_content=original,CC BY-SA 3.0,,https://creativecommons.org/licenses/by-sa/3.0,Balurbala,,Nanjil Bala,commons:Nanjil Bala,28df5fcb4579f66ba1070c484b924928474e731e,1280,960,Category:Fuse boxes with DIN rail
images/breaker_panel/commons_30971348.jpg,breaker_panel,,train,labeled,1,commons,30971348,File:Oosterscheldestraat 2014.02.03 (22).JPG,https://commons.wikimedia.org/wiki/File:Oosterscheldestraat_2014.02.03_(22).JPG,https://upload.wikimedia.org/wikipedia/commons/9/9a/Oosterscheldestraat_2014.02.03_%2822%29.JPG?utm_source=commons.wikimedia.org&utm_campaign=imageinfo&utm_content=original,CC BY-SA 3.0,,https://creativecommons.org/licenses/by-sa/3.0,S.J. de Waard,,Stunteltje,commons:Stunteltje,32f77930cc6bf090d7b5745e879fff2e7f52d52d,1280,925,Category:Distribution boards in the Netherlands
images/breaker_panel/commons_30971359.jpg,breaker_panel,,train,labeled,1,commons,30971359,File:Oosterscheldestraat 2014.02.03 (23).JPG,https://commons.wikimedia.org/wiki/File:Oosterscheldestraat_2014.02.03_(23).JPG,https://upload.wikimedia.org/wikipedia/commons/e/ee/Oosterscheldestraat_2014.02.03_%2823%29.JPG?utm_source=commons.wikimedia.org&utm_campaign=imageinfo&utm_content=original,CC BY-SA 3.0,,https://creativecommons.org/licenses/by-sa/3.0,S.J. de Waard,,Stunteltje,commons:Stunteltje,5d57d2f0ebaa5d287d56d09c4f996ae04505aeb1,850,1280,Category:Distribution boards in the Netherlands
images/breaker_panel/commons_31301088.jpg,breaker_panel,,train,labeled,1,commons,31301088,File:Oosterscheldestraat 2014.02.21 (53).JPG,https://commons.wikimedia.org/wiki/File:Oosterscheldestraat_2014.02.21_(53).JPG,https://upload.wikimedia.org/wikipedia/commons/4/44/Oosterscheldestraat_2014.02.21_%2853%29.JPG?utm_source=commons.wikimedia.org&utm_campaign=imageinfo&utm_content=original,CC BY-SA 3.0,,https://creativecommons.org/licenses/by-sa/3.0,S.J. de Waard,,Stunteltje,commons:Stunteltje,5096eaa514e76fc69fa6fa6aefa09eddeef1949a,850,1280,Category:Distribution boards in the Netherlands
images/breaker_panel/commons_3201718.jpg,breaker_panel,,train,labeled,1,commons,3201718,File:Klemnyk.JPG,https://commons.wikimedia.org/wiki/File:Klemnyk.JPG,https://upload.wikimedia.org/wikipedia/commons/2/23/Klemnyk.JPG?utm_source=commons.wikimedia.org&utm_campaign=imageinfo&utm_content=original,CC BY-SA 2.5,,https://creativecommons.org/licenses/by-sa/2.5,Albedo-ukr,,Albedo-ukr,commons:Albedo-ukr,43e6ad2e6569a77c3ba638526454f26dc927a942,1280,960,Category:Fuse boxes with DIN rail
images/breaker_panel/commons_3201736.jpg,breaker_panel,,train,labeled,1,commons,3201736,File:Szafa elektryczna001.JPG,https://commons.wikimedia.org/wiki/File:Szafa_elektryczna001.JPG,https://upload.wikimedia.org/wikipedia/commons/6/6c/Szafa_elektryczna001.JPG?utm_source=commons.wikimedia.org&utm_campaign=imageinfo&utm_content=original,CC BY-SA 2.5,,https://creativecommons.org/licenses/by-sa/2.5,My,,Albedo-ukr,commons:Albedo-ukr,2579dc37c60c0983656c6155e82b86600bdc4af5,1280,960,Category:Fuse boxes with DIN rail
images/breaker_panel/commons_3201741.jpg,breaker_panel,,train,labeled,1,commons,3201741,File:Szafa elektryczna002.JPG,https://commons.wikimedia.org/wiki/File:Szafa_elektryczna002.JPG,https://upload.wikimedia.org/wikipedia/commons/c/cc/Szafa_elektryczna002.JPG?utm_source=commons.wikimedia.org&utm_campaign=imageinfo&utm_content=original,CC BY-SA 2.5,,https://creativecommons.org/licenses/by-sa/2.5,Albedo-ukr,,Albedo-ukr,commons:Albedo-ukr,b923fe049c41c78cc634c1271265440d57f02e8e,960,1280,Category:Fuse boxes with DIN rail
images/breaker_panel/commons_32075269.jpg,breaker_panel,,val,labeled,1,commons,32075269,File:Plasti 16 old fuse box.JPG,https://commons.wikimedia.org/wiki/File:Plasti_16_old_fuse_box.JPG,https://upload.wikimedia.org/wikipedia/commons/a/a1/Plasti_16_old_fuse_box.JPG?utm_source=commons.wikimedia.org&utm_campaign=imageinfo&utm_content=original,CC BY-SA 3.0,,https://creativecommons.org/licenses/by-sa/3.0,Dmitry G,,Dmitry G,commons:Dmitry G,8191313d77ecc207ca01621bf2bed149e27fc8d6,960,1280,Category:Fuse boxes with DIN rail
images/breaker_panel/commons_32075373.jpg,breaker_panel,,val,labeled,1,commons,32075373,File:Plasti 16 - new fuse box.JPG,https://commons.wikimedia.org/wiki/File:Plasti_16_-_new_fuse_box.JPG,https://upload.wikimedia.org/wikipedia/commons/8/89/Plasti_16_-_new_fuse_box.JPG?utm_source=commons.wikimedia.org&utm_campaign=imageinfo&utm_content=original,CC BY-SA 3.0,,https://creativecommons.org/licenses/by-sa/3.0,Dmitry G,,Dmitry G,commons:Dmitry G,e9114a1f67209b7c908d6b6d52ef5e8c971ec1bb,960,1280,Category:Fuse boxes with DIN rail
images/breaker_panel/commons_32102759.jpg,breaker_panel,,train,labeled,1,commons,32102759,File:Oosterscheldestraat Bouwnummer 05 2014.04.09 (02).JPG,https://commons.wikimedia.org/wiki/File:Oosterscheldestraat_Bouwnummer_05_2014.04.09_(02).JPG,https://upload.wikimedia.org/wikipedia/commons/c/c7/Oosterscheldestraat_Bouwnummer_05_2014.04.09_%2802%29.JPG?utm_source=commons.wikimedia.org&utm_campaign=imageinfo&utm_content=original,CC BY-SA 3.0,,https://creativecommons.org/licenses/by-sa/3.0,S.J. de Waard,,Stunteltje,commons:Stunteltje,f505347cb73bb410b09b3f4e8ae4546adcc1bea1,850,1280,Category:Distribution boards in the Netherlands
images/breaker_panel/commons_32103893.jpg,breaker_panel,,train,labeled,1,commons,32103893,File:Oosterscheldestraat 2014.04.09 (31).JPG,https://commons.wikimedia.org/wiki/File:Oosterscheldestraat_2014.04.09_(31).JPG,https://upload.wikimedia.org/wikipedia/commons/5/50/Oosterscheldestraat_2014.04.09_%2831%29.JPG?utm_source=commons.wikimedia.org&utm_campaign=imageinfo&utm_content=original,CC BY-SA 3.0,,https://creativecommons.org/licenses/by-sa/3.0,S.J. de Waard,,Stunteltje,commons:Stunteltje,e2cf30ed879a44a9c52aebd11eb9ef88485bc707,850,1280,Category:Distribution boards in the Netherlands
images/breaker_panel/commons_32603257.jpg,breaker_panel,,val,labeled,2,commons,32603257,File:Ümera 12 - wrongly upgraded USSR fuse box.JPG,https://commons.wikimedia.org/wiki/File:%C3%9Cmera_12_-_wrongly_upgraded_USSR_fuse_box.JPG,https://upload.wikimedia.org/wikipedia/commons/8/8f/%C3%9Cmera_12_-_wrongly_upgraded_USSR_fuse_box.JPG?utm_source=commons.wikimedia.org&utm_campaign=imageinfo&utm_content=original,CC BY-SA 3.0,,https://creativecommons.org/licenses/by-sa/3.0,Dmitry G,,Dmitry G,commons:Dmitry G,eede5dca0171cc795bc390b8d46cb06d29269050,1280,960,Category:Fuse boxes with DIN rail
images/breaker_panel/commons_33179415.jpg,breaker_panel,,val,labeled,1,commons,33179415,File:Ümera 12 - fuse box for apartment.JPG,https://commons.wikimedia.org/wiki/File:%C3%9Cmera_12_-_fuse_box_for_apartment.JPG,https://upload.wikimedia.org/wikipedia/commons/5/59/%C3%9Cmera_12_-_fuse_box_for_apartment.JPG?utm_source=commons.wikimedia.org&utm_campaign=imageinfo&utm_content=original,CC BY-SA 3.0,,https://creativecommons.org/licenses/by-sa/3.0,Dmitry G,,Dmitry G,commons:Dmitry G,64ce8ec422003be899a358732ce02332a81e4e38,1280,721,Category:Fuse boxes with DIN rail
images/breaker_panel/commons_3325125.jpg,breaker_panel,,train,labeled,1,commons,3325125,File:Installation box electrical.jpg,https://commons.wikimedia.org/wiki/File:Installation_box_electrical.jpg,https://upload.wikimedia.org/wikipedia/commons/b/b3/Installation_box_electrical.jpg?utm_source=commons.wikimedia.org&utm_campaign=imageinfo&utm_content=original,Public domain,,,Lemur12,,Lemur12,commons:Lemur12,92acd5a6a2e698c89b6b46168b6523fcee18e4f2,1280,960,Category:Fuse boxes with DIN rail
images/breaker_panel/commons_33319304.jpg,breaker_panel,,val,labeled,2,commons,33319304,File:Ümera 12 - temporary circuit.JPG,https://commons.wikimedia.org/wiki/File:%C3%9Cmera_12_-_temporary_circuit.JPG,https://upload.wikimedia.org/wikipedia/commons/1/1d/%C3%9Cmera_12_-_temporary_circuit.JPG?utm_source=commons.wikimedia.org&utm_campaign=imageinfo&utm_content=original,CC BY-SA 3.0,,https://creativecommons.org/licenses/by-sa/3.0,Dmitry G,,Dmitry G,commons:Dmitry G,5ccee4ff0d524b7317858a692e3ec0593e018e3d,960,1280,Category:Fuse boxes with DIN rail
images/breaker_panel/commons_3594235.jpg,breaker_panel,,train,labeled,1,commons,3594235,File:UKDistributionBoard.JPG,https://commons.wikimedia.org/wiki/File:UKDistributionBoard.JPG,https://upload.wikimedia.org/wikipedia/commons/c/ca/UKDistributionBoard.JPG?utm_source=commons.wikimedia.org&utm_campaign=imageinfo&utm_content=original,CC BY-SA 2.5,,https://creativecommons.org/licenses/by-sa/2.5,The original uploader was Ali@gwc.org.uk at English Wikipedia.,,BrokenSphere,commons:BrokenSphere,54de69e8dff38623cfa7233312c92c82344097d2,510,640,Category:Fuse boxes with DIN rail
images/breaker_panel/commons_3649925.jpg,breaker_panel,,train,labeled,1,commons,3649925,File:Zeil Kirche Sakristei Schalttafel Geläute.jpg,https://commons.wikimedia.org/wiki/File:Zeil_Kirche_Sakristei_Schalttafel_Gel%C3%A4ute.jpg,https://upload.wikimedia.org/wikipedia/commons/5/57/Zeil_Kirche_Sakristei_Schalttafel_Gel%C3%A4ute.jpg?utm_source=commons.wikimedia.org&utm_campaign=imageinfo&utm_content=original,CC BY 2.5,,https://creativecommons.org/licenses/by/2.5,Photo: Andreas Praefcke,,AndreasPraefcke,commons:AndreasPraefcke,200040f88d68b451fe98b97036ac6aa5c263d035,1280,960,Category:Distribution boards in Germany
images/breaker_panel/commons_37136845.jpg,breaker_panel,,train,labeled,1,commons,37136845,File:DCS DeltaV.png,https://commons.wikimedia.org/wiki/File:DCS_DeltaV.png,https://upload.wikimedia.org/wikipedia/commons/9/9e/DCS_DeltaV.png?utm_source=commons.wikimedia.org&utm_campaign=imageinfo&utm_content=original,FAL,,http://artlibre.org/licence/lal/en,Rafał Rygielski,,GifTagger,commons:GifTagger,8b5be5a3e889c109c52596d662e1e6e92f0b45aa,708,818,Category:Fuse boxes with DIN rail
images/breaker_panel/commons_37467123.jpg,breaker_panel,,train,labeled,1,commons,37467123,File:Niederspannungs-Schaltanlage.jpg,https://commons.wikimedia.org/wiki/File:Niederspannungs-Schaltanlage.jpg,https://upload.wikimedia.org/wikipedia/commons/3/32/Niederspannungs-Schaltanlage.jpg?utm_source=commons.wikimedia.org&utm_campaign=imageinfo&utm_content=original,CC BY-SA 4.0,,https://creativecommons.org/licenses/by-sa/4.0,Siemens,,Wdwdbot,commons:Wdwdbot,c4f64e421e56e8fa1fd5806c676450eaf2ff4e59,1280,624,Category:Main distribution boards
images/breaker_panel/commons_38401517.jpg,breaker_panel,,train,labeled,1,commons,38401517,File:Open Consumer Unit part 2.JPG,https://commons.wikimedia.org/wiki/File:Open_Consumer_Unit_part_2.JPG,https://upload.wikimedia.org/wikipedia/commons/8/87/Open_Consumer_Unit_part_2.JPG?utm_source=commons.wikimedia.org&utm_campaign=imageinfo&utm_content=original,CC BY-SA 4.0,,https://creativecommons.org/licenses/by-sa/4.0,Pfnicholls,,Pfnicholls,commons:Pfnicholls,47a265d7ac338c0e8bb0b8946976afdc75176825,800,579,Category:Fuse boxes with DIN rail
images/breaker_panel/commons_38401519.jpg,breaker_panel,,train,labeled,1,commons,38401519,File:Open Consumer Unit part 1.JPG,https://commons.wikimedia.org/wiki/File:Open_Consumer_Unit_part_1.JPG,https://upload.wikimedia.org/wikipedia/commons/e/ec/Open_Consumer_Unit_part_1.JPG?utm_source=commons.wikimedia.org&utm_campaign=imageinfo&utm_content=original,CC BY-SA 4.0,,https://creativecommons.org/licenses/by-sa/4.0,Pfnicholls,,Pfnicholls,commons:Pfnicholls,9ab6f708ba095e17bfe014fafad2a4b6e8ee669d,800,841,Category:Fuse boxes with DIN rail
images/breaker_panel/commons_38401520.jpg,breaker_panel,,train,labeled,1,commons,38401520,File:Domestic Consumer Unit part 3.JPG,https://commons.wikimedia.org/wiki/File:Domestic_Consumer_Unit_part_3.JPG,https://upload.wikimedia.org/wikipedia/commons/c/cc/Domestic_Consumer_Unit_part_3.JPG?utm_source=commons.wikimedia.org&utm_campaign=imageinfo&utm_content=original,CC BY-SA 4.0,,https://creativecommons.org/licenses/by-sa/4.0,Pfnicholls,,Pfnicholls,commons:Pfnicholls,d9ca71b8ceaadf625d635f8d9702ed65c3cf6500,800,691,Category:Fuse boxes with DIN rail
images/breaker_panel/commons_38963491.jpg,breaker_panel,,train,labeled,1,commons,38963491,"File:Stromkasten an Friedrichstraße, Gotha 1.jpg","https://commons.wikimedia.org/wiki/File:Stromkasten_an_Friedrichstra%C3%9Fe,_Gotha_1.jpg",https://upload.wikimedia.org/wikipedia/commons/0/0e/Stromkasten_an_Friedrichstra%C3%9Fe%2C_Gotha_1.jpg?utm_source=commons.wikimedia.org&utm_campaign=imageinfo&utm_content=original,CC0,,http://creativecommons.org/publicdomain/zero/1.0/deed.en,Aschroet,,Aschroet,commons:Aschroet,327e3bbe3a41062d20c482ef723c26dd0458cace,1280,960,Category:Distribution boards in Germany
images/breaker_panel/commons_38963492.jpg,breaker_panel,,,unlabeled,0,commons,38963492,"File:Stromkasten an Friedrichstraße, Gotha 2.jpg","https://commons.wikimedia.org/wiki/File:Stromkasten_an_Friedrichstra%C3%9Fe,_Gotha_2.jpg",https://upload.wikimedia.org/wikipedia/commons/6/66/Stromkasten_an_Friedrichstra%C3%9Fe%2C_Gotha_2.jpg?utm_source=commons.wikimedia.org&utm_campaign=imageinfo&utm_content=original,CC0,,http://creativecommons.org/publicdomain/zero/1.0/deed.en,Aschroet,,Aschroet,commons:Aschroet,76157b2c323a2c04a138e670d0f5502a91703978,960,1280,Category:Distribution boards in Germany
images/breaker_panel/commons_39441950.jpg,breaker_panel,,train,labeled,1,commons,39441950,File:تابلو برق مرکزی مجموعه تجاری 1.jpg,https://commons.wikimedia.org/wiki/File:%D8%AA%D8%A7%D8%A8%D9%84%D9%88_%D8%A8%D8%B1%D9%82_%D9%85%D8%B1%DA%A9%D8%B2%DB%8C_%D9%85%D8%AC%D9%85%D9%88%D8%B9%D9%87_%D8%AA%D8%AC%D8%A7%D8%B1%DB%8C_1.jpg,https://upload.wikimedia.org/wikipedia/commons/0/07/%D8%AA%D8%A7%D8%A8%D9%84%D9%88_%D8%A8%D8%B1%D9%82_%D9%85%D8%B1%DA%A9%D8%B2%DB%8C_%D9%85%D8%AC%D9%85%D9%88%D8%B9%D9%87_%D8%AA%D8%AC%D8%A7%D8%B1%DB%8C_1.jpg?utm_source=commons.wikimedia.org&utm_campaign=imageinfo&utm_content=original,CC BY-SA 4.0,,https://creativecommons.org/licenses/by-sa/4.0,Neginsanat,,Neginsanat,commons:Neginsanat,fa9b62fd2407abde30374e8bf003bd25759e7ae8,908,681,Category:Fuse boxes with DIN rail
images/breaker_panel/commons_4149680.jpg,breaker_panel,,train,labeled,1,commons,4149680,File:Gabinete contactores.JPG,https://commons.wikimedia.org/wiki/File:Gabinete_contactores.JPG,https://upload.wikimedia.org/wikipedia/commons/f/f3/Gabinete_contactores.JPG?utm_source=commons.wikimedia.org&utm_campaign=imageinfo&utm_content=original,CC BY-SA 4.0,,https://creativecommons.org/licenses/by-sa/4.0,Juanitorz,,Juanitorz~commonswiki,commons:Juanitorz~commonswiki,3415dc6ed67349c72ed79297d6d601c98d29d16c,1280,960,Category:Fuse boxes with DIN rail
images/breaker_panel/commons_4249875.jpg,breaker_panel,,train,labeled,1,commons,4249875,File:Fusebox installation.JPG,https://commons.wikimedia.org/wiki/File:Fusebox_installation.JPG,https://upload.wikimedia.org/wikipedia/commons/b/b0/Fusebox_installation.JPG?utm_source=commons.wikimedia.org&utm_campaign=imageinfo&utm_content=original,Public domain,,,KVDP,,Genetics4good,commons:Genetics4good,cdc95dcd16b28e8ce4e6da4e212f7e461e59be0a,726,1280,Category:Fuse boxes with DIN rail
images/breaker_panel/commons_4254732.jpg,breaker_panel,,train,labeled,1,commons,4254732,File:Cuadro de seguridad eléctrica en una vivienda.JPG,https://commons.wikimedia.org/wiki/File:Cuadro_de_seguridad_el%C3%A9ctrica_en_una_vivienda.JPG,https://upload.wikimedia.org/wikipedia/commons/1/10/Cuadro_de_seguridad_el%C3%A9ctrica_en_una_vivienda.JPG?utm_source=commons.wikimedia.org&utm_campaign=imageinfo&utm_content=original,CC BY-SA 4.0,,https://creativecommons.org/licenses/by-sa/4.0,Frobles,,Frobles,commons:Frobles,2f527d32efc5b53a5a6c8703bb7872994278c362,1280,960,Category:Fuse boxes with DIN rail
images/breaker_panel/commons_42953871.jpg,breaker_panel,,train,labeled,2,commons,42953871,File:RCD Protection Consumer Dual Split-Load.jpg,https://commons.wikimedia.org/wiki/File:RCD_Protection_Consumer_Dual_Split-Load.jpg,https://upload.wikimedia.org/wikipedia/commons/4/4d/RCD_Protection_Consumer_Dual_Split-Load.jpg?utm_source=commons.wikimedia.org&utm_campaign=imageinfo&utm_content=original,CC BY 4.0,,https://creativecommons.org/licenses/by/4.0,Evry Electrical,,Rwenuk,commons:Rwenuk,4bfc4f57016b869762e2d1883bcd187227c6b36f,1280,967,Category:Fuse boxes with DIN rail
images/breaker_panel/commons_45280852.jpg,breaker_panel,,train,labeled,1,commons,45280852,File:Disyuntor electrico 220V.jpg,https://commons.wikimedia.org/wiki/File:Disyuntor_electrico_220V.jpg,https://upload.wikimedia.org/wikipedia/commons/1/19/Disyuntor_electrico_220V.jpg?utm_source=commons.wikimedia.org&utm_campaign=imageinfo&utm_content=original,CC BY-SA 4.0,,https://creativecommons.org/licenses/by-sa/4.0,NicolasCalisto01,,NicolasCalisto01,commons:NicolasCalisto01,c24693663ea2b8e05cc8b94f286877db8ad45504,719,1280,Category:Fuse boxes with DIN rail
images/breaker_panel/commons_50119320.jpg,breaker_panel,,val,labeled,1,commons,50119320,File:Keskuse 14 fuse box.JPG,https://commons.wikimedia.org/wiki/File:Keskuse_14_fuse_box.JPG,https://upload.wikimedia.org/wikipedia/commons/4/45/Keskuse_14_fuse_box.JPG?utm_source=commons.wikimedia.org&utm_campaign=imageinfo&utm_content=original,CC BY-SA 3.0,,https://creativecommons.org/licenses/by-sa/3.0,Dmitry G,,Dmitry G,commons:Dmitry G,88a6f0aeb051cd47c56ff1f3c65cb5a5cf4aaee6,960,1280,Category:Fuse boxes with DIN rail
images/breaker_panel/commons_50713884.jpg,breaker_panel,,train,labeled,1,commons,50713884,File:Opened distribution board.jpg,https://commons.wikimedia.org/wiki/File:Opened_distribution_board.jpg,https://upload.wikimedia.org/wikipedia/commons/3/3b/Opened_distribution_board.jpg?utm_source=commons.wikimedia.org&utm_campaign=imageinfo&utm_content=original,CC BY-SA 4.0,,https://creativecommons.org/licenses/by-sa/4.0,Santeri Viinamäki,,Zunter,commons:Zunter,cd10ce07346f8c541faf59e66246883c831de81f,960,1280,Category:Fuse boxes with DIN rail
images/breaker_panel/commons_51028963.jpg,breaker_panel,,train,labeled,1,commons,51028963,File:425740 LSS-Reihe.jpg,https://commons.wikimedia.org/wiki/File:425740_LSS-Reihe.jpg,https://upload.wikimedia.org/wikipedia/commons/e/e1/425740_LSS-Reihe.jpg?utm_source=commons.wikimedia.org&utm_campaign=imageinfo&utm_content=original,FAL,,http://artlibre.org/licence/lal/en,User:nenntmichruhigip on Wikimedia Commons,,Nenntmichruhigip,commons:Nenntmichruhigip,6a0c8f78243533ee2a1bf2832bb68882fdf9d83a,1280,536,Category:Fuse boxes with DIN rail
images/breaker_panel/commons_53538324.jpg,breaker_panel,,train,labeled,2,commons,53538324,"File:Ehemalige Postdirektion, Reichsstraße 11. Bild 92.jpg","https://commons.wikimedia.org/wiki/File:Ehemalige_Postdirektion,_Reichsstra%C3%9Fe_11._Bild_92.jpg",https://upload.wikimedia.org/wikipedia/commons/8/81/Ehemalige_Postdirektion%2C_Reichsstra%C3%9Fe_11._Bild_92.jpg?utm_source=commons.wikimedia.org&utm_campaign=imageinfo&utm_content=original,CC BY-SA 4.0,,https://creativecommons.org/licenses/by-sa/4.0,(dwt).,,(dwt).,commons:(dwt).,e99306fe38d6c234248667ebc9680e048fa98bea,960,1280,Category:Distribution boards in Germany
images/breaker_panel/commons_53546128.jpg,breaker_panel,,train,labeled,1,commons,53546128,"File:Ehemalige Postdirektion, Reichsstraße 11, Enzmannstraße 2. Bild 149.jpg","https://commons.wikimedia.org/wiki/File:Ehemalige_Postdirektion,_Reichsstra%C3%9Fe_11,_Enzmannstra%C3%9Fe_2._Bild_149.jpg",https://upload.wikimedia.org/wikipedia/commons/9/90/Ehemalige_Postdirektion%2C_Reichsstra%C3%9Fe_11%2C_Enzmannstra%C3%9Fe_2._Bild_149.jpg?utm_source=commons.wikimedia.org&utm_campaign=imageinfo&utm_content=original,CC BY-SA 4.0,,https://creativecommons.org/licenses/by-sa/4.0,(dwt).,,(dwt).,commons:(dwt).,825113e7ac0b940c571efe63f743aefcb3f31140,960,1280,Category:Distribution boards in Germany
images/breaker_panel/commons_55150581.jpg,breaker_panel,,train,labeled,1,commons,55150581,File:Distribution board in Slovakia 05.jpg,https://commons.wikimedia.org/wiki/File:Distribution_board_in_Slovakia_05.jpg,https://upload.wikimedia.org/wikipedia/commons/d/d0/Distribution_board_in_Slovakia_05.jpg?utm_source=commons.wikimedia.org&utm_campaign=imageinfo&utm_content=original,CC BY 4.0,,https://creativecommons.org/licenses/by/4.0,Oto Zapletal,,Oto Zapletal,commons:Oto Zapletal,d7dd6f612f176f15d908f250b1effcd9dca6cbec,1280,960,Category:Fuse boxes with DIN rail
images/breaker_panel/commons_5521156.jpg,breaker_panel,,,unlabeled,0,commons,5521156,File:Kabelverzweiger angefahren DSCF1198.jpg,https://commons.wikimedia.org/wiki/File:Kabelverzweiger_angefahren_DSCF1198.jpg,https://upload.wikimedia.org/wikipedia/commons/1/11/Kabelverzweiger_angefahren_DSCF1198.jpg?utm_source=commons.wikimedia.org&utm_campaign=imageinfo&utm_content=original,GFDL 1.2,,http://www.gnu.org/licenses/old-licenses/fdl-1.2.html,Johann H. Addicks - addicks@gmx.net,,-jha-,commons:-jha-,917f4982c77d6fb04d50b1a1ad8dba739584c1ae,960,1280,Category:Distribution boards in Germany
images/breaker_panel/commons_57275039.jpg,breaker_panel,,train,labeled,1,commons,57275039,File:Stromkasten -) - panoramio.jpg,https://commons.wikimedia.org/wiki/File:Stromkasten_-)_-_panoramio.jpg,https://upload.wikimedia.org/wikipedia/commons/5/56/Stromkasten_-%29_-_panoramio.jpg?utm_source=commons.wikimedia.org&utm_campaign=imageinfo&utm_content=original,CC BY-SA 3.0,,https://creativecommons.org/licenses/by-sa/3.0,Sebastian “sebrem” B…,,Panoramio upload bot,commons:Panoramio upload bot,75a2a86c6315078d151e217128ff60bf77f0c571,1280,960,Category:Distribution boards in Germany
images/breaker_panel/commons_58359620.jpg,breaker_panel,,val,labeled,1,commons,58359620,File:Pae 64 - fuse box.JPG,https://commons.wikimedia.org/wiki/File:Pae_64_-_fuse_box.JPG,https://upload.wikimedia.org/wikipedia/commons/2/28/Pae_64_-_fuse_box.JPG?utm_source=commons.wikimedia.org&utm_campaign=imageinfo&utm_content=original,CC BY-SA 3.0,,https://creativecommons.org/licenses/by-sa/3.0,Dmitry G,,Dmitry G,commons:Dmitry G,03ccf5a9998b51efcb03ca8eb7405fe649136576,1280,960,Category:Fuse boxes with DIN rail
images/breaker_panel/commons_58410276.jpg,breaker_panel,,val,labeled,1,commons,58410276,File:Pae 64 - fuse box from previous owner.JPG,https://commons.wikimedia.org/wiki/File:Pae_64_-_fuse_box_from_previous_owner.JPG,https://upload.wikimedia.org/wikipedia/commons/2/2f/Pae_64_-_fuse_box_from_previous_owner.JPG?utm_source=commons.wikimedia.org&utm_campaign=imageinfo&utm_content=original,Public domain,,,Dmitry G,,Dmitry G,commons:Dmitry G,05669704ca5c28bfb1296ff5e49613a26ef42b67,1280,720,Category:Fuse boxes with DIN rail
images/breaker_panel/commons_63914500.jpg,breaker_panel,,val,labeled,1,commons,63914500,File:Tablica licznika jednofazowego z zabezpieczeniami obwodów odbiorczych listopad 2017.jpg,https://commons.wikimedia.org/wiki/File:Tablica_licznika_jednofazowego_z_zabezpieczeniami_obwod%C3%B3w_odbiorczych_listopad_2017.jpg,https://upload.wikimedia.org/wikipedia/commons/e/e6/Tablica_licznika_jednofazowego_z_zabezpieczeniami_obwod%C3%B3w_odbiorczych_listopad_2017.jpg?utm_source=commons.wikimedia.org&utm_campaign=imageinfo&utm_content=original,CC BY-SA 4.0,,https://creativecommons.org/licenses/by-sa/4.0,Koefbac,,Koefbac,commons:Koefbac,fc9bfd7309b9bb185ae6fd261bfc2b186b44094b,960,1280,Category:Fuse boxes with DIN rail
images/breaker_panel/commons_64047748.jpg,breaker_panel,,train,labeled,1,commons,64047748,File:Мій щит.jpg,https://commons.wikimedia.org/wiki/File:%D0%9C%D1%96%D0%B9_%D1%89%D0%B8%D1%82.jpg,https://upload.wikimedia.org/wikipedia/commons/f/fe/%D0%9C%D1%96%D0%B9_%D1%89%D0%B8%D1%82.jpg?utm_source=commons.wikimedia.org&utm_campaign=imageinfo&utm_content=original,CC BY-SA 4.0,,https://creativecommons.org/licenses/by-sa/4.0,Олег Граченко,,Олег Граченко,commons:Олег Граченко,60a87da0edd8b50bcaadbb1bd28df525b4685b0f,1280,720,Category:Fuse boxes with DIN rail
images/breaker_panel/commons_64208571.jpg,breaker_panel,,,unlabeled,0,commons,64208571,File:Grafitti auf Stromkasten Rua Lauro Linhares (21928630779).jpg,https://commons.wikimedia.org/wiki/File:Grafitti_auf_Stromkasten_Rua_Lauro_Linhares_(21928630779).jpg,https://upload.wikimedia.org/wikipedia/commons/b/b1/Grafitti_auf_Stromkasten_Rua_Lauro_Linhares_%2821928630779%29.jpg?utm_source=commons.wikimedia.org&utm_campaign=imageinfo&utm_content=original,CC BY-SA 2.0,,https://creativecommons.org/licenses/by-sa/2.0,"Janko Hoener from Brühl, Germany",,Sturm,commons:Sturm,9fa574de86dd7f14fc74870502b67c78e4fb893e,853,1280,Category:Distribution boards in Germany
images/breaker_panel/commons_64464961.jpg,breaker_panel,,val,labeled,1,commons,64464961,File:Płyta czołowa rozdzielnicy natynkowej - wrzesień 2017 - 1.jpg,https://commons.wikimedia.org/wiki/File:P%C5%82yta_czo%C5%82owa_rozdzielnicy_natynkowej_-_wrzesie%C5%84_2017_-_1.jpg,https://upload.wikimedia.org/wikipedia/commons/5/57/P%C5%82yta_czo%C5%82owa_rozdzielnicy_natynkowej_-_wrzesie%C5%84_2017_-_1.jpg?utm_source=commons.wikimedia.org&utm_campaign=imageinfo&utm_content=original,CC BY-SA 4.0,,https://creativecommons.org/licenses/by-sa/4.0,Koefbac,,Koefbac,commons:Koefbac,a02adbc43c93e18f539e2c0027a494804e35aadb,960,1280,Category:Fuse boxes with DIN rail
images/breaker_panel/commons_64464962.jpg,breaker_panel,,val,labeled,1,commons,64464962,File:Montaż rozdzielnicy natynkowej. Przewody obwodów odbiorczych - wrzesień 2017 - 1.jpg,https://commons.wikimedia.org/wiki/File:Monta%C5%BC_rozdzielnicy_natynkowej._Przewody_obwod%C3%B3w_odbiorczych_-_wrzesie%C5%84_2017_-_1.jpg,https://upload.wikimedia.org/wikipedia/commons/1/17/Monta%C5%BC_rozdzielnicy_natynkowej._Przewody_obwod%C3%B3w_odbiorczych_-_wrzesie%C5%84_2017_-_1.jpg?utm_source=commons.wikimedia.org&utm_campaign=imageinfo&utm_content=original,CC BY-SA 4.0,,https://creativecommons.org/licenses/by-sa/4.0,Koefbac,,Koefbac,commons:Koefbac,7b730a26e368a6c380e998551f7021e2d52854c6,960,1280,Category:Fuse boxes with DIN rail
images/breaker_panel/commons_64464963.jpg,breaker_panel,,val,labeled,1,commons,64464963,File:Aparaty zamontowane na szynie TH 35 rozdzielnicy natynkowej - wrzesień 2017 - 1.jpg,https://commons.wikimedia.org/wiki/File:Aparaty_zamontowane_na_szynie_TH_35_rozdzielnicy_natynkowej_-_wrzesie%C5%84_2017_-_1.jpg,https://upload.wikimedia.org/wikipedia/commons/0/09/Aparaty_zamontowane_na_szynie_TH_35_rozdzielnicy_natynkowej_-_wrzesie%C5%84_2017_-_1.jpg?utm_source=commons.wikimedia.org&utm_campaign=imageinfo&utm_content=original,CC BY-SA 4.0,,https://creativecommons.org/licenses/by-sa/4.0,Koefbac,,Koefbac,commons:Koefbac,d8f9c4e26d858688eec650e4b66c83ea56acab43,960,1280,Category:Fuse boxes with DIN rail
images/breaker_panel/commons_64464968.jpg,breaker_panel,,val,labeled,2,commons,64464968,File:Skrzynka elektryczna natynkowa - kwiecień 2017 - 2.jpg,https://commons.wikimedia.org/wiki/File:Skrzynka_elektryczna_natynkowa_-_kwiecie%C5%84_2017_-_2.jpg,https://upload.wikimedia.org/wikipedia/commons/4/47/Skrzynka_elektryczna_natynkowa_-_kwiecie%C5%84_2017_-_2.jpg?utm_source=commons.wikimedia.org&utm_campaign=imageinfo&utm_content=original,CC BY-SA 4.0,,https://creativecommons.org/licenses/by-sa/4.0,Koefbac,,Koefbac,commons:Koefbac,b989ee08851f1086fa29349a0b508d62b7c0dd62,1280,960,Category:Fuse boxes with DIN rail
images/breaker_panel/commons_64464969.jpg,breaker_panel,,val,labeled,2,commons,64464969,File:Skrzynka elektryczna natynkowa - kwiecień 2017 - 1.jpg,https://commons.wikimedia.org/wiki/File:Skrzynka_elektryczna_natynkowa_-_kwiecie%C5%84_2017_-_1.jpg,https://upload.wikimedia.org/wikipedia/commons/2/2f/Skrzynka_elektryczna_natynkowa_-_kwiecie%C5%84_2017_-_1.jpg?utm_source=commons.wikimedia.org&utm_campaign=imageinfo&utm_content=original,CC BY-SA 4.0,,https://creativecommons.org/licenses/by-sa/4.0,Koefbac,,Koefbac,commons:Koefbac,5707188afc9fbe07b13d269b1cf4c5a85f1e3f78,1280,960,Category:Fuse boxes with DIN rail
images/breaker_panel/commons_64464970.jpg,breaker_panel,,val,labeled,2,commons,64464970,File:Skrzynka elektryczna natynkowa kwiecień 2017.jpg,https://commons.wikimedia.org/wiki/File:Skrzynka_elektryczna_natynkowa_kwiecie%C5%84_2017.jpg,https://upload.wikimedia.org/wikipedia/commons/4/4c/Skrzynka_elektryczna_natynkowa_kwiecie%C5%84_2017.jpg?utm_source=commons.wikimedia.org&utm_campaign=imageinfo&utm_content=original,CC BY-SA 4.0,,https://creativecommons.org/licenses/by-sa/4.0,Koefbac,,Koefbac,commons:Koefbac,810929636764881263c3006f33e62f257b6a65b5,1280,960,Category:Fuse boxes with DIN rail
images/breaker_panel/commons_65502376.jpg,breaker_panel,,train,labeled,2,commons,65502376,File:Unritzstraße 40. Bild 48.jpg,https://commons.wikimedia.org/wiki/File:Unritzstra%C3%9Fe_40._Bild_48.jpg,https://upload.wikimedia.org/wikipedia/commons/5/5e/Unritzstra%C3%9Fe_40._Bild_48.jpg?utm_source=commons.wikimedia.org&utm_campaign=imageinfo&utm_content=original,CC BY-SA 4.0,,https://creativecommons.org/licenses/by-sa/4.0,(dwt).,,(dwt).,commons:(dwt).,7697eaeed1ab9f6ab306a7f5ccb1b7c053c3c36a,1280,960,Category:Distribution boards in Germany
images/breaker_panel/commons_66883954.jpg,breaker_panel,,val,labeled,1,commons,66883954,File:Osiedle Stare Żegrze w Poznaniu. Skrzynka bezpieczników - luty 2018.jpg,https://commons.wikimedia.org/wiki/File:Osiedle_Stare_%C5%BBegrze_w_Poznaniu._Skrzynka_bezpiecznik%C3%B3w_-_luty_2018.jpg,https://upload.wikimedia.org/wikipedia/commons/c/c8/Osiedle_Stare_%C5%BBegrze_w_Poznaniu._Skrzynka_bezpiecznik%C3%B3w_-_luty_2018.jpg?utm_source=commons.wikimedia.org&utm_campaign=imageinfo&utm_content=original,CC BY-SA 4.0,,https://creativecommons.org/licenses/by-sa/4.0,Koefbac,,Koefbac,commons:Koefbac,35745db645d0d9c9a37095f9b4264986496fd582,960,1280,Category:Fuse boxes with DIN rail
images/breaker_panel/commons_67012575.jpg,breaker_panel,,train,labeled,1,commons,67012575,File:Щиток за холодильником у будинку -розвантаження струму.jpg,https://commons.wikimedia.org/wiki/File:%D0%A9%D0%B8%D1%82%D0%BE%D0%BA_%D0%B7%D0%B0_%D1%85%D0%BE%D0%BB%D0%BE%D0%B4%D0%B8%D0%BB%D1%8C%D0%BD%D0%B8%D0%BA%D0%BE%D0%BC_%D1%83_%D0%B1%D1%83%D0%B4%D0%B8%D0%BD%D0%BA%D1%83_-%D1%80%D0%BE%D0%B7%D0%B2%D0%B0%D0%BD%D1%82%D0%B0%D0%B6%D0%B5%D0%BD%D0%BD%D1%8F_%D1%81%D1%82%D1%80%D1%83%D0%BC%D1%83.jpg,https://upload.wikimedia.org/wikipedia/commons/c/cd/%D0%A9%D0%B8%D1%82%D0%BE%D0%BA_%D0%B7%D0%B0_%D1%85%D0%BE%D0%BB%D0%BE%D0%B4%D0%B8%D0%BB%D1%8C%D0%BD%D0%B8%D0%BA%D0%BE%D0%BC_%D1%83_%D0%B1%D1%83%D0%B4%D0%B8%D0%BD%D0%BA%D1%83_-%D1%80%D0%BE%D0%B7%D0%B2%D0%B0%D0%BD%D1%82%D0%B0%D0%B6%D0%B5%D0%BD%D0%BD%D1%8F_%D1%81%D1%82%D1%80%D1%83%D0%BC%D1%83.jpg?utm_source=commons.wikimedia.org&utm_campaign=imageinfo&utm_content=original,CC BY-SA 4.0,,https://creativecommons.org/licenses/by-sa/4.0,Олег Граченко,,Олег Граченко,commons:Олег Граченко,0caa4791b9e7b60f534c88d33edc87b2148c0c89,1280,960,Category:Fuse boxes with DIN rail
images/breaker_panel/commons_68356272.jpg,breaker_panel,,val,labeled,4,commons,68356272,File:Main circuit breaker is replaced by load switch.JPG,https://commons.wikimedia.org/wiki/File:Main_circuit_breaker_is_replaced_by_load_switch.JPG,https://upload.wikimedia.org/wikipedia/commons/6/6c/Main_circuit_breaker_is_replaced_by_load_switch.JPG?utm_source=commons.wikimedia.org&utm_campaign=imageinfo&utm_content=original,CC BY-SA 3.0,,https://creativecommons.org/licenses/by-sa/3.0,Dmitry G,,Dmitry G,commons:Dmitry G,dc65bdba82903f759c4795b1f9b6f8874f7797c6,1280,1107,Category:Fuse boxes with DIN rail
images/breaker_panel/commons_68517910.jpg,breaker_panel,,train,labeled,2,commons,68517910,File:21st Century Fusebox.jpg,https://commons.wikimedia.org/wiki/File:21st_Century_Fusebox.jpg,https://upload.wikimedia.org/wikipedia/commons/5/53/21st_Century_Fusebox.jpg?utm_source=commons.wikimedia.org&utm_campaign=imageinfo&utm_content=original,CC BY-SA 4.0,,https://creativecommons.org/licenses/by-sa/4.0,JzG,,JzG,commons:JzG,83eff43f635e3f97cac740500df865128771bc1e,960,1280,Category:Fuse boxes with DIN rail
images/breaker_panel/commons_69788556.jpg,breaker_panel,,,unlabeled,0,commons,69788556,File:Stromkasten (3491914550).jpg,https://commons.wikimedia.org/wiki/File:Stromkasten_(3491914550).jpg,https://upload.wikimedia.org/wikipedia/commons/1/1e/Stromkasten_%283491914550%29.jpg?utm_source=commons.wikimedia.org&utm_campaign=imageinfo&utm_content=original,CC BY 2.0,,https://creativecommons.org/licenses/by/2.0,"Steffen Zahn from Berlin, Germany",,Thesupermat2,commons:Thesupermat2,cd856b7d260c34d843a98ca2142f984a6f827289,1280,701,Category:Distribution boards in Germany
images/breaker_panel/commons_71153937.jpg,breaker_panel,,val,labeled,1,commons,71153937,File:Fuse box for ice cream trailer.JPG,https://commons.wikimedia.org/wiki/File:Fuse_box_for_ice_cream_trailer.JPG,https://upload.wikimedia.org/wikipedia/commons/4/49/Fuse_box_for_ice_cream_trailer.JPG?utm_source=commons.wikimedia.org&utm_campaign=imageinfo&utm_content=original,CC BY-SA 3.0,,https://creativecommons.org/licenses/by-sa/3.0,Dmitry G,,Dmitry G,commons:Dmitry G,6dc28086e9cee646b4e2de10dcc9f31733c92f07,1280,960,Category:Fuse boxes with DIN rail
images/breaker_panel/commons_72725343.jpg,breaker_panel,,val,labeled,1,commons,72725343,File:Fuse box for street food kiosk.JPG,https://commons.wikimedia.org/wiki/File:Fuse_box_for_street_food_kiosk.JPG,https://upload.wikimedia.org/wikipedia/commons/5/5b/Fuse_box_for_street_food_kiosk.JPG?utm_source=commons.wikimedia.org&utm_campaign=imageinfo&utm_content=original,CC BY-SA 3.0,,https://creativecommons.org/licenses/by-sa/3.0,Dmitry G,,Dmitry G,commons:Dmitry G,dc4210cced9d478e0469359e011818329bd6d2dc,1280,960,Category:Fuse boxes with DIN rail
images/breaker_panel/commons_73940000.jpg,breaker_panel,,train,labeled,1,commons,73940000,File:Stromkasten Rathaus-Osterwick.jpg,https://commons.wikimedia.org/wiki/File:Stromkasten_Rathaus-Osterwick.jpg,https://upload.wikimedia.org/wikipedia/commons/7/7b/Stromkasten_Rathaus-Osterwick.jpg?utm_source=commons.wikimedia.org&utm_campaign=imageinfo&utm_content=original,CC0,,http://creativecommons.org/publicdomain/zero/1.0/deed.en,Tetzemann,,Tetzemann,commons:Tetzemann,28c4f13cd03a18915654fe87528c8f4e013fba41,960,1280,Category:Distribution boards in Germany
images/breaker_panel/commons_74529549.jpg,breaker_panel,,train,labeled,2,commons,74529549,"File:Resetting a transformer of a power substation located in Queens. (CS179, 11-13-2018) (32041146388).jpg","https://commons.wikimedia.org/wiki/File:Resetting_a_transformer_of_a_power_substation_located_in_Queens._(CS179,_11-13-2018)_(32041146388).jpg",https://upload.wikimedia.org/wikipedia/commons/7/7e/Resetting_a_transformer_of_a_power_substation_located_in_Queens._%28CS179%2C_11-13-2018%29_%2832041146388%29.jpg?utm_source=commons.wikimedia.org&utm_campaign=imageinfo&utm_content=original,CC BY 2.0,,https://creativecommons.org/licenses/by/2.0,MTA Capital Construction Mega Projects,,Epicgenius,commons:Epicgenius,c77e23f48c1af5e572b72f6ac08a38f55d2a8522,1280,960,Category:Main distribution boards
images/breaker_panel/commons_75437933.jpg,breaker_panel,,train,labeled,2,commons,75437933,File:Українські миротворці відстоюють мир в ДР Конго та завойовують повагу усього світу (45041476904).jpg,https://commons.wikimedia.org/wiki/File:%D0%A3%D0%BA%D1%80%D0%B0%D1%97%D0%BD%D1%81%D1%8C%D0%BA%D1%96_%D0%BC%D0%B8%D1%80%D0%BE%D1%82%D0%B2%D0%BE%D1%80%D1%86%D1%96_%D0%B2%D1%96%D0%B4%D1%81%D1%82%D0%BE%D1%8E%D1%8E%D1%82%D1%8C_%D0%BC%D0%B8%D1%80_%D0%B2_%D0%94%D0%A0_%D0%9A%D0%BE%D0%BD%D0%B3%D0%BE_%D1%82%D0%B0_%D0%B7%D0%B0%D0%B2%D0%BE%D0%B9%D0%BE%D0%B2%D1%83%D1%8E%D1%82%D1%8C_%D0%BF%D0%BE%D0%B2%D0%B0%D0%B3%D1%83_%D1%83%D1%81%D1%8C%D0%BE%D0%B3%D0%BE_%D1%81%D0%B2%D1%96%D1%82%D1%83_(45041476904).jpg,https://upload.wikimedia.org/wikipedia/commons/e/ec/%D0%A3%D0%BA%D1%80%D0%B0%D1%97%D0%BD%D1%81%D1%8C%D0%BA%D1%96_%D0%BC%D0%B8%D1%80%D0%BE%D1%82%D0%B2%D0%BE%D1%80%D1%86%D1%96_%D0%B2%D1%96%D0%B4%D1%81%D1%82%D0%BE%D1%8E%D1%8E%D1%82%D1%8C_%D0%BC%D0%B8%D1%80_%D0%B2_%D0%94%D0%A0_%D0%9A%D0%BE%D0%BD%D0%B3%D0%BE_%D1%82%D0%B0_%D0%B7%D0%B0%D0%B2%D0%BE%D0%B9%D0%BE%D0%B2%D1%83%D1%8E%D1%82%D1%8C_%D0%BF%D0%BE%D0%B2%D0%B0%D0%B3%D1%83_%D1%83%D1%81%D1%8C%D0%BE%D0%B3%D0%BE_%D1%81%D0%B2%D1%96%D1%82%D1%83_%2845041476904%29.jpg?utm_source=commons.wikimedia.org&utm_campaign=imageinfo&utm_content=original,CC BY-SA 2.0,,https://creativecommons.org/licenses/by-sa/2.0,Ministry of Defense of Ukraine,,Tm,commons:Tm,2879bab2e912ddfaa14edbe1584732a82757e497,1280,853,Category:Fuse boxes with DIN rail
images/breaker_panel/commons_75669277.jpg,breaker_panel,,val,labeled,1,commons,75669277,File:Rozdzielnica niskiego napięcia wtynkowa w domku jednorodzinnym w Poznaniu - listopad 2018.jpg,https://commons.wikimedia.org/wiki/File:Rozdzielnica_niskiego_napi%C4%99cia_wtynkowa_w_domku_jednorodzinnym_w_Poznaniu_-_listopad_2018.jpg,https://upload.wikimedia.org/wikipedia/commons/9/9a/Rozdzielnica_niskiego_napi%C4%99cia_wtynkowa_w_domku_jednorodzinnym_w_Poznaniu_-_listopad_2018.jpg?utm_source=commons.wikimedia.org&utm_campaign=imageinfo&utm_content=original,CC BY-SA 4.0,,https://creativecommons.org/licenses/by-sa/4.0,Koefbac,,Koefbac,commons:Koefbac,79b0749485e8b5c2c367191c1dd9af5cd1d8f379,960,1280,Category:Fuse boxes with DIN rail
images/breaker_panel/commons_76166341.jpg,breaker_panel,,train,labeled,4,commons,76166341,File:Lyon 3e - Église arménienne Saint-Jacques - tableau électrique (janv 2019).jpg,https://commons.wikimedia.org/wiki/File:Lyon_3e_-_%C3%89glise_arm%C3%A9nienne_Saint-Jacques_-_tableau_%C3%A9lectrique_(janv_2019).jpg,https://upload.wikimedia.org/wikipedia/commons/d/d6/Lyon_3e_-_%C3%89glise_arm%C3%A9nienne_Saint-Jacques_-_tableau_%C3%A9lectrique_%28janv_2019%29.jpg?utm_source=commons.wikimedia.org&utm_campaign=imageinfo&utm_content=original,CC BY-SA 4.0,,https://creativecommons.org/licenses/by-sa/4.0,Sebleouf,,Sebleouf,commons:Sebleouf,f2a20a3cb006569a236b57bb53007579971e4b1b,960,1280,Category:Fuse boxes with DIN rail
images/breaker_panel/commons_76838972.jpg,breaker_panel,,val,labeled,2,commons,76838972,File:Small house distribution panel 1.jpg,https://commons.wikimedia.org/wiki/File:Small_house_distribution_panel_1.jpg,https://upload.wikimedia.org/wikipedia/commons/c/c7/Small_house_distribution_panel_1.jpg?utm_source=commons.wikimedia.org&utm_campaign=imageinfo&utm_content=original,CC0,,http://creativecommons.org/publicdomain/zero/1.0/deed.en,Retired electrician,,Retired electrician,commons:Retired electrician,b87d173ec2d659a5a596ed6e0b9a5d4461edb53f,853,1280,Category:Fuse boxes with DIN rail
images/breaker_panel/commons_76838984.jpg,breaker_panel,,val,labeled,1,commons,76838984,File:Small house distribution panel 2.jpg,https://commons.wikimedia.org/wiki/File:Small_house_distribution_panel_2.jpg,https://upload.wikimedia.org/wikipedia/commons/1/12/Small_house_distribution_panel_2.jpg?utm_source=commons.wikimedia.org&utm_campaign=imageinfo&utm_content=original,CC0,,http://creativecommons.org/publicdomain/zero/1.0/deed.en,Retired electrician,,Retired electrician,commons:Retired electrician,41c8ea177643cf3c9b7e13e151a2815d7de5e49e,853,1280,Category:Fuse boxes with DIN rail
images/breaker_panel/commons_77023791.jpg,breaker_panel,,train,labeled,4,commons,77023791,File:VEB Brauerei Cottbus (old electrical cabinets).png,https://commons.wikimedia.org/wiki/File:VEB_Brauerei_Cottbus_(old_electrical_cabinets).png,https://upload.wikimedia.org/wikipedia/commons/2/26/VEB_Brauerei_Cottbus_%28old_electrical_cabinets%29.png?utm_source=commons.wikimedia.org&utm_campaign=imageinfo&utm_content=original,CC BY-SA 4.0,,https://creativecommons.org/licenses/by-sa/4.0,Trio3D,,Renamed user da875dd53df6c384d8cc97858c9d2b58,commons:Renamed user da875dd53df6c384d8cc97858c9d2b58,682b1242423201edd0630b942940df7df6551a8e,1280,925,Category:Distribution boards in Germany
images/breaker_panel/commons_77023865.jpg,breaker_panel,,train,labeled,1,commons,77023865,"File:VEB Brauerei Cottbus (old electrical cabinets, manufacturer plate).png","https://commons.wikimedia.org/wiki/File:VEB_Brauerei_Cottbus_(old_electrical_cabinets,_manufacturer_plate).png",https://upload.wikimedia.org/wikipedia/commons/7/7b/VEB_Brauerei_Cottbus_%28old_electrical_cabinets%2C_manufacturer_plate%29.png?utm_source=commons.wikimedia.org&utm_campaign=imageinfo&utm_content=original,CC BY-SA 4.0,,https://creativecommons.org/licenses/by-sa/4.0,Trio3D,,Renamed user da875dd53df6c384d8cc97858c9d2b58,commons:Renamed user da875dd53df6c384d8cc97858c9d2b58,d615bbc52d2d84c1b9357abfec61ea3c2e4f12c6,951,724,Category:Distribution boards in Germany
images/breaker_panel/commons_770692.jpg,breaker_panel,,train,labeled,1,commons,770692,File:Sicherungskasten.jpg,https://commons.wikimedia.org/wiki/File:Sicherungskasten.jpg,https://upload.wikimedia.org/wikipedia/commons/3/3f/Sicherungskasten.jpg?utm_source=commons.wikimedia.org&utm_campaign=imageinfo&utm_content=original,CC BY 2.5,,https://creativecommons.org/licenses/by/2.5,User:Igge,,Igge,commons:Igge,cddce88fde5e069ef64e27a31f28810bcc50d20c,960,1268,Category:Fuse boxes with DIN rail
images/breaker_panel/commons_77142269.jpg,breaker_panel,,train,labeled,3,commons,77142269,File:Orologi BTicino 1.jpg,https://commons.wikimedia.org/wiki/File:Orologi_BTicino_1.jpg,https://upload.wikimedia.org/wikipedia/commons/c/ca/Orologi_BTicino_1.jpg?utm_source=commons.wikimedia.org&utm_campaign=imageinfo&utm_content=original,CC BY-SA 4.0,,https://creativecommons.org/licenses/by-sa/4.0,Air fans,,Air fans,commons:Air fans,ee452cb8c444a341076ba420f9b1238527ea4d58,1280,960,Category:Fuse boxes with DIN rail
images/breaker_panel/commons_78061614.jpg,breaker_panel,,train,labeled,5,commons,78061614,File:Quadro elettrico e contatore.jpg,https://commons.wikimedia.org/wiki/File:Quadro_elettrico_e_contatore.jpg,https://upload.wikimedia.org/wikipedia/commons/6/62/Quadro_elettrico_e_contatore.jpg?utm_source=commons.wikimedia.org&utm_campaign=imageinfo&utm_content=original,CC BY-SA 4.0,,https://creativecommons.org/licenses/by-sa/4.0,Air fans,,Air fans,commons:Air fans,dee2463340604beeaa86f63b4fd9108d65d8403e,1280,960,Category:Fuse boxes with DIN rail
images/breaker_panel/commons_79284422.jpg,breaker_panel,,train,labeled,1,commons,79284422,File:Quadro elettrico.jpg,https://commons.wikimedia.org/wiki/File:Quadro_elettrico.jpg,https://upload.wikimedia.org/wikipedia/commons/1/1f/Quadro_elettrico.jpg?utm_source=commons.wikimedia.org&utm_campaign=imageinfo&utm_content=original,CC BY-SA 4.0,,https://creativecommons.org/licenses/by-sa/4.0,Air fans,,Air fans,commons:Air fans,443ae1b5f96a140918770e264cfeb41ab62277df,1280,960,Category:Fuse boxes with DIN rail
images/breaker_panel/commons_79538723.jpg,breaker_panel,,,unlabeled,0,commons,79538723,File:Stromkasten Fritz Graef Weg Molsenkoppel 2019.jpg,https://commons.wikimedia.org/wiki/File:Stromkasten_Fritz_Graef_Weg_Molsenkoppel_2019.jpg,https://upload.wikimedia.org/wikipedia/commons/0/07/Stromkasten_Fritz_Graef_Weg_Molsenkoppel_2019.jpg?utm_source=commons.wikimedia.org&utm_campaign=imageinfo&utm_content=original,CC BY-SA 4.0,,https://creativecommons.org/licenses/by-sa/4.0,Marseille77,,Marseille77,commons:Marseille77,10eda2a2e56228ae380028d34401c3ef22bed63d,1280,960,Category:Distribution boards in Germany
images/breaker_panel/commons_79869835.jpg,breaker_panel,,train,labeled,3,commons,79869835,File:Sicherungskasten Hilfskrankenhaus Gunzenhausen 2009 41.jpg,https://commons.wikimedia.org/wiki/File:Sicherungskasten_Hilfskrankenhaus_Gunzenhausen_2009_41.jpg,https://upload.wikimedia.org/wikipedia/commons/6/6f/Sicherungskasten_Hilfskrankenhaus_Gunzenhausen_2009_41.jpg?utm_source=commons.wikimedia.org&utm_campaign=imageinfo&utm_content=original,CC BY-SA 4.0,,https://creativecommons.org/licenses/by-sa/4.0,Kasa Fue,,Kasa Fue,commons:Kasa Fue,e38dc4280d0ec0bc82b19292069c67a475d9feb0,1280,853,Category:Distribution boards in Germany
images/breaker_panel/commons_80626013.jpg,breaker_panel,,,unlabeled,0,commons,80626013,File:Solingen Küstergasse Stromkasten 2019.jpg,https://commons.wikimedia.org/wiki/File:Solingen_K%C3%BCstergasse_Stromkasten_2019.jpg,https://upload.wikimedia.org/wikipedia/commons/e/e5/Solingen_K%C3%BCstergasse_Stromkasten_2019.jpg?utm_source=commons.wikimedia.org&utm_campaign=imageinfo&utm_content=original,CC BY-SA 4.0,,https://creativecommons.org/licenses/by-sa/4.0,Nicola,,Nicola,commons:Nicola,ca4f2cb8babaf9abcb3123383397069ae8f0bcd5,1280,853,Category:Distribution boards in Germany
images/breaker_panel/commons_81573118.jpg,breaker_panel,,val,labeled,2,commons,81573118,File:Fuse box on hager components.JPG,https://commons.wikimedia.org/wiki/File:Fuse_box_on_hager_components.JPG,https://upload.wikimedia.org/wikipedia/commons/d/d3/Fuse_box_on_hager_components.JPG?utm_source=commons.wikimedia.org&utm_campaign=imageinfo&utm_content=original,CC BY-SA 3.0,,https://creativecommons.org/licenses/by-sa/3.0,Dmitry G,,Dmitry G,commons:Dmitry G,d6820a5e0a449edb1a4ebff7ce54d718dd876855,937,1280,Category:Fuse boxes with DIN rail
images/breaker_panel/commons_82875934.jpg,breaker_panel,,val,labeled,1,commons,82875934,File:Feeding cable is connected to fuse box.JPG,https://commons.wikimedia.org/wiki/File:Feeding_cable_is_connected_to_fuse_box.JPG,https://upload.wikimedia.org/wikipedia/commons/6/69/Feeding_cable_is_connected_to_fuse_box.JPG?utm_source=commons.wikimedia.org&utm_campaign=imageinfo&utm_content=original,CC BY-SA 3.0,,https://creativecommons.org/licenses/by-sa/3.0,Dmitry G,,Dmitry G,commons:Dmitry G,8e6784001072b3fb3245ca92e2583c5ad5935948,720,1280,Category:Fuse boxes with DIN rail
images/breaker_panel/commons_85743983.jpg,breaker_panel,,val,labeled,1,commons,85743983,File:Cheap hager fuse box.JPG,https://commons.wikimedia.org/wiki/File:Cheap_hager_fuse_box.JPG,https://upload.wikimedia.org/wikipedia/commons/b/b8/Cheap_hager_fuse_box.JPG?utm_source=commons.wikimedia.org&utm_campaign=imageinfo&utm_content=original,CC BY-SA 3.0,,https://creativecommons.org/licenses/by-sa/3.0,Dmitry G,,Dmitry G,commons:Dmitry G,7e4e9b1918849eb50e86ae4e0892bc9cc0272090,1280,960,Category:Fuse boxes with DIN rail
images/breaker_panel/commons_86366333.jpg,breaker_panel,,train,labeled,1,commons,86366333,File:Electrical fuse box 3.jpg,https://commons.wikimedia.org/wiki/File:Electrical_fuse_box_3.jpg,https://upload.wikimedia.org/wikipedia/commons/d/d3/Electrical_fuse_box_3.jpg?utm_source=commons.wikimedia.org&utm_campaign=imageinfo&utm_content=original,CC BY-SA 4.0,,https://creativecommons.org/licenses/by-sa/4.0,Killarnee,,Killarnee,commons:Killarnee,3a64ba9212ccf58a0ae93d341ac585028e0cfa6d,1280,956,Category:Distribution boards in Germany
images/breaker_panel/commons_86366334.jpg,breaker_panel,,train,labeled,1,commons,86366334,File:Electrical fuse box 2.jpg,https://commons.wikimedia.org/wiki/File:Electrical_fuse_box_2.jpg,https://upload.wikimedia.org/wikipedia/commons/3/32/Electrical_fuse_box_2.jpg?utm_source=commons.wikimedia.org&utm_campaign=imageinfo&utm_content=original,CC BY-SA 4.0,,https://creativecommons.org/licenses/by-sa/4.0,Killarnee,,Killarnee,commons:Killarnee,8ef43573376f6838d2f83d0164347f981ee9dd6a,1280,956,Category:Distribution boards in Germany
images/breaker_panel/commons_86378157.jpg,breaker_panel,,val,labeled,2,commons,86378157,File:Fuse box hager.JPG,https://commons.wikimedia.org/wiki/File:Fuse_box_hager.JPG,https://upload.wikimedia.org/wikipedia/commons/7/73/Fuse_box_hager.JPG?utm_source=commons.wikimedia.org&utm_campaign=imageinfo&utm_content=original,CC BY-SA 3.0,,https://creativecommons.org/licenses/by-sa/3.0,Dmitry G,,Dmitry G,commons:Dmitry G,de26c132e8eb5f7a392a0d63aa92c6d9b580ba5e,1280,720,Category:Fuse boxes with DIN rail
images/breaker_panel/commons_86618846.jpg,breaker_panel,,train,labeled,1,commons,86618846,"File:Ventilation fan testing in a power substation located in Queens. (CS179, 03-06-2019) (33443023008).jpg","https://commons.wikimedia.org/wiki/File:Ventilation_fan_testing_in_a_power_substation_located_in_Queens._(CS179,_03-06-2019)_(33443023008).jpg",https://upload.wikimedia.org/wikipedia/commons/6/69/Ventilation_fan_testing_in_a_power_substation_located_in_Queens._%28CS179%2C_03-06-2019%29_%2833443023008%29.jpg?utm_source=commons.wikimedia.org&utm_campaign=imageinfo&utm_content=original,CC BY 2.0,,https://creativecommons.org/licenses/by/2.0,MTA Capital Construction Mega Projects,,Epicgenius,commons:Epicgenius,5f0118188108a3884d5a543ee569e775cb4fd401,960,1280,Category:Main distribution boards
images/breaker_panel/commons_86619215.jpg,breaker_panel,,train,labeled,1,commons,86619215,"File:Prepping for the energization of a electrical system of a power sub-station located in Queens. (CS179, 04-04-2019) (33665905848).jpg","https://commons.wikimedia.org/wiki/File:Prepping_for_the_energization_of_a_electrical_system_of_a_power_sub-station_located_in_Queens._(CS179,_04-04-2019)_(33665905848).jpg",https://upload.wikimedia.org/wikipedia/commons/8/88/Prepping_for_the_energization_of_a_electrical_system_of_a_power_sub-station_located_in_Queens._%28CS179%2C_04-04-2019%29_%2833665905848%29.jpg?utm_source=commons.wikimedia.org&utm_campaign=imageinfo&utm_content=original,CC BY 2.0,,https://creativecommons.org/licenses/by/2.0,MTA Capital Construction Mega Projects,,Epicgenius,commons:Epicgenius,69a73df294487fb1b9294c241b34d4411756fa39,1280,960,Category:Main distribution boards
images/breaker_panel/commons_86619299.jpg,breaker_panel,,train,labeled,1,commons,86619299,File:Set up for testing the sub-breakers on the newly energized B11 Power Substation in Queens. 04-18-19 (33767759728).jpg,https://commons.wikimedia.org/wiki/File:Set_up_for_testing_the_sub-breakers_on_the_newly_energized_B11_Power_Substation_in_Queens._04-18-19_(33767759728).jpg,https://upload.wikimedia.org/wikipedia/commons/d/d7/Set_up_for_testing_the_sub-breakers_on_the_newly_energized_B11_Power_Substation_in_Queens._04-18-19_%2833767759728%29.jpg?utm_source=commons.wikimedia.org&utm_campaign=imageinfo&utm_content=original,CC BY 2.0,,https://creativecommons.org/licenses/by/2.0,MTA Capital Construction Mega Projects,,Epicgenius,commons:Epicgenius,25b74326bc1e112e4ed68ceb94c69788530ca151,1280,960,Category:Main distribution boards
images/breaker_panel/commons_86619405.jpg,breaker_panel,,train,labeled,1,commons,86619405,"File:Performing primary injection tests on power substation breakers in Queens. (CS179, 05-01-2019) (47737785462).jpg","https://commons.wikimedia.org/wiki/File:Performing_primary_injection_tests_on_power_substation_breakers_in_Queens._(CS179,_05-01-2019)_(47737785462).jpg",https://upload.wikimedia.org/wikipedia/commons/7/7d/Performing_primary_injection_tests_on_power_substation_breakers_in_Queens._%28CS179%2C_05-01-2019%29_%2847737785462%29.jpg?utm_source=commons.wikimedia.org&utm_campaign=imageinfo&utm_content=original,CC BY 2.0,,https://creativecommons.org/licenses/by/2.0,MTA Capital Construction Mega Projects,,Epicgenius,commons:Epicgenius,56e4b9980783b0c18bb2ae40498f48b56807fa48,960,1280,Category:Main distribution boards
images/breaker_panel/commons_86619571.jpg,breaker_panel,,train,labeled,2,commons,86619571,File:Removing existing control wires in a SCADA (Supervisory Control And Data Acquisition) cabinet in preparation for relocation. SCADA allows LIRR to remotely control rail operations. 05-15-2019 (47870965771).jpg,https://commons.wikimedia.org/wiki/File:Removing_existing_control_wires_in_a_SCADA_(Supervisory_Control_And_Data_Acquisition)_cabinet_in_preparation_for_relocation._SCADA_allows_LIRR_to_remotely_control_rail_operations._05-15-2019_(47870965771).jpg,https://upload.wikimedia.org/wikipedia/commons/c/c7/Removing_existing_control_wires_in_a_SCADA_%28Supervisory_Control_And_Data_Acquisition%29_cabinet_in_preparation_for_relocation._SCADA_allows_LIRR_to_remotely_control_rail_operations._05-15-2019_%2847870965771%29.jpg?utm_source=commons.wikimedia.org&utm_campaign=imageinfo&utm_content=original,CC BY 2.0,,https://creativecommons.org/licenses/by/2.0,MTA Capital Construction Mega Projects,,Epicgenius,commons:Epicgenius,96221ce6b8ef92a1ad8522273e8e246e2bd5d86b,1280,960,Category:Main distribution boards
images/breaker_panel/commons_86619922.jpg,breaker_panel,,train,labeled,2,commons,86619922,File:Installing cables in a power substation in preparation for energization. 06-19-19 (48105050341).jpg,https://commons.wikimedia.org/wiki/File:Installing_cables_in_a_power_substation_in_preparation_for_energization._06-19-19_(48105050341).jpg,https://upload.wikimedia.org/wikipedia/commons/9/90/Installing_cables_in_a_power_substation_in_preparation_for_energization._06-19-19_%2848105050341%29.jpg?utm_source=commons.wikimedia.org&utm_campaign=imageinfo&utm_content=original,CC BY 2.0,,https://creativecommons.org/licenses/by/2.0,MTA Capital Construction Mega Projects,,Epicgenius,commons:Epicgenius,6d2bdb24c72912d5f9d078695ad5fcbd5e0bdc0d,1280,960,Category:Main distribution boards
images/breaker_panel/commons_86620030.jpg,breaker_panel,,train,labeled,1,commons,86620030,"File:Layout and installation of cables in a switchgear compartment of a power substation located in Queens. (CS179, 07-17-2019) (48323153381).jpg","https://commons.wikimedia.org/wiki/File:Layout_and_installation_of_cables_in_a_switchgear_compartment_of_a_power_substation_located_in_Queens._(CS179,_07-17-2019)_(48323153381).jpg",https://upload.wikimedia.org/wikipedia/commons/3/3c/Layout_and_installation_of_cables_in_a_switchgear_compartment_of_a_power_substation_located_in_Queens._%28CS179%2C_07-17-2019%29_%2848323153381%29.jpg?utm_source=commons.wikimedia.org&utm_campaign=imageinfo&utm_content=original,CC BY 2.0,,https://creativecommons.org/licenses/by/2.0,MTA Capital Construction Mega Projects,,Epicgenius,commons:Epicgenius,5311446ff7dc041c68e5965580ad1ee8b9315dbb,960,1280,Category:Main distribution boards
images/breaker_panel/commons_86620548.jpg,breaker_panel,,train,labeled,1,commons,86620548,File:Performing tests in a new power substation in Queens. 09-19-2019 (48765776023).jpg,https://commons.wikimedia.org/wiki/File:Performing_tests_in_a_new_power_substation_in_Queens._09-19-2019_(48765776023).jpg,https://upload.wikimedia.org/wikipedia/commons/a/a4/Performing_tests_in_a_new_power_substation_in_Queens._09-19-2019_%2848765776023%29.jpg?utm_source=commons.wikimedia.org&utm_campaign=imageinfo&utm_content=original,CC BY 2.0,,https://creativecommons.org/licenses/by/2.0,MTA Capital Construction Mega Projects,,Epicgenius,commons:Epicgenius,9066474d495da3c2e2e6cdafd1e9a5984b9d62ee,1280,960,Category:Main distribution boards
images/breaker_panel/commons_86620554.jpg,breaker_panel,,train,labeled,1,commons,86620554,File:Terminating cable feeds in a new power substation in Queens. 09-17-2019 (48765776133).jpg,https://commons.wikimedia.org/wiki/File:Terminating_cable_feeds_in_a_new_power_substation_in_Queens._09-17-2019_(48765776133).jpg,https://upload.wikimedia.org/wikipedia/commons/f/fd/Terminating_cable_feeds_in_a_new_power_substation_in_Queens._09-17-2019_%2848765776133%29.jpg?utm_source=commons.wikimedia.org&utm_campaign=imageinfo&utm_content=original,CC BY 2.0,,https://creativecommons.org/licenses/by/2.0,MTA Capital Construction Mega Projects,,Epicgenius,commons:Epicgenius,fe720bf48f08c7203406b522ed84d97d4554f637,960,1280,Category:Main distribution boards
images/breaker_panel/commons_86620760.jpg,breaker_panel,,train,labeled,1,commons,86620760,File:Testing equipment in a recently energized power substation in Queens. 09-26-2019 (48805242562).jpg,https://commons.wikimedia.org/wiki/File:Testing_equipment_in_a_recently_energized_power_substation_in_Queens._09-26-2019_(48805242562).jpg,https://upload.wikimedia.org/wikipedia/commons/e/e4/Testing_equipment_in_a_recently_energized_power_substation_in_Queens._09-26-2019_%2848805242562%29.jpg?utm_source=commons.wikimedia.org&utm_campaign=imageinfo&utm_content=original,CC BY 2.0,,https://creativecommons.org/licenses/by/2.0,MTA Capital Construction Mega Projects,,Epicgenius,commons:Epicgenius,5d540968d9ca26ec6eb1b6e7bfa6f79a92f6f7fb,960,1280,Category:Main distribution boards
images/breaker_panel/commons_8760180.jpg,breaker_panel,,val,labeled,1,commons,8760180,File:Fuse boxes in old house.JPG,https://commons.wikimedia.org/wiki/File:Fuse_boxes_in_old_house.JPG,https://upload.wikimedia.org/wikipedia/commons/3/39/Fuse_boxes_in_old_house.JPG?utm_source=commons.wikimedia.org&utm_campaign=imageinfo&utm_content=original,Public domain,,,Dmitry G,,Dmitry G,commons:Dmitry G,533c006efc2a4a4883a8e94f3804f62743f284fd,640,480,Category:Fuse boxes with DIN rail
images/breaker_panel/commons_8760212.jpg,breaker_panel,,val,labeled,3,commons,8760212,File:Fuse box fixing is ready.JPG,https://commons.wikimedia.org/wiki/File:Fuse_box_fixing_is_ready.JPG,https://upload.wikimedia.org/wikipedia/commons/c/c6/Fuse_box_fixing_is_ready.JPG?utm_source=commons.wikimedia.org&utm_campaign=imageinfo&utm_content=original,Public domain,,,Dmitry G,,Dmitry G,commons:Dmitry G,85bd198d126f6473e117045c5bfeb97a64f3024c,640,480,Category:Fuse boxes with DIN rail
images/breaker_panel/commons_87622277.jpg,breaker_panel,,,unlabeled,0,commons,87622277,File:Taucha - Markt - 2 02 ies.jpg,https://commons.wikimedia.org/wiki/File:Taucha_-_Markt_-_2_02_ies.jpg,https://upload.wikimedia.org/wikipedia/commons/a/a7/Taucha_-_Markt_-_2_02_ies.jpg?utm_source=commons.wikimedia.org&utm_campaign=imageinfo&utm_content=original,CC BY-SA 3.0,,https://creativecommons.org/licenses/by-sa/3.0,Frank Vincentz,,Ies,commons:Ies,a11dd91149a1d5084650d67edb1a0b333445ac06,1280,853,Category:Distribution boards in Germany
images/breaker_panel/commons_87640017.jpg,breaker_panel,,,unlabeled,0,commons,87640017,File:Taucha - Markt - 2 - Kabelverzweigergehäuse 01 ies.jpg,https://commons.wikimedia.org/wiki/File:Taucha_-_Markt_-_2_-_Kabelverzweigergeh%C3%A4use_01_ies.jpg,https://upload.wikimedia.org/wikipedia/commons/d/d8/Taucha_-_Markt_-_2_-_Kabelverzweigergeh%C3%A4use_01_ies.jpg?utm_source=commons.wikimedia.org&utm_campaign=imageinfo&utm_content=original,CC BY-SA 3.0,,https://creativecommons.org/licenses/by-sa/3.0,Frank Vincentz,,Ies,commons:Ies,c78e70064e3d839db6c0fb8a7d7a195686140a60,853,1280,Category:Distribution boards in Germany
images/breaker_panel/commons_88029157.jpg,breaker_panel,,train,labeled,1,commons,88029157,File:20200201 SantaLuziaArtH 5837 (49653569533).jpg,https://commons.wikimedia.org/wiki/File:20200201_SantaLuziaArtH_5837_(49653569533).jpg,https://upload.wikimedia.org/wikipedia/commons/4/40/20200201_SantaLuziaArtH_5837_%2849653569533%29.jpg?utm_source=commons.wikimedia.org&utm_campaign=imageinfo&utm_content=original,CC BY-SA 2.0,,https://creativecommons.org/licenses/by-sa/2.0,"Ray Swi-hymn from Sijhih-Taipei, Taiwan",,Tm,commons:Tm,9f402f37cabba3544aba7222fde62769d8177c01,960,1280,Category:Fuse boxes with DIN rail
images/breaker_panel/commons_88084105.jpg,breaker_panel,,,unlabeled,0,commons,88084105,File:Choose your Weapon.jpg,https://commons.wikimedia.org/wiki/File:Choose_your_Weapon.jpg,https://upload.wikimedia.org/wikipedia/commons/7/7d/Choose_your_Weapon.jpg?utm_source=commons.wikimedia.org&utm_campaign=imageinfo&utm_content=original,CC BY-SA 4.0,,https://creativecommons.org/licenses/by-sa/4.0,Koffeeinist,,Koffeeinist,commons:Koffeeinist,c3c2362f0b2b1a68eaa6a253fe2013da2f62ed58,1280,720,Category:Distribution boards in Germany
images/breaker_panel/commons_8964404.jpg,breaker_panel,,train,labeled,1,commons,8964404,File:ESD 01 rev 01.jpg,https://commons.wikimedia.org/wiki/File:ESD_01_rev_01.jpg,https://upload.wikimedia.org/wikipedia/commons/2/20/ESD_01_rev_01.jpg?utm_source=commons.wikimedia.org&utm_campaign=imageinfo&utm_content=original,Public domain,,,David Alan Wailer,,Rotatebot,commons:Rotatebot,e482e0306f44d20d3bcfe8d2542a4623881d4ae3,480,640,Category:Fuse boxes with DIN rail
images/breaker_panel/commons_8964433.jpg,breaker_panel,,train,labeled,1,commons,8964433,File:ESD 01 Controller Bay Top View 310309.JPG,https://commons.wikimedia.org/wiki/File:ESD_01_Controller_Bay_Top_View_310309.JPG,https://upload.wikimedia.org/wikipedia/commons/5/5b/ESD_01_Controller_Bay_Top_View_310309.JPG?utm_source=commons.wikimedia.org&utm_campaign=imageinfo&utm_content=original,Public domain,,,David Alan Wailer,,David Alan Wailer,commons:David Alan Wailer,77e6e467b4cf3e622b86bf87313dd78f763513fc,640,480,Category:Fuse boxes with DIN rail
images/breaker_panel/commons_94021852.jpg,breaker_panel,,train,labeled,2,commons,94021852,File:Elektroshchitovoe-oborudovanie-vnutri-krun.jpg,https://commons.wikimedia.org/wiki/File:Elektroshchitovoe-oborudovanie-vnutri-krun.jpg,https://upload.wikimedia.org/wikipedia/commons/e/e5/Elektroshchitovoe-oborudovanie-vnutri-krun.jpg?utm_source=commons.wikimedia.org&utm_campaign=imageinfo&utm_content=original,CC BY-SA 4.0,,https://creativecommons.org/licenses/by-sa/4.0,Mamishev,,Mamishev,commons:Mamishev,5d86ec9fdebc6c8616930b0dfa22f8cd2fcfd697,1280,960,Category:Main distribution boards
images/breaker_panel/commons_94021938.jpg,breaker_panel,,train,labeled,1,commons,94021938,File:Sekcia-elektroshchita.jpg,https://commons.wikimedia.org/wiki/File:Sekcia-elektroshchita.jpg,https://upload.wikimedia.org/wikipedia/commons/1/1e/Sekcia-elektroshchita.jpg?utm_source=commons.wikimedia.org&utm_campaign=imageinfo&utm_content=original,CC BY-SA 4.0,,https://creativecommons.org/licenses/by-sa/4.0,Mamishev,,Mamishev,commons:Mamishev,7e5754b8d99562f40c885e179ddd9e21ca1a88bd,810,1080,Category:Main distribution boards
images/breaker_panel/commons_95440555.jpg,breaker_panel,,val,labeled,2,commons,95440555,File:Fuse box for garage.JPG,https://commons.wikimedia.org/wiki/File:Fuse_box_for_garage.JPG,https://upload.wikimedia.org/wikipedia/commons/c/cc/Fuse_box_for_garage.JPG?utm_source=commons.wikimedia.org&utm_campaign=imageinfo&utm_content=original,CC BY-SA 3.0,,https://creativecommons.org/licenses/by-sa/3.0,Dmitry G,,Dmitry G,commons:Dmitry G,a3a010530ab4db83c4ed3e7a57ca5745454061dc,1280,960,Category:Fuse boxes with DIN rail
images/breaker_panel/commons_9566243.jpg,breaker_panel,,val,labeled,1,commons,9566243,File:EU-SE-Stockholm-Skarholmen-Distribution board.JPG,https://commons.wikimedia.org/wiki/File:EU-SE-Stockholm-Skarholmen-Distribution_board.JPG,https://upload.wikimedia.org/wikipedia/commons/6/6c/EU-SE-Stockholm-Skarholmen-Distribution_board.JPG?utm_source=commons.wikimedia.org&utm_campaign=imageinfo&utm_content=original,Public domain,,,Dmitry G,,Dmitry G,commons:Dmitry G,10557aae686b938ce72896d4e79c0bb567531ccf,960,1280,Category:Fuse boxes with DIN rail
images/breaker_panel/commons_9683199.jpg,breaker_panel,,train,labeled,1,commons,9683199,File:ModernConsumerUnitHager.JPG,https://commons.wikimedia.org/wiki/File:ModernConsumerUnitHager.JPG,https://upload.wikimedia.org/wikipedia/commons/f/f0/ModernConsumerUnitHager.JPG?utm_source=commons.wikimedia.org&utm_campaign=imageinfo&utm_content=original,CC BY-SA 3.0,,http://creativecommons.org/licenses/by-sa/3.0/,,,CommonsHelper2 Bot,commons:CommonsHelper2 Bot,c1bcc72accd31c4bb299c427f59c9372f3ac5aa8,1280,960,Category:Fuse boxes with DIN rail
images/breaker_panel/commons_97099245.jpg,breaker_panel,,,unlabeled,0,commons,97099245,File:Gute Energie.jpg,https://commons.wikimedia.org/wiki/File:Gute_Energie.jpg,https://upload.wikimedia.org/wikipedia/commons/5/5d/Gute_Energie.jpg?utm_source=commons.wikimedia.org&utm_campaign=imageinfo&utm_content=original,CC BY-SA 4.0,,https://creativecommons.org/licenses/by-sa/4.0,Fährtenleser,,Fährtenleser,commons:Fährtenleser,2cb16b1dc35685bebae2221bca1697660450c32f,1280,973,Category:Distribution boards in Germany
images/breaker_panel/commons_98328815.jpg,breaker_panel,,train,labeled,4,commons,98328815,File:Sicherungskasten im 360°-Kugelpanorama (2020).jpg,https://commons.wikimedia.org/wiki/File:Sicherungskasten_im_360%C2%B0-Kugelpanorama_(2020).jpg,https://upload.wikimedia.org/wikipedia/commons/7/7e/Sicherungskasten_im_360%C2%B0-Kugelpanorama_%282020%29.jpg?utm_source=commons.wikimedia.org&utm_campaign=imageinfo&utm_content=original,CC BY-SA 4.0,,https://creativecommons.org/licenses/by-sa/4.0,Maximilian Schönherr,,Maximilian Schönherr,commons:Maximilian Schönherr,79c635a277f4c395b0e9ab037f54df085daee85c,1280,640,Category:Fuse boxes with DIN rail
images/breaker_panel/commons_98792920.jpg,breaker_panel,,train,labeled,1,commons,98792920,File:2021-01-12-Geschwindigkeitsüberwachungs-Wartung-Sophienblatt-Kiel-PoliScan.jpg,https://commons.wikimedia.org/wiki/File:2021-01-12-Geschwindigkeits%C3%BCberwachungs-Wartung-Sophienblatt-Kiel-PoliScan.jpg,https://upload.wikimedia.org/wikipedia/commons/8/8e/2021-01-12-Geschwindigkeits%C3%BCberwachungs-Wartung-Sophienblatt-Kiel-PoliScan.jpg?utm_source=commons.wikimedia.org&utm_campaign=imageinfo&utm_content=original,CC BY 4.0,,https://creativecommons.org/licenses/by/4.0,Fabian Horst,,FabianHorst,commons:FabianHorst,978706c87a4d274805fe65b64dc83f048b6399fb,853,1280,Category:Distribution boards in Germany
images/breaker_panel/commons_99243658.jpg,breaker_panel,,train,labeled,2,commons,99243658,File:Trier Lokrichthalle aussen (3).jpg,https://commons.wikimedia.org/wiki/File:Trier_Lokrichthalle_aussen_(3).jpg,https://upload.wikimedia.org/wikipedia/commons/e/ea/Trier_Lokrichthalle_aussen_%283%29.jpg?utm_source=commons.wikimedia.org&utm_campaign=imageinfo&utm_content=original,CC BY-SA 4.0,,https://creativecommons.org/licenses/by-sa/4.0,Palauenc05,,Palauenc05,commons:Palauenc05,64824cb3a61051861867f7a9dfa7b4d25797020b,1280,1074,Category:Distribution boards in Germany
images/breaker_panel/commons_9925296.jpg,breaker_panel,,val,labeled,2,commons,9925296,File:EU-EE-Tallinn-Kesklinn-Vanalinn-Fuse box.JPG,https://commons.wikimedia.org/wiki/File:EU-EE-Tallinn-Kesklinn-Vanalinn-Fuse_box.JPG,https://upload.wikimedia.org/wikipedia/commons/d/d3/EU-EE-Tallinn-Kesklinn-Vanalinn-Fuse_box.JPG?utm_source=commons.wikimedia.org&utm_campaign=imageinfo&utm_content=original,Public domain,,,Dmitry G,,Dmitry G,commons:Dmitry G,18e05789756f8b7f21212ea1bb50546fcf3f95c3,960,1280,Category:Fuse boxes with DIN rail
images/breaker_panel/openverse_00c826c2a1b9407ca3e2b93743c48d8b.jpg,breaker_panel,,train,labeled,1,openverse,00c826c2-a1b9-407c-a3e2-b93743c48d8b,IMG_3730,https://www.flickr.com/photos/29484524@N00/5923492097,https://live.staticflickr.com/6131/5923492097_d2a3347d2f_b.jpg,by,2.0,https://creativecommons.org/licenses/by/2.0/,GSEC,https://www.flickr.com/photos/29484524@N00,29484524@N00,flickr:29484524@N00,d8378e7d29d60215f6790d5e5c03fd5e6fbf305b,1024,768,circuit breaker panel
images/breaker_panel/openverse_02e15b9a77b14b99bf651e2d5c0eb7bf.jpg,breaker_panel,,train,labeled,1,openverse,02e15b9a-77b1-4b99-bf65-1e2d5c0eb7bf,Testing an electrical panel in a power sub-station located in Queens. (06-12-2019),https://www.flickr.com/photos/59595815@N03/48062687322,https://live.staticflickr.com/65535/48062687322_f6b35b5465_b.jpg,by,2.0,https://creativecommons.org/licenses/by/2.0/,MTA C&D - EAST SIDE ACCESS,https://www.flickr.com/photos/59595815@N03,59595815@N03,flickr:59595815@N03,f0295a2df57c50e64fa070d88ca9ec9483e29c68,1024,768,electrical panel
images/breaker_panel/openverse_02eb518058a74cb498867b6f99c16912.jpg,breaker_panel,,,unlabeled,0,openverse,02eb5180-58a7-4cb4-9886-7b6f99c16912,Pullen House [shot of surronding environment],https://www.flickr.com/photos/9649854@N07/44189932540,https://live.staticflickr.com/4847/44189932540_1939c47bf8_b.jpg,by,2.0,https://creativecommons.org/licenses/by/2.0/,i threw a guitar at him.,https://www.flickr.com/photos/9649854@N07,9649854@N07,flickr:9649854@N07,15b32784fecc8772fed85fa1d8f607cb4469df45,1024,683,service entrance electrical
images/breaker_panel/openverse_03fbd3e7022d45fe916a54f64b7f61ce.jpg,breaker_panel,,train,labeled,1,openverse,03fbd3e7-022d-45fe-916a-54f64b7f61ce,burnt circuit breaker,https://www.flickr.com/photos/7718908@N04/3225348386,https://live.staticflickr.com/3438/3225348386_3f66fedd75_b.jpg,by-sa,2.0,https://creativecommons.org/licenses/by-sa/2.0/,h080,https://www.flickr.com/photos/7718908@N04,7718908@N04,flickr:7718908@N04,26279c44d70621ec2502bd56e73bbbb7feaebc87,1024,683,circuit breakers
images/breaker_panel/openverse_04cf497977644736a0a4b4796cf0b13d.jpg,breaker_panel,,,unlabeled,0,openverse,04cf4979-7764-4736-a0a4-b4796cf0b13d,Lucy dreams of circuit breakers,https://www.flickr.com/photos/22289307@N00/4528100242,https://live.staticflickr.com/4066/4528100242_e745dab4ae_b.jpg,by,2.0,https://creativecommons.org/licenses/by/2.0/,zircon3035,https://www.flickr.com/photos/22289307@N00,22289307@N00,flickr:22289307@N00,c5b6ec8814c5cfa0b164d44e304c4b55bd98a63a,1024,768,circuit breakers
images/breaker_panel/openverse_05876830085c4667acbbb6fd1f74e2d0.jpg,breaker_panel,,train,labeled,4,openverse,05876830-085c-4667-acbb-b6fd1f74e2d0,#make ing a cardboard template for some of the #Airstream's new electrical panel,https://www.flickr.com/photos/39976636@N03/4722481447,https://live.staticflickr.com/1125/4722481447_9785e9b65a_b.jpg,by,2.0,https://creativecommons.org/licenses/by/2.0/,AFresh1,https://www.flickr.com/photos/39976636@N03,39976636@N03,flickr:39976636@N03,8205a861adb715bc1e4773368e43f23e9ad4e8fd,1024,766,electrical panel
images/breaker_panel/openverse_060f93f3c8fd42b7a6e33fbb89947cd5.jpg,breaker_panel,,,unlabeled,0,openverse,060f93f3-c8fd-42b7-a6e3-3fbb89947cd5,Arlington National Cemetery - RFK Grave Site reflecting pool - 2011,https://www.flickr.com/photos/23165290@N00/6508469425,https://live.staticflickr.com/7155/6508469425_1f65c1fdf5_b.jpg,by-sa,2.0,https://creativecommons.org/licenses/by-sa/2.0/,Tim Evanson,https://www.flickr.com/photos/23165290@N00,23165290@N00,flickr:23165290@N00,2f0e090e7bc96646fd95c5e82f0441b15a31029e,1000,667,service entrance electrical
images/breaker_panel/openverse_0676d02a6c264cd69ed434df565e2f6b.jpg,breaker_panel,,train,labeled,1,openverse,0676d02a-6c26-4cd6-9ed4-34df565e2f6b,IMG_3432,https://www.flickr.com/photos/35042256@N00/5800691821,https://live.staticflickr.com/5021/5800691821_0374e826e5_b.jpg,by,2.0,https://creativecommons.org/licenses/by/2.0/,BY-YOUR-⌘,https://www.flickr.com/photos/35042256@N00,35042256@N00,flickr:35042256@N00,658df11fac0892ffac2e07ae0f039ce117de1a3f,1024,768,circuit breaker panel
images/breaker_panel/openverse_08161e4368ae4d43a424d63b3ac81473.jpg,breaker_panel,,train,labeled,1,openverse,08161e43-68ae-4d43-a424-d63b3ac81473,Using a belt saw on the PVC pipe,https://www.flickr.com/photos/52365139@N05/19214555540,https://live.staticflickr.com/3745/19214555540_b340af8f22_b.jpg,by-sa,2.0,https://creativecommons.org/licenses/by-sa/2.0/,dvanzuijlekom,https://www.flickr.com/photos/52365139@N05,52365139@N05,flickr:52365139@N05,0753d51317a001990f7099670fa9c93944339021,684,1024,main breaker
images/breaker_panel/openverse_08faa9fe4ed4404d933f1a11fe4556b8.jpg,breaker_panel,,train,labeled,1,openverse,08faa9fe-4ed4-404d-933f-1a11fe4556b8,132kV circuit breaker,https://www.flickr.com/photos/93546667@N04/9673893705,https://live.staticflickr.com/5548/9673893705_7d5db1f21a_b.jpg,by,2.0,https://creativecommons.org/licenses/by/2.0/,Ausgrid photos,https://www.flickr.com/photos/93546667@N04,93546667@N04,flickr:93546667@N04,466eba01d40621d22deb5ff0556812b6d2747e4b,681,1024,circuit breakers
images/breaker_panel/openverse_091a59e1d6aa4679a9bf60d3454a6ac3.jpg,breaker_panel,,,unlabeled,0,openverse,091a59e1-d6aa-4679-a9bf-60d3454a6ac3,Rugeley Trent Valley Station - Rugeley Power Stations,https://www.flickr.com/photos/39415781@N06/34428762451,https://live.staticflickr.com/4160/34428762451_f990bc76e2_b.jpg,by-sa,2.0,https://creativecommons.org/licenses/by-sa/2.0/,ell brown,https://www.flickr.com/photos/39415781@N06,39415781@N06,flickr:39415781@N06,0e14312e6a3dc7ac267b44dfdf6e1b4b0f36ff72,1024,768,service entrance electrical
images/breaker_panel/openverse_0953c32b51c048ed9420b2fad31f3810.jpg,breaker_panel,,train,labeled,1,openverse,0953c32b-51c0-48ed-9420-b2fad31f3810,Polymorph end cap,https://www.flickr.com/photos/52365139@N05/18781531873,https://live.staticflickr.com/430/18781531873_b6ffa4d471_b.jpg,by-sa,2.0,https://creativecommons.org/licenses/by-sa/2.0/,dvanzuijlekom,https://www.flickr.com/photos/52365139@N05,52365139@N05,flickr:52365139@N05,5bef91c6cc3b9b16c67fe44492a7571726af58cf,683,1024,main breaker
images/breaker_panel/openverse_096c5240418a466ab84f2dfde16213e9.jpg,breaker_panel,,val,labeled,1,openverse,096c5240-418a-466a-b84f-2dfde16213e9,Circuit Breaker,https://www.flickr.com/photos/35468151759@N01/7395491744,https://live.staticflickr.com/7232/7395491744_cd1ae866f9_b.jpg,by,2.0,https://creativecommons.org/licenses/by/2.0/,Kevan,https://www.flickr.com/photos/35468151759@N01,35468151759@N01,flickr:35468151759@N01,d7b2da68083e98e591adc917261d2759fef04a7c,1024,768,circuit breakers
images/breaker_panel/openverse_098af41582fd4f66b8ba1a42f4fb1acb.jpg,breaker_panel,,train,labeled,1,openverse,098af415-82fd-4f66-b8ba-1a42f4fb1acb,fuse box,https://www.flickr.com/photos/96105360@N00/136761815,https://live.staticflickr.com/55/136761815_fddb48158d_b.jpg,by,2.0,https://creativecommons.org/licenses/by/2.0/,Maestro_AU,https://www.flickr.com/photos/96105360@N00,96105360@N00,flickr:96105360@N00,8388fbdc5df19484f02654f7694eb70a03480232,1024,774,fuse box
images/breaker_panel/openverse_0adf4dd589a649a78cf9349f8f6ad49b.jpg,breaker_panel,,,unlabeled,0,openverse,0adf4dd5-89a6-49a7-8cf9-349f8f6ad49b,"Lightning Damage, small arc damage to white cable where it enters the HVAC unit.",https://www.flickr.com/photos/48239130@N07/7607526980,https://live.staticflickr.com/7253/7607526980_a9b3af044b_b.jpg,by,2.0,https://creativecommons.org/licenses/by/2.0/,markn3tel,https://www.flickr.com/photos/48239130@N07,48239130@N07,flickr:48239130@N07,590d354800287bdbaebf90f66b95a73223b0b1bc,1024,683,breaker box
images/breaker_panel/openverse_0bb830fbdd4343c0b7082c62453afb64.jpg,breaker_panel,,,unlabeled,0,openverse,0bb830fb-dd43-43c0-b708-2c62453afb64,Europe District hands over key to Armenia school,https://www.flickr.com/photos/34728058@N08/9670058369,https://live.staticflickr.com/7282/9670058369_b529aeb525_b.jpg,by,2.0,https://creativecommons.org/licenses/by/2.0/,USACE Europe District,https://www.flickr.com/photos/34728058@N08,34728058@N08,flickr:34728058@N08,0eb082ae0070b22e47c825baee9bbbbcfcf1f0ba,1024,768,service entrance electrical
images/breaker_panel/openverse_0c54812848e64518b898709c5cd25ec1.jpg,breaker_panel,,,unlabeled,0,openverse,0c548128-48e6-4518-b898-709c5cd25ec1,old school vacuum circuit breaker,https://www.flickr.com/photos/56332276@N02/5938722820,https://live.staticflickr.com/6011/5938722820_72a3303923_b.jpg,by-sa,2.0,https://creativecommons.org/licenses/by-sa/2.0/,dames_,https://www.flickr.com/photos/56332276@N02,56332276@N02,flickr:56332276@N02,3381deeb10bac91ff5b7d8a6ba8c0085ef0b6598,1024,768,circuit breakers
images/breaker_panel/openverse_0d1032afbbee4b6d8b01d546a0b33d30.jpg,breaker_panel,,train,labeled,1,openverse,0d1032af-bbee-4b6d-8b01-d546a0b33d30,Modifying electrical panels and transformers in preparation for testing at a power substation in Queens. 06-03-2019,https://www.flickr.com/photos/59595815@N03/48020940661,https://live.staticflickr.com/65535/48020940661_b8908fc51d_b.jpg,by,2.0,https://creativecommons.org/licenses/by/2.0/,MTA C&D - EAST SIDE ACCESS,https://www.flickr.com/photos/59595815@N03,59595815@N03,flickr:59595815@N03,e35f03159d982f4829afa8042545621ab6fb89be,1024,768,electrical panel
images/breaker_panel/openverse_0de1202597784c809287c5d9272fee61.jpg,breaker_panel,,train,labeled,6,openverse,0de12025-9778-4c80-9287-c5d9272fee61,Preparation for injection testing after an electrical panel upgrade. 06-25-19,https://www.flickr.com/photos/59595815@N03/48146653086,https://live.staticflickr.com/65535/48146653086_50528e0cf2_b.jpg,by,2.0,https://creativecommons.org/licenses/by/2.0/,MTA C&D - EAST SIDE ACCESS,https://www.flickr.com/photos/59595815@N03,59595815@N03,flickr:59595815@N03,35f4d33255facd575cfff747f07be76a6d0d1a21,1024,768,electrical panel
images/breaker_panel/openverse_0e06e1ab7fd34f1f9d567a085dca6925.jpg,breaker_panel,,train,labeled,2,openverse,0e06e1ab-7fd3-4f1f-9d56-7a085dca6925,Cicruit Breaker Broke,https://www.flickr.com/photos/33917831@N00/3332069279,https://live.staticflickr.com/3637/3332069279_2923c773e5_b.jpg,by,2.0,https://creativecommons.org/licenses/by/2.0/,Orin Zebest,https://www.flickr.com/photos/33917831@N00,33917831@N00,flickr:33917831@N00,8fcc43b5adfe3b489f4ff55493592f6d06354e14,1024,768,circuit breaker panel
images/breaker_panel/openverse_0e8ac376ca4b4cad9235940e1069882a.jpg,breaker_panel,,,unlabeled,0,openverse,0e8ac376-ca4b-4cad-9235-940e1069882a,Light Trails,https://www.flickr.com/photos/12357841@N02/40472502783,https://live.staticflickr.com/7880/40472502783_2b5d5884f0_b.jpg,by,2.0,https://creativecommons.org/licenses/by/2.0/,Me in ME,https://www.flickr.com/photos/12357841@N02,12357841@N02,flickr:12357841@N02,12e6a4496eee289a2223cd936981bafbae42d435,1024,576,main breaker
images/breaker_panel/openverse_0ef164ff036a4b9fb556ac61d488f98d.jpg,breaker_panel,,train,labeled,1,openverse,0ef164ff-036a-4b9f-b556-ac61d488f98d,HipstaPrint Circuit Breaker Box,https://www.flickr.com/photos/10710442@N08/18787764101,https://live.staticflickr.com/364/18787764101_47939ef1ef_b.jpg,by,2.0,https://creativecommons.org/licenses/by/2.0/,Steve Snodgrass,https://www.flickr.com/photos/10710442@N08,10710442@N08,flickr:10710442@N08,44db3f95d4e332a23259d29b99a45663618c2c17,1024,1024,breaker box
images/breaker_panel/openverse_103ad9af64544287b255b9696fa61072.jpg,breaker_panel,,train,labeled,1,openverse,103ad9af-6454-4287-b255-b9696fa61072,Manually testing sections of the circuit breakers in a switchgear room in the future LIRR passenger concourse.,https://www.flickr.com/photos/59595815@N03/51486435378,https://live.staticflickr.com/65535/51486435378_95212d390c_b.jpg,by,2.0,https://creativecommons.org/licenses/by/2.0/,MTA C&D - EAST SIDE ACCESS,https://www.flickr.com/photos/59595815@N03,59595815@N03,flickr:59595815@N03,f1539865302ae5f223bce427cd415b98e313a526,768,1024,circuit breakers
images/breaker_panel/openverse_1137f129dbf84c8a81a5d50f1638dca3.jpg,breaker_panel,,train,labeled,1,openverse,1137f129-dbf8-4c8a-81a5-d50f1638dca3,"Lightning Damage, black soot exited a couple of outlets.",https://www.flickr.com/photos/48239130@N07/7607525550,https://live.staticflickr.com/8424/7607525550_afe00d35ce_b.jpg,by,2.0,https://creativecommons.org/licenses/by/2.0/,markn3tel,https://www.flickr.com/photos/48239130@N07,48239130@N07,flickr:48239130@N07,94db46ab05a22370e7b5d51283527a728891e0de,1024,683,breaker box
images/breaker_panel/openverse_121ac1f4552f47e4b6e6ec9a99d67306.jpg,breaker_panel,,,unlabeled,0,openverse,121ac1f4-552f-47e4-b6e6-ec9a99d67306,hot tub installation continues,https://www.flickr.com/photos/71239428@N00/121034038,https://live.staticflickr.com/35/121034038_fa04cafffa_b.jpg,by-sa,2.0,https://creativecommons.org/licenses/by-sa/2.0/,tobo,https://www.flickr.com/photos/71239428@N00,71239428@N00,flickr:71239428@N00,996ee56fc7dda954b71429040f0f3aeb03472347,1024,768,breaker box
images/breaker_panel/openverse_128a408ec83e4239a40ac22a58fa3317.jpg,breaker_panel,,train,labeled,1,openverse,128a408e-c83e-4239-a40a-c22a58fa3317,Breaker Panel,https://www.flickr.com/photos/51824383@N00/290054901,https://live.staticflickr.com/109/290054901_8a895cc2f1_b.jpg,by-sa,2.0,https://creativecommons.org/licenses/by-sa/2.0/,John Vetterli,https://www.flickr.com/photos/51824383@N00,51824383@N00,flickr:51824383@N00,cbb625dfd7fb08dc49addb761b870e291baf6258,1024,683,breaker panel
images/breaker_panel/openverse_15500441a59b438b892af52b26027c34.jpg,breaker_panel,,train,labeled,1,openverse,15500441-a59b-438b-892a-f52b26027c34,Fuse Box,https://www.flickr.com/photos/77393879@N03/6913309342,https://live.staticflickr.com/7050/6913309342_1c47cb813f_b.jpg,by-sa,2.0,https://creativecommons.org/licenses/by-sa/2.0/,evokilla,https://www.flickr.com/photos/77393879@N03,77393879@N03,flickr:77393879@N03,f549cd244a1bae849134413459749dceb6b2fb81,667,1000,fuse box
images/breaker_panel/openverse_16b785876fee4abab67addccf96ca3ce.jpg,breaker_panel,,,unlabeled,0,openverse,16b78587-6fee-4aba-b67a-ddccf96ca3ce,Apollo Fuel Cell Number 1,https://www.flickr.com/photos/44124348109@N01/6278224744,https://live.staticflickr.com/6228/6278224744_0f5789c96f_b.jpg,by,2.0,https://creativecommons.org/licenses/by/2.0/,jurvetson,https://www.flickr.com/photos/44124348109@N01,44124348109@N01,flickr:44124348109@N01,fc94850dc1b51caf711fcf7472067dd0fe79a469,834,1024,electrical service panel
images/breaker_panel/openverse_16d3f6e6168f44ae813616857557ca84.jpg,breaker_panel,,val,labeled,2,openverse,16d3f6e6-168f-44ae-8136-16857557ca84,Mercedes ML Electric Window Nightmare... and how to get the window back up!,https://www.flickr.com/photos/91198056@N00/5781745157,https://live.staticflickr.com/5023/5781745157_deabe12500_b.jpg,by,2.0,https://creativecommons.org/licenses/by/2.0/,Podknox,https://www.flickr.com/photos/91198056@N00,91198056@N00,flickr:91198056@N00,233f39ca45d9ea2822b1108c002f376948123d91,1024,765,electrical service panel
images/breaker_panel/openverse_17197caaef0b42a59ed02f64819a631a.jpg,breaker_panel,,train,labeled,2,openverse,17197caa-ef0b-42a5-9ed0-2f64819a631a,Breaker Box,https://www.flickr.com/photos/34383603@N03/5240768406,https://live.staticflickr.com/5005/5240768406_3339f05165_b.jpg,by-sa,2.0,https://creativecommons.org/licenses/by-sa/2.0/,Charles & Hudson,https://www.flickr.com/photos/34383603@N03,34383603@N03,flickr:34383603@N03,e2299e7ef3d1082b98fc53930cb2e80c8d9a84d2,685,1023,breaker box
images/breaker_panel/openverse_1735a8b7cf5e40ebb7be3c83225c1189.jpg,breaker_panel,,,unlabeled,0,openverse,1735a8b7-cf5e-40eb-b7be-3c83225c1189,Grrrrrrrr,https://www.flickr.com/photos/33152876@N08/14731864871,https://live.staticflickr.com/2903/14731864871_49d61dbf0a_b.jpg,by,2.0,https://creativecommons.org/licenses/by/2.0/,Trish Hamme,https://www.flickr.com/photos/33152876@N08,33152876@N08,flickr:33152876@N08,05454b57f26cc1cc3f7a66aed52f9bb70f3b997a,971,1023,breaker box
images/breaker_panel/openverse_1750b8af46094624863788d9eb1ac5a1.jpg,breaker_panel,,train,labeled,3,openverse,1750b8af-4609-4624-8637-88d9eb1ac5a1,Individual field test,https://www.flickr.com/photos/52365139@N05/19402159315,https://live.staticflickr.com/270/19402159315_b9feff0d57_b.jpg,by-sa,2.0,https://creativecommons.org/licenses/by-sa/2.0/,dvanzuijlekom,https://www.flickr.com/photos/52365139@N05,52365139@N05,flickr:52365139@N05,eede8194cb6f1c80114938fa2774a299cf38d115,683,1024,main breaker
images/breaker_panel/openverse_175f495668304edfb6f43fde95a7730a.jpg,breaker_panel,,train,labeled,1,openverse,175f4956-6830-4edf-b6f4-3fde95a7730a,suspicious electrical panel,https://www.flickr.com/photos/7718908@N04/5916117747,https://live.staticflickr.com/6132/5916117747_e646efe254_b.jpg,by-sa,2.0,https://creativecommons.org/licenses/by-sa/2.0/,h080,https://www.flickr.com/photos/7718908@N04,7718908@N04,flickr:7718908@N04,8c702fdb573cfcf8baea6ae183609abc40ba266a,1024,683,electrical panel
images/breaker_panel/openverse_17d8891c177c4d828da5f5fbc76e12c5.jpg,breaker_panel,,,unlabeled,0,openverse,17d8891c-177c-4d82-8da5-f5fbc76e12c5,Prosecution of Strikers: The 1913 Black List,https://www.flickr.com/photos/35759981@N08/29788240653,https://live.staticflickr.com/5701/29788240653_311a569e7f_b.jpg,by,2.0,https://creativecommons.org/licenses/by/2.0/,Archives New Zealand,https://www.flickr.com/photos/35759981@N08,35759981@N08,flickr:35759981@N08,0959904ad8fc256a7ced1f26478c2b8b19914ecf,1024,813,breaker box
images/breaker_panel/openverse_18e099ea71834577996dfe987b77fc49.jpg,breaker_panel,,,unlabeled,0,openverse,18e099ea-7183-4577-996d-fe987b77fc49,Whale diving deep.,https://www.flickr.com/photos/88123769@N02/12026018875,https://live.staticflickr.com/65535/12026018875_59ab60b8ca_b.jpg,cc0,1.0,https://creativecommons.org/publicdomain/zero/1.0/,Bernard Spragg,https://www.flickr.com/photos/88123769@N02,88123769@N02,flickr:88123769@N02,02aa3f77aef266141b021e1dd469957bfb3a4e65,1024,688,breaker box
images/breaker_panel/openverse_1aaba08e7e4a40b1b4d5c6592d94db55.jpg,breaker_panel,,,unlabeled,0,openverse,1aaba08e-7e4a-40b1-b4d5-c6592d94db55,Coloured,https://www.flickr.com/photos/53255320@N07/5384096910,https://live.staticflickr.com/5212/5384096910_69f6bffd35_b.jpg,by,2.0,https://creativecommons.org/licenses/by/2.0/,16:9clue,https://www.flickr.com/photos/53255320@N07,53255320@N07,flickr:53255320@N07,d0d1502d68a6fa1155e1c3a4b1db4f00e8e08dd3,1024,576,load center
images/breaker_panel/openverse_1ac651475704447d9253d245f61d891f.jpg,breaker_panel,,train,labeled,1,openverse,1ac65147-5704-447d-9253-d245f61d891f,20051008main-panel-lower,https://www.flickr.com/photos/26670433@N07/3573729611,https://live.staticflickr.com/3621/3573729611_aa19d11b16_b.jpg,by,2.0,https://creativecommons.org/licenses/by/2.0/,davef3138,https://www.flickr.com/photos/26670433@N07,26670433@N07,flickr:26670433@N07,edf65e49dcfe0f10d507728b17ba71270298655d,768,1024,breaker panel
images/breaker_panel/openverse_1b6d1cf6fc5e4dc98dfbab16ebb90fac.jpg,breaker_panel,,,unlabeled,0,openverse,1b6d1cf6-fc5e-4dc9-8dfb-ab16ebb90fac,An Afghan National Army trainee prepares a mortar round for loading into a Russian Recoilless Rifle (SPG-9),https://www.flickr.com/photos/44825691@N08/4705400143,https://live.staticflickr.com/4011/4705400143_e19588b056_b.jpg,by-sa,2.0,https://creativecommons.org/licenses/by-sa/2.0/,NATO Training Mission-Afghanistan,https://www.flickr.com/photos/44825691@N08,44825691@N08,flickr:44825691@N08,59fe399b423de6ae75d7c964b430531ed005c8e2,1023,731,load center
images/breaker_panel/openverse_1bda4b76d8c8452a8faba4152f7ae071.jpg,breaker_panel,,,unlabeled,0,openverse,1bda4b76-d8c8-452a-8fab-a4152f7ae071,3189 Circuit Breakers,https://www.flickr.com/photos/80522246@N00/8523874988,https://live.staticflickr.com/8228/8523874988_e785ebd268_b.jpg,by,2.0,https://creativecommons.org/licenses/by/2.0/,1lenore,https://www.flickr.com/photos/80522246@N00,80522246@N00,flickr:80522246@N00,567fbd32c8b12ab8b0ee4ee7a9e1ccb0740b441c,1024,683,circuit breakers
images/breaker_panel/openverse_1df977eb9b6e442a89e559235e8b3476.jpg,breaker_panel,,,unlabeled,0,openverse,1df977eb-9b6e-442a-89e5-59235e8b3476,Rusty Fuse Box,https://www.flickr.com/photos/86775868@N03/8327669327,https://live.staticflickr.com/8360/8327669327_97623926cd_b.jpg,by,2.0,https://creativecommons.org/licenses/by/2.0/,ChadCooperPhotos,https://www.flickr.com/photos/86775868@N03,86775868@N03,flickr:86775868@N03,138d8ec2de81b6ebe2e8a74c8abd29bc47a3d63f,1024,768,fuse box
images/breaker_panel/openverse_1f51d613739a4ee683b19ab0023caf12.jpg,breaker_panel,,,unlabeled,0,openverse,1f51d613-739a-4ee6-83b1-9ab0023caf12,Polymorph!,https://www.flickr.com/photos/52365139@N05/19402158875,https://live.staticflickr.com/509/19402158875_586239a9e8_b.jpg,by-sa,2.0,https://creativecommons.org/licenses/by-sa/2.0/,dvanzuijlekom,https://www.flickr.com/photos/52365139@N05,52365139@N05,flickr:52365139@N05,c80403fcf6bd8997fdb25f646dcfb36047261255,683,1024,main breaker
images/breaker_panel/openverse_1fecf66d7f4d4be6a34e4e574448bee6.jpg,breaker_panel,,train,labeled,2,openverse,1fecf66d-7f4d-4be6-a34e-4e574448bee6,Fuse Boxes,https://www.flickr.com/photos/38446022@N00/4322698225,https://live.staticflickr.com/2776/4322698225_cc48ce192b_b.jpg,by,2.0,https://creativecommons.org/licenses/by/2.0/,floodllama,https://www.flickr.com/photos/38446022@N00,38446022@N00,flickr:38446022@N00,dbb9064e1164bf4474886f3d593139656f37b6a2,768,1024,fuse box
images/breaker_panel/openverse_1ffa00760ba24562a52824917b4e4bee.jpg,breaker_panel,,train,labeled,1,openverse,1ffa0076-0ba2-4562-a528-24917b4e4bee,Hager MCB (Miniature circuit breaker),https://www.flickr.com/photos/16105436@N00/7944357560,https://live.staticflickr.com/8452/7944357560_86d12ea5b2_b.jpg,by,2.0,https://creativecommons.org/licenses/by/2.0/,Kai Hendry,https://www.flickr.com/photos/16105436@N00,16105436@N00,flickr:16105436@N00,3ae90878a61b6a53e32854ecf6b742b46ac9e6d9,1024,768,circuit breakers
images/breaker_panel/openverse_214a8a5bc1f04f98a7d742d7d9ab8591.jpg,breaker_panel,,train,labeled,1,openverse,214a8a5b-c1f0-4f98-a7d7-42d7d9ab8591,A few sticks of hot glue,https://www.flickr.com/photos/52365139@N05/19402158205,https://live.staticflickr.com/485/19402158205_c83b0164f6_b.jpg,by-sa,2.0,https://creativecommons.org/licenses/by-sa/2.0/,dvanzuijlekom,https://www.flickr.com/photos/52365139@N05,52365139@N05,flickr:52365139@N05,3c3496248c512962c3aef2cda56820f0205aeca4,684,1024,main breaker
images/breaker_panel/openverse_22151eb63cee47c8a0607eaa8c4f2435.jpg,breaker_panel,,train,labeled,1,openverse,22151eb6-3cee-47c8-a060-7eaa8c4f2435,Class 387 Electrostar cab control layout,https://www.flickr.com/photos/99279135@N05/18708434968,https://live.staticflickr.com/5532/18708434968_25f59a1d01_b.jpg,by-sa,2.0,https://creativecommons.org/licenses/by-sa/2.0/,train_photos,https://www.flickr.com/photos/99279135@N05,99279135@N05,flickr:99279135@N05,c8ccb3dbf72b81509cfc46bfaf24ebbdade7dc45,768,1024,main breaker
images/breaker_panel/openverse_22331d19fd3c40308c798447d8048469.jpg,breaker_panel,,train,labeled,1,openverse,22331d19-fd3c-4030-8c79-8447d8048469,Drivers Circuit Breaker Panel,https://www.flickr.com/photos/12349133@N05/5130986031,https://live.staticflickr.com/1327/5130986031_282911fe41_b.jpg,by-sa,2.0,https://creativecommons.org/licenses/by-sa/2.0/,djminisite,https://www.flickr.com/photos/12349133@N05,12349133@N05,flickr:12349133@N05,6a1c1e3e976d9761389798c63837224bffede15c,1024,768,breaker panel
images/breaker_panel/openverse_26cb7bb870eb415b812cff6075f9c7dc.jpg,breaker_panel,,train,labeled,1,openverse,26cb7bb8-70eb-415b-812c-ff6075f9c7dc,Testing switch gears in an electrical panel in a newly energized power substation. 07-09-2019,https://www.flickr.com/photos/59595815@N03/48266284777,https://live.staticflickr.com/65535/48266284777_a61a0ac119_b.jpg,by,2.0,https://creativecommons.org/licenses/by/2.0/,MTA C&D - EAST SIDE ACCESS,https://www.flickr.com/photos/59595815@N03,59595815@N03,flickr:59595815@N03,3db8a96d54e5c5698bc58a531dd76a1a6994702e,1024,768,electrical panel
images/breaker_panel/openverse_28762a6ed17b48b1b1764a77fc2c8eae.jpg,breaker_panel,,train,labeled,1,openverse,28762a6e-d17b-48b1-b176-4a77fc2c8eae,Hill 88 Electrical Panel,https://www.flickr.com/photos/17974268@N00/2112361037,https://live.staticflickr.com/2023/2112361037_8dbaa86a35_b.jpg,by,2.0,https://creativecommons.org/licenses/by/2.0/,bgreenlee,https://www.flickr.com/photos/17974268@N00,17974268@N00,flickr:17974268@N00,39f3d48c93470c5b74eb65b6f05eeecba2a4c515,1024,683,electrical panel
images/breaker_panel/openverse_2bcb5969d3134b87944d68033f37008f.jpg,breaker_panel,,train,labeled,1,openverse,2bcb5969-d313-4b87-944d-68033f37008f,electrical panel,https://www.flickr.com/photos/92934406@N00/4216077084,https://live.staticflickr.com/4043/4216077084_cd0505cfef_b.jpg,by-sa,2.0,https://creativecommons.org/licenses/by-sa/2.0/,shadysidelantern,https://www.flickr.com/photos/92934406@N00,92934406@N00,flickr:92934406@N00,38b215f48f33efb71858b63c73b394f9dbae96e5,768,1024,electrical panel
images/breaker_panel/openverse_3102880ed5f74770a368ef3f1b958e03.jpg,breaker_panel,,train,labeled,1,openverse,3102880e-d5f7-4770-a368-ef3f1b958e03,Terminating wires into a circuit breaker in one of the panels in a substation in the future LIRR passenger concourse.,https://www.flickr.com/photos/59595815@N03/49757843667,https://live.staticflickr.com/65535/49757843667_df7905715b_b.jpg,by,2.0,https://creativecommons.org/licenses/by/2.0/,MTA C&D - EAST SIDE ACCESS,https://www.flickr.com/photos/59595815@N03,59595815@N03,flickr:59595815@N03,cc1639edffb4309c2588bd4a9b01a9807aeb8a75,768,1024,circuit breaker panel
images/breaker_panel/openverse_3125eaee955e4cb8a622924ef610b328.jpg,breaker_panel,,train,labeled,1,openverse,3125eaee-955e-4cb8-a622-924ef610b328,Rover P5b Fuse Box,https://www.flickr.com/photos/39552821@N07/3842855668,https://live.staticflickr.com/3572/3842855668_5cce3e6770_b.jpg,by,2.0,https://creativecommons.org/licenses/by/2.0/,EthelRedThePetrolHead,https://www.flickr.com/photos/39552821@N07,39552821@N07,flickr:39552821@N07,db8666286de2a91cad6ae680297211a4bcf01bc8,1024,768,fuse box
images/breaker_panel/openverse_34a906e04b2d4e6bbbc68b942fb514b3.jpg,breaker_panel,,train,labeled,1,openverse,34a906e0-4b2d-4e6b-bbc6-8b942fb514b3,Hospital breaker box,https://www.flickr.com/photos/11253414@N00/3824463760,https://live.staticflickr.com/3434/3824463760_9d6ba15daf_b.jpg,by-sa,2.0,https://creativecommons.org/licenses/by-sa/2.0/,qcom,https://www.flickr.com/photos/11253414@N00,11253414@N00,flickr:11253414@N00,0be4f32c308a1ac291f645ed4d1ad8ce826877ff,823,1023,breaker box
images/breaker_panel/openverse_35fd6d1d2f4f45108194b5f76aee9e2e.jpg,breaker_panel,,train,labeled,4,openverse,35fd6d1d-2f4f-4510-8194-b5f76aee9e2e,Electrical Engineering,https://www.flickr.com/photos/52365139@N05/8278052668,https://live.staticflickr.com/8501/8278052668_efa8564938_b.jpg,by-sa,2.0,https://creativecommons.org/licenses/by-sa/2.0/,dvanzuijlekom,https://www.flickr.com/photos/52365139@N05,52365139@N05,flickr:52365139@N05,ed0cf104b9ea2a0f22d8ab4a95993c4e4b488229,1024,682,main breaker
images/breaker_panel/openverse_3da746166d274cee9933846851ac8687.jpg,breaker_panel,,train,labeled,1,openverse,3da74616-6d27-4cee-9933-846851ac8687,Circuit breakers inline,https://www.flickr.com/photos/77727750@N00/51577567,https://live.staticflickr.com/33/51577567_7c985ef783_b.jpg,by,2.0,https://creativecommons.org/licenses/by/2.0/,tab2_dawa,https://www.flickr.com/photos/77727750@N00,77727750@N00,flickr:77727750@N00,d82822181a5f55c70066723847ed07552605bd40,1024,683,circuit breakers
images/breaker_panel/openverse_3e97378812264d35a0d05a08e89e0db9.jpg,breaker_panel,,,unlabeled,0,openverse,3e973788-1226-4d35-a0d0-5a08e89e0db9,"Lightning Damage, the HVAC unit took most of the hit, melting some of the insulation on the ductwork.",https://www.flickr.com/photos/48239130@N07/7607529048,https://live.staticflickr.com/8294/7607529048_46bca515c6_b.jpg,by,2.0,https://creativecommons.org/licenses/by/2.0/,markn3tel,https://www.flickr.com/photos/48239130@N07,48239130@N07,flickr:48239130@N07,6d3468053cc14a8e5768b36156a0199fc78e8040,1024,683,breaker box
images/breaker_panel/openverse_3f3eda53f56e459cbf3b8c6dfb72143f.jpg,breaker_panel,,,unlabeled,0,openverse,3f3eda53-f56e-459c-bf3b-8c6dfb72143f,Wilde Fuse Box,https://www.flickr.com/photos/49503029034@N01/7502597,https://live.staticflickr.com/5/7502597_86f0726c56_b.jpg,by,2.0,https://creativecommons.org/licenses/by/2.0/,moria,https://www.flickr.com/photos/49503029034@N01,49503029034@N01,flickr:49503029034@N01,ad6f3ba979f2754f5cc610d6dd1309ad38f2e68a,768,1024,fuse box
images/breaker_panel/openverse_40c9414496ef4848b9784e12e16ef9df.jpg,breaker_panel,,train,labeled,4,openverse,40c94144-96ef-4848-b978-4e12e16ef9df,Edison's Fuse Box,https://www.flickr.com/photos/31353185@N00/4352032491,https://live.staticflickr.com/2687/4352032491_c60b09a54f_b.jpg,by,2.0,https://creativecommons.org/licenses/by/2.0/,mjhagen,https://www.flickr.com/photos/31353185@N00,31353185@N00,flickr:31353185@N00,261dd203960688726f98c8993d11a88c373fab90,682,1024,fuse box
images/breaker_panel/openverse_40e9cc9b95e64c68b5edb3b05645863f.jpg,breaker_panel,,train,labeled,5,openverse,40e9cc9b-95e6-4c68-b5ed-b3b05645863f,Viral Load Testing in Mozambique,https://www.flickr.com/photos/89075068@N07/51975444781,https://live.staticflickr.com/65535/51975444781_ef78d5fcb2_b.jpg,by,2.0,https://creativecommons.org/licenses/by/2.0/,CDC Global Health,https://www.flickr.com/photos/89075068@N07,89075068@N07,flickr:89075068@N07,76a95b32d4ff29964a14be842aa021869bb79f9e,1024,683,load center
images/breaker_panel/openverse_453a9634078c48808d367eaa59d0991e.jpg,breaker_panel,,,unlabeled,0,openverse,453a9634-078c-4880-8d36-7eaa59d0991e,Evans Metropolitan AME Zion Church,https://www.flickr.com/photos/11629603@N04/5728248640,https://live.staticflickr.com/3175/5728248640_efa779a3b0_b.jpg,by-sa,2.0,https://creativecommons.org/licenses/by-sa/2.0/,Gerry Dincher,https://www.flickr.com/photos/11629603@N04,11629603@N04,flickr:11629603@N04,5875c34bc3a460ea672406fff9eed6140f9c62e2,1024,766,electrical service panel
images/breaker_panel/openverse_47fc738317ee4ba99cae7e8c1137cfda.jpg,breaker_panel,,train,labeled,1,openverse,47fc7383-17ee-4ba9-9cae-7e8c1137cfda,Who hides a spare key in the circuit breaker box???,https://www.flickr.com/photos/88629109@N00/10062846964,https://live.staticflickr.com/2863/10062846964_abc9442d41.jpg,by-sa,2.0,https://creativecommons.org/licenses/by-sa/2.0/,ceonyc,https://www.flickr.com/photos/88629109@N00,88629109@N00,flickr:88629109@N00,5a4305d654549ed2c266b2c60c3463750744eab2,500,500,breaker box
images/breaker_panel/openverse_490da3cf86fc4a769f24ed79e65812c9.jpg,breaker_panel,,,unlabeled,0,openverse,490da3cf-86fc-4a76-9f24-ed79e65812c9,Happy Birthday Neil Armstrong,https://www.flickr.com/photos/44124348109@N01/9447071887,https://live.staticflickr.com/3745/9447071887_d0c59192fd_b.jpg,by,2.0,https://creativecommons.org/licenses/by/2.0/,jurvetson,https://www.flickr.com/photos/44124348109@N01,44124348109@N01,flickr:44124348109@N01,8ac8ed1ee0db004bc14c9816b8d735faaa6288cb,1024,814,breaker panel
images/breaker_panel/openverse_4935faf21f2447eebe51d7d00ba95a72.jpg,breaker_panel,,train,labeled,1,openverse,4935faf2-1f24-47ee-be51-d7d00ba95a72,square d,https://www.flickr.com/photos/7377398@N02/15440605211,https://live.staticflickr.com/5600/15440605211_4f13d98d96_b.jpg,by,2.0,https://creativecommons.org/licenses/by/2.0/,el-toro,https://www.flickr.com/photos/7377398@N02,7377398@N02,flickr:7377398@N02,27dd99902bc23e64727026f71b62f90ca306f9a4,1024,683,breaker box
images/breaker_panel/openverse_49e900a54b4244c1a4d524ab536d1f39.jpg,breaker_panel,,,unlabeled,0,openverse,49e900a5-4b42-44c1-a4d5-24ab536d1f39,Phytoplankton bloom in the Bay of Biscay,https://www.flickr.com/photos/24662369@N07/8692316361,https://live.staticflickr.com/8397/8692316361_73e5c0c2d2_b.jpg,by,2.0,https://creativecommons.org/licenses/by/2.0/,NASA Goddard Photo and Video,https://www.flickr.com/photos/24662369@N07,24662369@N07,nasa:24662369@N07,9a5008787738f4ac68429c5249994b6beb96ffb9,768,1024,load center
images/breaker_panel/openverse_4c06fb272f1b4b15a24d221aba2ab893.jpg,breaker_panel,,train,labeled,2,openverse,4c06fb27-2f1b-4b15-a24d-221aba2ab893,#Airstream electric panel starting to come together.,https://www.flickr.com/photos/39976636@N03/4736477112,https://live.staticflickr.com/4137/4736477112_a3cc0b8d4f_b.jpg,by,2.0,https://creativecommons.org/licenses/by/2.0/,AFresh1,https://www.flickr.com/photos/39976636@N03,39976636@N03,flickr:39976636@N03,b5f2daa0c1e440057a526b2ff0593d42e99662ef,1024,766,electrical panel
images/breaker_panel/openverse_4c6b33291f41486188dc0e50314775d7.jpg,breaker_panel,,train,labeled,2,openverse,4c6b3329-1f41-4861-88dc-0e50314775d7,Replica electrical panel designed to minimize sparks,https://www.flickr.com/photos/24226200@N00/51791555690,https://live.staticflickr.com/65535/51791555690_0b78efb78f_b.jpg,by,2.0,https://creativecommons.org/licenses/by/2.0/,ToastyKen,https://www.flickr.com/photos/24226200@N00,24226200@N00,flickr:24226200@N00,f5fa639a03a35de8d2909332f354c5422289fb55,1024,683,electrical panel
images/breaker_panel/openverse_4cdaa999673b4aff9a6ca21db79cce9c.jpg,breaker_panel,,val,labeled,1,openverse,4cdaa999-673b-4aff-9a6c-a21db79cce9c,Chinese fuse box,https://www.flickr.com/photos/36578919@N00/6846783763,https://live.staticflickr.com/7148/6846783763_0970cb1689_b.jpg,by,2.0,https://creativecommons.org/licenses/by/2.0/,Camille Chenchei,https://www.flickr.com/photos/36578919@N00,36578919@N00,flickr:36578919@N00,c7e848052f76d3439173ce9b8f688783195e84cf,1024,865,fuse box
images/breaker_panel/openverse_4d6b4821812f474aa8cdcb57e3ae74be.jpg,breaker_panel,,,unlabeled,0,openverse,4d6b4821-812f-474a-a8cd-cb57e3ae74be,Space weather effects,https://www.flickr.com/photos/37472264@N04/39180936594,https://live.staticflickr.com/4701/39180936594_5bb430e1ee_b.jpg,by-sa,2.0,https://creativecommons.org/licenses/by-sa/2.0/,europeanspaceagency,https://www.flickr.com/photos/37472264@N04,37472264@N04,flickr:37472264@N04,3b7357818037809c518d18fc14ca1a5c1fb4b212,1024,728,electrical service panel
images/breaker_panel/openverse_4d833a62f9f24791bb6d361e35e9cbc9.jpg,breaker_panel,,,unlabeled,0,openverse,4d833a62-f9f2-4791-bb6d-361e35e9cbc9,Pullen House [harriet's grave in frame],https://www.flickr.com/photos/9649854@N07/45256279384,https://live.staticflickr.com/4887/45256279384_a884ce39a3_b.jpg,by,2.0,https://creativecommons.org/licenses/by/2.0/,i threw a guitar at him.,https://www.flickr.com/photos/9649854@N07,9649854@N07,flickr:9649854@N07,a7ff4d35ac629f9de448506d5ec75aa1281b9df4,1024,683,service entrance electrical
images/breaker_panel/openverse_4fd1507f16b141c68f59c165dba843a0.jpg,breaker_panel,,train,labeled,1,openverse,4fd1507f-16b1-41c6-8f59-c165dba843a0,AG E28 Fuse Box,https://www.flickr.com/photos/87391060@N00/809695023,https://live.staticflickr.com/1236/809695023_91e8243c6e_b.jpg,by,2.0,https://creativecommons.org/licenses/by/2.0/,lmnop88a,https://www.flickr.com/photos/87391060@N00,87391060@N00,flickr:87391060@N00,1b570af6ed1704a19a24896fa635e7b4a8d891bf,1024,683,fuse box
images/breaker_panel/openverse_507b95bb73cf42ad9024d27416f5219f.jpg,breaker_panel,,train,labeled,1,openverse,507b95bb-73cf-42ad-9024-d27416f5219f,Identifying and terminating wires in electrical panels in a power substation Queens. 06-26-19,https://www.flickr.com/photos/59595815@N03/48146738962,https://live.staticflickr.com/65535/48146738962_a15d4531c6_b.jpg,by,2.0,https://creativecommons.org/licenses/by/2.0/,MTA C&D - EAST SIDE ACCESS,https://www.flickr.com/photos/59595815@N03,59595815@N03,flickr:59595815@N03,67ba1566c1f066aca00caa00b983f65f3b823a06,1024,768,electrical panel
images/breaker_panel/openverse_537aa370a0f9427fa21effcc6b44e278.jpg,breaker_panel,,,unlabeled,0,openverse,537aa370-a0f9-427f-a21e-ffcc6b44e278,Final test,https://www.flickr.com/photos/52365139@N05/19406283141,https://live.staticflickr.com/549/19406283141_9a01e43dd2_b.jpg,by-sa,2.0,https://creativecommons.org/licenses/by-sa/2.0/,dvanzuijlekom,https://www.flickr.com/photos/52365139@N05,52365139@N05,flickr:52365139@N05,909d3099aa5e34a2d161086bccedefbf7f815ea1,683,1024,main breaker
images/breaker_panel/openverse_544f3d577f3b4b5bb352f8763f40840f.jpg,breaker_panel,,train,labeled,1,openverse,544f3d57-7f3b-4b5b-b352-f8763f40840f,387123 DMOS B cab in 424123,https://www.flickr.com/photos/99279135@N05/19086738102,https://live.staticflickr.com/462/19086738102_b20c804f52_b.jpg,by-sa,2.0,https://creativecommons.org/licenses/by-sa/2.0/,train_photos,https://www.flickr.com/photos/99279135@N05,99279135@N05,flickr:99279135@N05,5365c72897e3a0c5407a6596f72e5d4f669a59a9,1024,768,main breaker
images/breaker_panel/openverse_54d51da3499541728ad3c76c8d277605.jpg,breaker_panel,,,unlabeled,0,openverse,54d51da3-4995-4172-8ad3-c76c8d277605,Moutaineering program training [Image 9 of 20],https://www.flickr.com/photos/28650594@N03/6163845258,https://live.staticflickr.com/6172/6163845258_d2b2559dbf_b.jpg,by,2.0,https://creativecommons.org/licenses/by/2.0/,DVIDSHUB,https://www.flickr.com/photos/28650594@N03,28650594@N03,flickr:28650594@N03,d2489f22556ffb392c86a3dbfbc575b96b323b13,752,1024,load center
images/breaker_panel/openverse_550afc31986048a6baece6c624508449.jpg,breaker_panel,,,unlabeled,0,openverse,550afc31-9860-48a6-baec-e6c624508449,"A 6' wide double door provides easy and complete access to the electric panels, cable, and alarm system.",https://www.flickr.com/photos/130832661@N04/15763698493,https://live.staticflickr.com/7383/15763698493_816d5c7433_b.jpg,by-sa,2.0,https://creativecommons.org/licenses/by-sa/2.0/,NLT CONSTRUCTION,https://www.flickr.com/photos/130832661@N04,130832661@N04,flickr:130832661@N04,878642f2e434e27f25c4977a38beeebd639bba7f,1024,683,electrical panel
images/breaker_panel/openverse_5648780bec1d426eade6ce33d4ef1a4a.jpg,breaker_panel,,val,labeled,1,openverse,5648780b-ec1d-426e-ade6-ce33d4ef1a4a,IMG_1352,https://www.flickr.com/photos/21713128@N08/7258847120,https://live.staticflickr.com/7223/7258847120_f91a390d72_b.jpg,by,2.0,https://creativecommons.org/licenses/by/2.0/,doktor x,https://www.flickr.com/photos/21713128@N08,21713128@N08,flickr:21713128@N08,c15368d3b7ac8f99cedf8960df41024d1b364f92,1024,683,circuit breaker panel
images/breaker_panel/openverse_57430720403c4e6abcb6a06034984a36.jpg,breaker_panel,,,unlabeled,0,openverse,57430720-403c-4e6a-bcb6-a06034984a36,20150724-NRCS-LSC-0151,https://www.flickr.com/photos/41284017@N08/20711770332,https://live.staticflickr.com/5799/20711770332_23584689d7_b.jpg,pdm,1.0,https://creativecommons.org/publicdomain/mark/1.0/,USDAgov,https://www.flickr.com/photos/41284017@N08,41284017@N08,flickr:41284017@N08,2a77931eb86f2770911f4a523479d4c21051968c,1023,788,electrical service panel
images/breaker_panel/openverse_5b31f14fd0af40a0842f23ea28ed5a7a.jpg,breaker_panel,,,unlabeled,0,openverse,5b31f14f-d0af-40a0-842f-23ea28ed5a7a,10> Wednesday afternoon: Hitch hike to Sibenik,https://www.flickr.com/photos/17997014@N00/708143170,https://live.staticflickr.com/1282/708143170_63a1504a42_b.jpg,by-sa,2.0,https://creativecommons.org/licenses/by-sa/2.0/,TijsB,https://www.flickr.com/photos/17997014@N00,17997014@N00,flickr:17997014@N00,d30d7d5ef9ac5fb4ad106ac254e210dc8198aa5e,768,1024,main breaker
images/breaker_panel/openverse_5c0e14c12a4f48b68153a73dd4204dd4.jpg,breaker_panel,,,unlabeled,0,openverse,5c0e14c1-2a4f-48b6-8153-a73dd4204dd4,NGC 4278 & 4283,https://www.flickr.com/photos/54209675@N00/17221350779,https://live.staticflickr.com/8737/17221350779_53a0bff691_b.jpg,by,2.0,https://creativecommons.org/licenses/by/2.0/,geckzilla,https://www.flickr.com/photos/54209675@N00,54209675@N00,flickr:54209675@N00,f46288864ba207748f785efeb7c5f2e47a0fb802,1024,865,electrical service panel
images/breaker_panel/openverse_5db41fbc2d2e4710b3754d0337b5ed02.jpg,breaker_panel,,train,labeled,1,openverse,5db41fbc-2d2e-4710-b375-4d0337b5ed02,Electrical breaker boxes water pump,https://www.rawpixel.com/image/11073052/photo-image-plant-person-grass,https://images.rawpixel.com/editor_1024/cHJpdmF0ZS9sci9pbWFnZXMvd2Vic2l0ZS8yMDIzLTAzL2ZsNTI1NjAyNTI3NDUtaW1hZ2UuanBn.jpg,cc0,1.0,https://creativecommons.org/publicdomain/zero/1.0/,U.S. Department of Agriculture,,U.S. Department of Agriculture,rawpixel:U.S. Department of Agriculture,3efe85920a63c5baa9afb6adb9037955cf478a42,1024,683,breaker box
images/breaker_panel/openverse_5dedc5d256934132b2cd0e5bd14b17f8.jpg,breaker_panel,,,unlabeled,0,openverse,5dedc5d2-5693-4132-b2cd-0e5bd14b17f8,Circuit Breakers,https://www.flickr.com/photos/80522246@N00/13003409335,https://live.staticflickr.com/2174/13003409335_8c8597cdb0_b.jpg,by,2.0,https://creativecommons.org/licenses/by/2.0/,1lenore,https://www.flickr.com/photos/80522246@N00,80522246@N00,flickr:80522246@N00,8b36bfe0e90815a227651d01a214c8f05f67a4fb,1024,683,circuit breakers
images/breaker_panel/openverse_60aef28c6c144ecfb89abcc1030a0a20.jpg,breaker_panel,,train,labeled,1,openverse,60aef28c-6c14-4ecf-b89a-bcc1030a0a20,210525-N-UN585-1048,https://www.flickr.com/photos/94966166@N02/51206179458,https://live.staticflickr.com/65535/51206179458_c06c62eb69_b.jpg,pdm,1.0,https://creativecommons.org/publicdomain/mark/1.0/,CNE CNA C6F,https://www.flickr.com/photos/94966166@N02,94966166@N02,flickr:94966166@N02,f33951fb0c740bb2c15528c54bd8d145e0735044,1024,683,circuit breaker panel
images/breaker_panel/openverse_615e14bc31094c3abf6ecccc345ed617.jpg,breaker_panel,,train,labeled,1,openverse,615e14bc-3109-4c3a-bf6e-cccc345ed617,Connecting cables in an electrical panel for the tunnel ventilation fan. 06-20-19,https://www.flickr.com/photos/59595815@N03/48105099898,https://live.staticflickr.com/65535/48105099898_27492c1479_b.jpg,by,2.0,https://creativecommons.org/licenses/by/2.0/,MTA C&D - EAST SIDE ACCESS,https://www.flickr.com/photos/59595815@N03,59595815@N03,flickr:59595815@N03,b63d082b953e559ecd1d89761b82e61187365aca,1024,768,electrical panel
images/breaker_panel/openverse_61ba43d2c91a48339be1c58cc0bb5c8b.jpg,breaker_panel,,train,labeled,1,openverse,61ba43d2-c91a-4833-9be1-c58cc0bb5c8b,SC5832 Circuit Breakers,https://www.flickr.com/photos/21881956@N05/2545657717,https://live.staticflickr.com/3125/2545657717_fd0bfaa8f3_b.jpg,by,2.0,https://creativecommons.org/licenses/by/2.0/,vaxomatic,https://www.flickr.com/photos/21881956@N05,21881956@N05,flickr:21881956@N05,3f9e7a2842d2d81261d0773a52265f7123fc8b0d,1024,688,circuit breakers
images/breaker_panel/openverse_64c3301dc84d4ee78cfa7872c625148e.jpg,breaker_panel,,train,labeled,2,openverse,64c3301d-c84d-4ee7-8cfa-7872c625148e,Fuse box that wouldn't pull down...,https://www.flickr.com/photos/32659528@N00/366073568,https://live.staticflickr.com/139/366073568_fee985c1ca_b.jpg,by,2.0,https://creativecommons.org/licenses/by/2.0/,exfordy,https://www.flickr.com/photos/32659528@N00,32659528@N00,flickr:32659528@N00,e70f9bf6f3f31cb1318f08bea6176c2a94a4856c,1024,768,fuse box
images/breaker_panel/openverse_653190aee3e648cd883fdc1a7a32d6ba.jpg,breaker_panel,,train,labeled,4,openverse,653190ae-e3e6-48cd-883f-dc1a7a32d6ba,"A 6' wide double door provides easy and complete access to the electric panels, cable, and alarm system.",https://www.flickr.com/photos/130832661@N04/16382789352,https://live.staticflickr.com/7362/16382789352_a01bf253d1_b.jpg,by-sa,2.0,https://creativecommons.org/licenses/by-sa/2.0/,NLT CONSTRUCTION,https://www.flickr.com/photos/130832661@N04,130832661@N04,flickr:130832661@N04,412787fb43486893c3e82d5c2eb2baf0ffa4a4e6,1024,683,electrical panel
images/breaker_panel/openverse_654f9e04f442446fb2939c2db601deb4.jpg,breaker_panel,,train,labeled,1,openverse,654f9e04-f442-446f-b293-9c2db601deb4,Domestic Circuit Breaker,https://www.flickr.com/photos/151653494@N04/33174359481,https://live.staticflickr.com/3853/33174359481_b668a2aa9c_b.jpg,by,2.0,https://creativecommons.org/licenses/by/2.0/,CORGI HomePlan,https://www.flickr.com/photos/151653494@N04,151653494@N04,flickr:151653494@N04,f4b336e70f379d8f56452f2a3a038be2d6597f5a,681,1023,circuit breakers
images/breaker_panel/openverse_65ecb0183684488ba83b5a8929cfa5f9.jpg,breaker_panel,,val,labeled,1,openverse,65ecb018-3684-488b-a83b-5a8929cfa5f9,Cygnus Cargo Load for Orbital CRS-3,https://www.flickr.com/photos/24662369@N07/15614392611,https://live.staticflickr.com/3939/15614392611_c839ca9161_b.jpg,by,2.0,https://creativecommons.org/licenses/by/2.0/,NASA Goddard Photo and Video,https://www.flickr.com/photos/24662369@N07,24662369@N07,nasa:24662369@N07,3f4b4006ef6db9446d65bb51ed4f0f5efd588f81,1024,683,load center
images/breaker_panel/openverse_665f291c4afd4e1485701fdc275a3d2f.jpg,breaker_panel,,train,labeled,1,openverse,665f291c-4afd-4e14-8570-1fdc275a3d2f,Filing the electrical plug,https://www.flickr.com/photos/52365139@N05/19402159815,https://live.staticflickr.com/514/19402159815_34affe7d18_b.jpg,by-sa,2.0,https://creativecommons.org/licenses/by-sa/2.0/,dvanzuijlekom,https://www.flickr.com/photos/52365139@N05,52365139@N05,flickr:52365139@N05,1c4b121950c3e6af29f307267d69a60625c4acf2,683,1024,main breaker
images/breaker_panel/openverse_66bc13f599444427bf8def6726c3009c.jpg,breaker_panel,,train,labeled,1,openverse,66bc13f5-9944-4427-bf8d-ef6726c3009c,The circuit breaker,https://www.flickr.com/photos/129630249@N07/45303964584,https://live.staticflickr.com/4910/45303964584_6010a2138e_b.jpg,cc0,1.0,https://creativecommons.org/publicdomain/zero/1.0/,shreedhar.inamdar,https://www.flickr.com/photos/129630249@N07,129630249@N07,flickr:129630249@N07,79b7b02eee863f333ea7b8a7ed3e08f7162f5bfb,731,1024,circuit breakers
images/breaker_panel/openverse_677b1949f261442ebddd91b1098a47b9.jpg,breaker_panel,,train,labeled,1,openverse,677b1949-f261-442e-bddd-91b1098a47b9,Using a belt saw on the PVC pipe,https://www.flickr.com/photos/52365139@N05/19376080296,https://live.staticflickr.com/266/19376080296_55c904dc7b_b.jpg,by-sa,2.0,https://creativecommons.org/licenses/by-sa/2.0/,dvanzuijlekom,https://www.flickr.com/photos/52365139@N05,52365139@N05,flickr:52365139@N05,3edb0056318cdbe3c1e2c61dc5108fea30c59f77,1024,684,main breaker
images/breaker_panel/openverse_69319be1afe54e859c6cba14eb879284.jpg,breaker_panel,,train,labeled,1,openverse,69319be1-afe5-4e85-9c6c-ba14eb879284,210525-N-UN585-1061,https://www.flickr.com/photos/94966166@N02/51205971191,https://live.staticflickr.com/65535/51205971191_dab2959a7e_b.jpg,pdm,1.0,https://creativecommons.org/publicdomain/mark/1.0/,CNE CNA C6F,https://www.flickr.com/photos/94966166@N02,94966166@N02,flickr:94966166@N02,dc0321a09178cc8aa5cb1c3e0218f6e609e87a33,1024,683,circuit breaker panel
images/breaker_panel/openverse_69b96d717c4649c48fec2a9ed87751ac.jpg,breaker_panel,,val,labeled,1,openverse,69b96d71-7c46-49c4-8fec-2a9ed87751ac,110317_F_DU133_015,https://www.flickr.com/photos/69779878@N00/5543643257,https://live.staticflickr.com/5291/5543643257_506d63ba49_b.jpg,by,2.0,https://creativecommons.org/licenses/by/2.0/,"176th Wing, Alaska Air National Guard",https://www.flickr.com/photos/69779878@N00,69779878@N00,flickr:69779878@N00,4ccfa462fd6fe80a3d9d506a94e7cf4784e04f27,1024,675,circuit breaker panel
images/breaker_panel/openverse_6acace20bf944ff69d64914e9ec20dc4.jpg,breaker_panel,,train,labeled,1,openverse,6acace20-bf94-4ff6-9d64-914e9ec20dc4,Fuse Box,https://www.flickr.com/photos/57994656@N05/5467221663,https://live.staticflickr.com/5291/5467221663_2b155c5a9a_b.jpg,by,2.0,https://creativecommons.org/licenses/by/2.0/,YuMaNuMa,https://www.flickr.com/photos/57994656@N05,57994656@N05,flickr:57994656@N05,da26d601d6aa2b9c5aa7ba40448b49f16d4db3cb,1024,686,fuse box
images/breaker_panel/openverse_6bf513b5aa5c441483485e6f13dcbe00.jpg,breaker_panel,,train,labeled,1,openverse,6bf513b5-aa5c-4414-8348-5e6f13dcbe00,Fuse Box (closeup),https://www.flickr.com/photos/52365139@N05/6433233465,https://live.staticflickr.com/7014/6433233465_185797c29a_b.jpg,by-sa,2.0,https://creativecommons.org/licenses/by-sa/2.0/,dvanzuijlekom,https://www.flickr.com/photos/52365139@N05,52365139@N05,flickr:52365139@N05,a2b56b2d47a1193668726af5f96ca213745778d0,1024,682,fuse box
images/breaker_panel/openverse_6c43453f944043018bcd6a0e25a97885.jpg,breaker_panel,,,unlabeled,0,openverse,6c43453f-9440-4301-8bcd-6a0e25a97885,Sperm whale diving.,https://www.flickr.com/photos/88123769@N02/52566646790,https://live.staticflickr.com/65535/52566646790_98932c63ed_b.jpg,pdm,1.0,https://creativecommons.org/publicdomain/mark/1.0/,Bernard Spragg,https://www.flickr.com/photos/88123769@N02,88123769@N02,flickr:88123769@N02,c12aff6d4ae96c00518b2303865bbc03ae1f0321,1023,612,breaker box
images/breaker_panel/openverse_6cddb01f0c5a4480846853db8974cd7f.jpg,breaker_panel,,train,labeled,1,openverse,6cddb01f-0c5a-4480-8468-53db8974cd7f,Coloured Circuit Breaker Panel,https://www.flickr.com/photos/44389375@N00/1245142933,https://live.staticflickr.com/1357/1245142933_36058d0569_b.jpg,by-sa,2.0,https://creativecommons.org/licenses/by-sa/2.0/,CDN Aviator,https://www.flickr.com/photos/44389375@N00,44389375@N00,flickr:44389375@N00,97c1f3141baf17228216f1cedface5b0d9857581,1024,768,breaker panel
images/breaker_panel/openverse_6e84e17579ab4d3ebb354e3c17344cea.jpg,breaker_panel,,,unlabeled,0,openverse,6e84e175-79ab-4d3e-bb35-4e3c17344cea,Planet Waves The Circuit Breaker / 10ft,https://www.flickr.com/photos/44124362019@N01/155599032,https://live.staticflickr.com/45/155599032_91f3e141af_b.jpg,by,2.0,https://creativecommons.org/licenses/by/2.0/,yoppy,https://www.flickr.com/photos/44124362019@N01,44124362019@N01,flickr:44124362019@N01,1201f076ce79fc8a4fabe34d7c20c535dbbd609f,1024,683,circuit breakers
images/breaker_panel/openverse_70fb227289584de4b70924d4753070c6.jpg,breaker_panel,,train,labeled,1,openverse,70fb2272-8958-4de4-b709-24d4753070c6,1960's out of service electrical panel,https://www.flickr.com/photos/28364885@N02/49919757408,https://live.staticflickr.com/65535/49919757408_6ca6a7ae0d_b.jpg,by,2.0,https://creativecommons.org/licenses/by/2.0/,OregonDOT,https://www.flickr.com/photos/28364885@N02,28364885@N02,flickr:28364885@N02,2be691ede75c907db6487955ffb2feedd32e1bfb,768,1024,electrical panel
images/breaker_panel/openverse_73ddb6232e0c45dfbf5a8929c3cd3404.jpg,breaker_panel,,train,labeled,1,openverse,73ddb623-2e0c-45df-bf5a-8929c3cd3404,Upstairs MR breaker panel,https://www.flickr.com/photos/21881956@N05/3726676241,https://live.staticflickr.com/2555/3726676241_fc8c1fb85a_b.jpg,by,2.0,https://creativecommons.org/licenses/by/2.0/,vaxomatic,https://www.flickr.com/photos/21881956@N05,21881956@N05,flickr:21881956@N05,bf76f6628ed3244f043f23fd0bdcb827e1503cba,1024,688,breaker panel
images/breaker_panel/openverse_74dde67dd8f94136a2855c5ae3f35a1f.jpg,breaker_panel,,,unlabeled,0,openverse,74dde67d-d8f9-4136-a285-5c5ae3f35a1f,"Ace Breaker, jeu gestuel et interactif sur table-écran (Futur en Seine 2015)",https://www.flickr.com/photos/72746018@N00/19000079625,https://live.staticflickr.com/388/19000079625_c3c64b07a1_b.jpg,by,2.0,https://creativecommons.org/licenses/by/2.0/,dalbera,https://www.flickr.com/photos/72746018@N00,72746018@N00,flickr:72746018@N00,6511054cba80d658a6ab5c48d06a85e1da8e8489,1024,642,main breaker
images/breaker_panel/openverse_76433cc87ba844cfa03bcaa94b2374f9.jpg,breaker_panel,,,unlabeled,0,openverse,76433cc8-7ba8-44cf-a03b-caa94b2374f9,20150724-NRCS-LSC-0366,https://www.flickr.com/photos/41284017@N08/20733220789,https://live.staticflickr.com/630/20733220789_ed70e571d8_b.jpg,pdm,1.0,https://creativecommons.org/publicdomain/mark/1.0/,USDAgov,https://www.flickr.com/photos/41284017@N08,41284017@N08,flickr:41284017@N08,bded66049b68a72e6d5be5854a75872b935d80d9,1024,682,electrical service panel
images/breaker_panel/openverse_76736b0d79e14bdcadbad7d6e2c3ab90.jpg,breaker_panel,,,unlabeled,0,openverse,76736b0d-79e1-4bdc-adba-d7d6e2c3ab90,20150724-NRCS-LSC-0364,https://www.flickr.com/photos/41284017@N08/20920014795,https://live.staticflickr.com/5791/20920014795_363d712ae1_b.jpg,pdm,1.0,https://creativecommons.org/publicdomain/mark/1.0/,USDAgov,https://www.flickr.com/photos/41284017@N08,41284017@N08,flickr:41284017@N08,24cd651740b94db7b75ef92c93ea6e4b01527ef4,1024,682,electrical service panel
images/breaker_panel/openverse_772f25d1479c42f2a5a14d1ba4616c11.jpg,breaker_panel,,train,labeled,4,openverse,772f25d1-479c-42f2-a5a1-4d1ba4616c11,CS179 - 39th St. & B13 - Installation of Electrical Panels LPE-2 & Power Panel-2 in Motor Control Center Room at Station 1228+00 of Tunnel LL (2) (07-25-2017),https://www.flickr.com/photos/59595815@N03/35813407170,https://live.staticflickr.com/4322/35813407170_4264d958e0_b.jpg,by,2.0,https://creativecommons.org/licenses/by/2.0/,MTA C&D - EAST SIDE ACCESS,https://www.flickr.com/photos/59595815@N03,59595815@N03,flickr:59595815@N03,51ee7edb0fefe894fa56072d6cc6281c50c93830,1024,768,electrical panel
images/breaker_panel/openverse_7747ab2495ae4ade974d9f9edd0da7ca.jpg,breaker_panel,,train,labeled,3,openverse,7747ab24-95ae-4ade-974d-9f9edd0da7ca,MATH G109 Power panel adding circuits,https://www.flickr.com/photos/21881956@N05/3313374936,https://live.staticflickr.com/3558/3313374936_1277606991_b.jpg,by,2.0,https://creativecommons.org/licenses/by/2.0/,vaxomatic,https://www.flickr.com/photos/21881956@N05,21881956@N05,flickr:21881956@N05,be8e2af56b67fe5682e19b5e271c1954b5f315f1,688,1024,breaker panel
images/breaker_panel/openverse_775e33647e964ed48a7b9c766fdeff34.jpg,breaker_panel,,train,labeled,1,openverse,775e3364-7e96-4ed4-8a7b-9c766fdeff34,Fuse Box,https://www.flickr.com/photos/52365139@N05/6433228955,https://live.staticflickr.com/7171/6433228955_07cfffd23e_b.jpg,by-sa,2.0,https://creativecommons.org/licenses/by-sa/2.0/,dvanzuijlekom,https://www.flickr.com/photos/52365139@N05,52365139@N05,flickr:52365139@N05,a76de37b5997dc2e670d9b4dc8dc69269bdbbb3e,682,1024,fuse box
images/breaker_panel/openverse_781acd70224340ed96073169c670e5fd.jpg,breaker_panel,,train,labeled,1,openverse,781acd70-2243-40ed-9607-3169c670e5fd,Relay PCB,https://www.flickr.com/photos/99525316@N00/11378007003,https://live.staticflickr.com/3689/11378007003_5c5bec0a9e_b.jpg,by-sa,2.0,https://creativecommons.org/licenses/by-sa/2.0/,shalf,https://www.flickr.com/photos/99525316@N00,99525316@N00,flickr:99525316@N00,e1b925a2b4543f33e0bef64de61b14eaaad32b78,1024,768,circuit breaker panel
images/breaker_panel/openverse_7936dd9cad374e3a8bcaa756aa8f5dd2.jpg,breaker_panel,,val,labeled,1,openverse,7936dd9c-ad37-4e3a-8bca-a756aa8f5dd2,Electric Panels in a Park,https://www.flickr.com/photos/23870457@N06/4063606287,https://live.staticflickr.com/2511/4063606287_cc86553508_b.jpg,by-sa,2.0,https://creativecommons.org/licenses/by-sa/2.0/,Pam_Broviak,https://www.flickr.com/photos/23870457@N06,23870457@N06,flickr:23870457@N06,102610aa0a340ea0a6147a4438f2f80e88270f4d,1024,768,electrical panel
images/breaker_panel/openverse_7955b5a1ef2141b484ca8a0aa52e1298.jpg,breaker_panel,,train,labeled,17,openverse,7955b5a1-ef21-41b4-84ca-8a0aa52e1298,Circuit breakers,https://www.flickr.com/photos/35828669@N00/394209952,https://live.staticflickr.com/124/394209952_82bb87aa8d_b.jpg,by,2.0,https://creativecommons.org/licenses/by/2.0/,Spencer T.,https://www.flickr.com/photos/35828669@N00,35828669@N00,flickr:35828669@N00,90be233a9926e1ca2b8ed0e76735f481b523e804,1024,767,circuit breakers
images/breaker_panel/openverse_79d4347ac2964af2833a6f88a282dbb1.jpg,breaker_panel,,train,labeled,1,openverse,79d4347a-c296-4af2-833a-6f88a282dbb1,Circuit Breaker,https://www.flickr.com/photos/49062413@N00/3354702763,https://live.staticflickr.com/3550/3354702763_a5a814c903_b.jpg,by,2.0,https://creativecommons.org/licenses/by/2.0/,Helga's Lobster Stew,https://www.flickr.com/photos/49062413@N00,49062413@N00,flickr:49062413@N00,bd1c32c022d6e8d1cf689a79d4f3dce9f929a2c7,1024,907,circuit breakers
images/breaker_panel/openverse_7a6e2030b7d44040bb6ca18998bdcd85.jpg,breaker_panel,,train,labeled,2,openverse,7a6e2030-b7d4-4040-bb6c-a18998bdcd85,"Unloading of electrical equipment such as switchgears, transformers, and electrical panels to an electrical room in Queens. 11-18-20",https://www.flickr.com/photos/59595815@N03/50625451102,https://live.staticflickr.com/65535/50625451102_9804c36450_b.jpg,by,2.0,https://creativecommons.org/licenses/by/2.0/,MTA C&D - EAST SIDE ACCESS,https://www.flickr.com/photos/59595815@N03,59595815@N03,flickr:59595815@N03,72bec56045232066e84fbf622c8d32ff88c8a39b,1024,683,electrical panel
images/breaker_panel/openverse_7bbf820ad6b9449ea1083a6b2df2fc48.jpg,breaker_panel,,,unlabeled,0,openverse,7bbf820a-d6b9-449e-a108-3a6b2df2fc48,Don't Scab! 1951 Waterfront Dispute,https://www.flickr.com/photos/35759981@N08/12229830095,https://live.staticflickr.com/7364/12229830095_a13ee72d85_b.jpg,by,2.0,https://creativecommons.org/licenses/by/2.0/,Archives New Zealand,https://www.flickr.com/photos/35759981@N08,35759981@N08,flickr:35759981@N08,4e902b0d4c43437bac65af22d81b3d6fb23ef298,693,1023,breaker box
images/breaker_panel/openverse_7dd82ffdf1d944b695d7246c09ba739c.jpg,breaker_panel,,,unlabeled,0,openverse,7dd82ffd-f1d9-44b6-95d7-246c09ba739c,Now That's A Fuse Box,https://www.flickr.com/photos/84617037@N00/131642063,https://live.staticflickr.com/47/131642063_322d394600_b.jpg,by,2.0,https://creativecommons.org/licenses/by/2.0/,Clearly Ambiguous,https://www.flickr.com/photos/84617037@N00,84617037@N00,flickr:84617037@N00,09f38be38091df503dc5ed8f978e8598a1d11b3b,683,1024,fuse box
images/breaker_panel/openverse_7f2f7130c9ed4a4d8df0a27f8e0a256d.jpg,breaker_panel,,,unlabeled,0,openverse,7f2f7130-c9ed-4a4d-8df0-a27f8e0a256d,Tomoko Fuse's Box with Flower Decoration,https://www.flickr.com/photos/69208357@N00/6667137603,https://live.staticflickr.com/7002/6667137603_871d82436f_b.jpg,by,2.0,https://creativecommons.org/licenses/by/2.0/,georigami,https://www.flickr.com/photos/69208357@N00,69208357@N00,flickr:69208357@N00,354ff8ab5f3a888570ed341385fd9e49d479cfb0,1024,768,fuse box
images/breaker_panel/openverse_80366feb6343412d846907bc11d398fc.jpg,breaker_panel,,train,labeled,1,openverse,80366feb-6343-412d-8469-07bc11d398fc,Electrical panel finished,https://www.flickr.com/photos/34197011@N00/202290783,https://live.staticflickr.com/70/202290783_65a8eead40_b.jpg,by-sa,2.0,https://creativecommons.org/licenses/by-sa/2.0/,scottbb,https://www.flickr.com/photos/34197011@N00,34197011@N00,flickr:34197011@N00,25fbff922cb0730fb635bf927cbc43f3461abbc9,768,1024,breaker panel
images/breaker_panel/openverse_813d6d6e916244f48dc875abc420f602.jpg,breaker_panel,,,unlabeled,0,openverse,813d6d6e-9162-44f4-8dc8-75abc420f602,Deflated Castle,https://www.flickr.com/photos/22324943@N00/1680768581,https://live.staticflickr.com/2354/1680768581_d439783715_b.jpg,by,2.0,https://creativecommons.org/licenses/by/2.0/,reynolds.james.e,https://www.flickr.com/photos/22324943@N00,22324943@N00,flickr:22324943@N00,9b685d5cdd7b578bf7e2ddcd04a23a76e40f415d,1024,768,breaker box
images/breaker_panel/openverse_823ea76b1b694a3aae25b69dbf1ae146.jpg,breaker_panel,,train,labeled,6,openverse,823ea76b-1b69-4a3a-ae25-b69dbf1ae146,Fuse box,https://www.flickr.com/photos/85126743@N00/305101145,https://live.staticflickr.com/111/305101145_c1451f86e3_b.jpg,by,2.0,https://creativecommons.org/licenses/by/2.0/,post406,https://www.flickr.com/photos/85126743@N00,85126743@N00,flickr:85126743@N00,ab5cbd2d78f4085e83b23876181ecc241bf22ba2,768,1024,fuse box
images/breaker_panel/openverse_826583d84d2242308fdd0bf52d8a1cf9.jpg,breaker_panel,,train,labeled,1,openverse,826583d8-4d22-4230-8fdd-0bf52d8a1cf9,OLD FUSE BOX,https://www.flickr.com/photos/55280400@N05/5502435581,https://live.staticflickr.com/5171/5502435581_d71ea2c2c2_b.jpg,by-sa,2.0,https://creativecommons.org/licenses/by-sa/2.0/,sub35089,https://www.flickr.com/photos/55280400@N05,55280400@N05,flickr:55280400@N05,a1946cb3a9fcb8d8ed32729fa7f6ef982e441c23,732,1024,fuse box
images/breaker_panel/openverse_8420fdb3599b4edfbdab64dd965e2fc0.jpg,breaker_panel,,,unlabeled,0,openverse,8420fdb3-599b-4edf-bdab-64dd965e2fc0,CM019 - Loading Center Pillar Blast Holes in West Bound Cavern (7-9-2012),https://www.flickr.com/photos/59595815@N03/7557135302,https://live.staticflickr.com/8155/7557135302_14803c8d21_b.jpg,by,2.0,https://creativecommons.org/licenses/by/2.0/,MTA C&D - EAST SIDE ACCESS,https://www.flickr.com/photos/59595815@N03,59595815@N03,flickr:59595815@N03,3e329dd9f999b46d1b112cea2659982e7be19f90,1024,768,load center
images/breaker_panel/openverse_84a9f5bcdfe74ebc8e185d9cb0a92b5c.jpg,breaker_panel,,,unlabeled,0,openverse,84a9f5bc-dfe7-4ebc-8e18-5d9cb0a92b5c,Arlington National Cemetery - looking W up Custis Walk at Arlington House 2 - 2011,https://www.flickr.com/photos/23165290@N00/6508470213,https://live.staticflickr.com/7170/6508470213_9150b13657_b.jpg,by-sa,2.0,https://creativecommons.org/licenses/by-sa/2.0/,Tim Evanson,https://www.flickr.com/photos/23165290@N00,23165290@N00,flickr:23165290@N00,1e3ed29cf14796b858c0ac07806203571be9ee4a,682,1023,service entrance electrical
images/breaker_panel/openverse_84edf559122445f68780baa318d8fd6b.jpg,breaker_panel,,train,labeled,1,openverse,84edf559-1224-45f6-8780-baa318d8fd6b,Ethernet Patch Panel - Rear,https://www.flickr.com/photos/84816487@N00/2261404199,https://live.staticflickr.com/2126/2261404199_8b48410e99_b.jpg,by,2.0,https://creativecommons.org/licenses/by/2.0/,dmitrybarsky,https://www.flickr.com/photos/84816487@N00,84816487@N00,flickr:84816487@N00,a9d9fe3ad922782d92284ea3df246340793e236a,1024,768,electrical service panel
images/breaker_panel/openverse_865e1e49d8f549bea76da1bf3f4a52b9.jpg,breaker_panel,,,unlabeled,0,openverse,865e1e49-d8f5-49be-a76d-a1bf3f4a52b9,El Faro 'Les Eclaireurs',https://www.flickr.com/photos/33037982@N04/3529699628,https://live.staticflickr.com/2297/3529699628_3ce040fa33_b.jpg,by-sa,2.0,https://creativecommons.org/licenses/by-sa/2.0/,wallygrom,https://www.flickr.com/photos/33037982@N04,33037982@N04,flickr:33037982@N04,ed0138f2f645cba7248f3446fff691df29fc3836,1024,677,service entrance electrical
images/breaker_panel/openverse_87dacbd940d343a5af074a30c774f256.jpg,breaker_panel,,val,labeled,2,openverse,87dacbd9-40d3-43a5-af07-4a30c774f256,NASA Webb Mirror is 'CIAF' and Sound,https://www.flickr.com/photos/24662369@N07/10591383354,https://live.staticflickr.com/5492/10591383354_5b938b1bd2_b.jpg,by,2.0,https://creativecommons.org/licenses/by/2.0/,NASA Goddard Photo and Video,https://www.flickr.com/photos/24662369@N07,24662369@N07,nasa:24662369@N07,d6aa98ad9357ad029d75479f214ca99a4869b657,1023,646,load center
images/breaker_panel/openverse_885ad32b8f0244f0b206764ae65a8987.jpg,breaker_panel,,train,labeled,1,openverse,885ad32b-8f02-44f0-b206-764ae65a8987,inside fuse box,https://www.flickr.com/photos/79023099@N00/13048236265,https://live.staticflickr.com/7353/13048236265_e15245c585_b.jpg,by,2.0,https://creativecommons.org/licenses/by/2.0/,Wild Guru Larry,https://www.flickr.com/photos/79023099@N00,79023099@N00,flickr:79023099@N00,1823e7b768cbb029fdfce5fd2cb0128eefd12d51,1024,768,fuse box
images/breaker_panel/openverse_8916f90498e3432a98e8e88792e1f576.jpg,breaker_panel,,train,labeled,1,openverse,8916f904-98e3-432a-98e8-e88792e1f576,Mmm.. Fuse Box,https://www.flickr.com/photos/57827564@N03/8376841307,https://live.staticflickr.com/8364/8376841307_d837974822.jpg,by,2.0,https://creativecommons.org/licenses/by/2.0/,Richard_of_England,https://www.flickr.com/photos/57827564@N03,57827564@N03,flickr:57827564@N03,51de1ef9942a55fcee9f302c10221189fd2ef025,500,500,fuse box
images/breaker_panel/openverse_8b57f546c3a9440f9f39e948206c3277.jpg,breaker_panel,,train,labeled,4,openverse,8b57f546-c3a9-440f-9f39-e948206c3277,Fuse box,https://www.flickr.com/photos/44124304762@N01/6019406612,https://live.staticflickr.com/6141/6019406612_ebdc4d2320_b.jpg,by-sa,2.0,https://creativecommons.org/licenses/by-sa/2.0/,olleolleolle,https://www.flickr.com/photos/44124304762@N01,44124304762@N01,flickr:44124304762@N01,67a3ce2a22faa737fce6530cbb1686c04d19e9b1,1024,768,fuse box
images/breaker_panel/openverse_8bccde2f0114490ab1dedf549b9d7966.jpg,breaker_panel,,train,labeled,1,openverse,8bccde2f-0114-490a-b1de-df549b9d7966,NEMA to CEE 7,https://www.flickr.com/photos/52365139@N05/18781536313,https://live.staticflickr.com/416/18781536313_d5835c834d_b.jpg,by-sa,2.0,https://creativecommons.org/licenses/by-sa/2.0/,dvanzuijlekom,https://www.flickr.com/photos/52365139@N05,52365139@N05,flickr:52365139@N05,962be57bebc3a1c0869e993cde46abd84ee6431f,1024,683,main breaker
images/breaker_panel/openverse_8c43e044cb6549ccab0f906b8679770e.jpg,breaker_panel,,train,labeled,1,openverse,8c43e044-cb65-49cc-ab0f-906b8679770e,Megger testing the main and branch breakers in electrical panels in a power substation in Queens. 09-04-2019,https://www.flickr.com/photos/59595815@N03/48689467532,https://live.staticflickr.com/65535/48689467532_8dcb145f84_b.jpg,by,2.0,https://creativecommons.org/licenses/by/2.0/,MTA C&D - EAST SIDE ACCESS,https://www.flickr.com/photos/59595815@N03,59595815@N03,flickr:59595815@N03,9b4ca01a44b17a64cdda144405da89474a7616c3,1024,768,electrical panel
images/breaker_panel/openverse_8db5fc3e7a0c4e399f1a1d8e13ddd3c7.jpg,breaker_panel,,train,labeled,1,openverse,8db5fc3e-7a0c-4e39-9f1a-1d8e13ddd3c7,Breaker panel,https://www.flickr.com/photos/44124427152@N01/2573074555,https://live.staticflickr.com/3081/2573074555_4e10580bcf_b.jpg,by-sa,2.0,https://creativecommons.org/licenses/by-sa/2.0/,Salim Virji,https://www.flickr.com/photos/44124427152@N01,44124427152@N01,flickr:44124427152@N01,719a740a8f51618fa6a6c6b83cb0c5569498b812,768,1024,breaker panel
images/breaker_panel/openverse_8ddb979ae6a04e7fa95b2c9e6ea51fa6.jpg,breaker_panel,,train,labeled,3,openverse,8ddb979a-e6a0-4e7f-a95b-2c9e6ea51fa6,Tagging and taping installed conduits in electrical panels in the future LIRR passenger concourse.,https://www.flickr.com/photos/59595815@N03/50706114602,https://live.staticflickr.com/65535/50706114602_a7d1d3b3b4_b.jpg,by,2.0,https://creativecommons.org/licenses/by/2.0/,MTA C&D - EAST SIDE ACCESS,https://www.flickr.com/photos/59595815@N03,59595815@N03,flickr:59595815@N03,745df43fd3bd334e1262c0097634290edfbfeb3e,768,1024,electrical panel
images/breaker_panel/openverse_915c09fb080c4be4a541413f3377d567.jpg,breaker_panel,,train,labeled,4,openverse,915c09fb-080c-4be4-a541-413f3377d567,Fuse box,https://www.flickr.com/photos/50048728@N00/5666660052,https://live.staticflickr.com/5023/5666660052_24e6ed55bd_b.jpg,by-sa,2.0,https://creativecommons.org/licenses/by-sa/2.0/,Harald Groven,https://www.flickr.com/photos/50048728@N00,50048728@N00,flickr:50048728@N00,8a5f4c660e06af17d01a8d18cf36b0d22a791dc0,1024,683,fuse box
images/breaker_panel/openverse_91c35c90370f45c084e4105ebd52737a.jpg,breaker_panel,,train,labeled,1,openverse,91c35c90-370f-45c0-84e4-105ebd52737a,CS179 39th St.&B13 - Installation & Termination of Cables to Electrical Panel at the Emergency Power Room Area (2) ( 04-11-2017),https://www.flickr.com/photos/59595815@N03/33861289772,https://live.staticflickr.com/2823/33861289772_8ddb017397_b.jpg,by,2.0,https://creativecommons.org/licenses/by/2.0/,MTA C&D - EAST SIDE ACCESS,https://www.flickr.com/photos/59595815@N03,59595815@N03,flickr:59595815@N03,dc77ce1d1f013050649d5297132accee64773b31,768,1024,electrical panel
images/breaker_panel/openverse_92925699daf741828599675fc4824265.jpg,breaker_panel,,val,labeled,2,openverse,92925699-daf7-4182-8599-675fc4824265,Mains switch/breaker panel...,https://www.flickr.com/photos/91198056@N00/8295829115,https://live.staticflickr.com/8076/8295829115_a0ac42fbf9.jpg,by,2.0,https://creativecommons.org/licenses/by/2.0/,Podknox,https://www.flickr.com/photos/91198056@N00,91198056@N00,flickr:91198056@N00,2eed61330a192d1ae141b96c486b95fc170a784c,500,500,breaker panel
images/breaker_panel/openverse_944fee3a4c9846d587cf6fee1c1b3d40.jpg,breaker_panel,,train,labeled,1,openverse,944fee3a-4c98-46d5-87cf-6fee1c1b3d40,132kV circuit breaker,https://www.flickr.com/photos/17189662@N00/36524280,https://live.staticflickr.com/25/36524280_3af62b6bce_b.jpg,by,2.0,https://creativecommons.org/licenses/by/2.0/,cowlet,https://www.flickr.com/photos/17189662@N00,17189662@N00,flickr:17189662@N00,20708614a18b1c5164af377c4d738b96a44c4d36,768,1024,circuit breakers
images/breaker_panel/openverse_962a5f7ad24e40a79d247e2c41d7915d.jpg,breaker_panel,,,unlabeled,0,openverse,962a5f7a-d24e-40a7-9d24-7e2c41d7915d,Abandoned/overgrown entrance to the Euston Downside Carriage Shed,https://www.flickr.com/photos/23917561@N03/5991222677,https://live.staticflickr.com/6124/5991222677_322cb6b947_b.jpg,by-sa,2.0,https://creativecommons.org/licenses/by-sa/2.0/,paulburr73,https://www.flickr.com/photos/23917561@N03,23917561@N03,flickr:23917561@N03,28d0d5b551555ae444e99f8aceb8f15d6f04308f,1024,786,service entrance electrical
images/breaker_panel/openverse_97124864e073435abd8dc39e4aa3eb80.jpg,breaker_panel,,,unlabeled,0,openverse,97124864-e073-435a-bd8d-c39e4aa3eb80,"May 31, 2014 Saddle-Trained Wild Horse & Burro Adoption",https://www.flickr.com/photos/55893585@N08/14161103798,https://live.staticflickr.com/3853/14161103798_73e210488d_b.jpg,by-sa,2.0,https://creativecommons.org/licenses/by-sa/2.0/,BLM Nevada,https://www.flickr.com/photos/55893585@N08,55893585@N08,flickr:55893585@N08,1030b3a8621fec405848c98aa29bb74225b7e08e,1024,683,load center
images/breaker_panel/openverse_982fbe092f40415e840832f9fa7869de.jpg,breaker_panel,,train,labeled,1,openverse,982fbe09-2f40-415e-8408-32f9fa7869de,fancy new-fangled circuit breakers,https://www.flickr.com/photos/82365211@N00/2240039449,https://live.staticflickr.com/2041/2240039449_a28f7254e3_b.jpg,by,2.0,https://creativecommons.org/licenses/by/2.0/,kalleboo,https://www.flickr.com/photos/82365211@N00,82365211@N00,flickr:82365211@N00,b7f4b1555a553c686192184fb6f4d49b47f31fc8,768,1024,circuit breakers
images/breaker_panel/openverse_98e789562d01445984c6765e90727a74.jpg,breaker_panel,,,unlabeled,0,openverse,98e78956-2d01-4459-84c6-765e90727a74,"ESA/Amtrak signal personnel installing circuit breakers on the E35 Signal Bridge which delineates Amtrak and LIRR on the Port Washington 1 line. (FHA02, 10-23-2017)",https://www.flickr.com/photos/59595815@N03/37913456066,https://live.staticflickr.com/4485/37913456066_527b24d080_b.jpg,by,2.0,https://creativecommons.org/licenses/by/2.0/,MTA C&D - EAST SIDE ACCESS,https://www.flickr.com/photos/59595815@N03,59595815@N03,flickr:59595815@N03,955912aeb1837b1187a317cd875ec219fc9f3a9d,1024,734,circuit breakers
images/breaker_panel/openverse_98fb21e3dadc41ff9b7b2311ec01197d.jpg,breaker_panel,,train,labeled,1,openverse,98fb21e3-dadc-41ff-9b7b-2311ec01197d,Fuse Box,https://www.flickr.com/photos/21015483@N02/3160931146,https://live.staticflickr.com/246/3160931146_4c931dcc72_b.jpg,by,2.0,https://creativecommons.org/licenses/by/2.0/,smoMashup1,https://www.flickr.com/photos/21015483@N02,21015483@N02,flickr:21015483@N02,fd86119224a339b09c49b377590ca7675ed2ee5d,1024,768,fuse box
images/breaker_panel/openverse_9ae52bb0b4c347c0a73142c169511b73.jpg,breaker_panel,,train,labeled,1,openverse,9ae52bb0-b4c3-47c0-a731-42c169511b73,IMG_4667,https://www.flickr.com/photos/30661871@N03/29769373052,https://live.staticflickr.com/5193/29769373052_0a6e4dfb0d_b.jpg,by-sa,2.0,https://creativecommons.org/licenses/by-sa/2.0/,RichardAsh1981,https://www.flickr.com/photos/30661871@N03,30661871@N03,flickr:30661871@N03,e902e277738d0c3f99ab9bf173bc407c119c656d,1024,683,circuit breaker panel
images/breaker_panel/openverse_9bb6d8ab1d16431c94c2ba6a65eb889b.jpg,breaker_panel,,train,labeled,3,openverse,9bb6d8ab-1d16-431c-94c2-ba6a65eb889b,"Installation of electrical panels in the transformer room of a recently energized power substation. (CS179, 05-22-2019)",https://www.flickr.com/photos/59595815@N03/47952891426,https://live.staticflickr.com/65535/47952891426_26dfac2a07_b.jpg,by,2.0,https://creativecommons.org/licenses/by/2.0/,MTA C&D - EAST SIDE ACCESS,https://www.flickr.com/photos/59595815@N03,59595815@N03,flickr:59595815@N03,69aa9173aeb7fc5f9cdbbbdbf0a48ca7f1bab83d,1024,768,electrical panel
images/breaker_panel/openverse_9c8394e2648545cca6d671996cb1ff76.jpg,breaker_panel,,,unlabeled,0,openverse,9c8394e2-6485-45cc-a6d6-71996cb1ff76,Colossus Operating Instructions,https://www.flickr.com/photos/19745294@N06/2718143552,https://live.staticflickr.com/3129/2718143552_d91b586b07_b.jpg,by,2.0,https://creativecommons.org/licenses/by/2.0/,joncallas,https://www.flickr.com/photos/19745294@N06,19745294@N06,flickr:19745294@N06,349279bf18fafcdf52945cd0af3f6cb939860567,768,1024,breaker box
images/breaker_panel/openverse_9d89f6b9663a44c29565599a707ba05f.jpg,breaker_panel,,train,labeled,1,openverse,9d89f6b9-663a-44c2-9565-599a707ba05f,CS179 39th St.&B13 - Installation of Electrical Panel LPE-3 at the Emergency Power Room 704 Area (2) (03-21-2017),https://www.flickr.com/photos/59595815@N03/32766932194,https://live.staticflickr.com/3937/32766932194_a429f8b954_b.jpg,by,2.0,https://creativecommons.org/licenses/by/2.0/,MTA C&D - EAST SIDE ACCESS,https://www.flickr.com/photos/59595815@N03,59595815@N03,flickr:59595815@N03,4db47a40a2d1886ff9c762a86be9db6e81fbc9db,1024,768,electrical panel
images/breaker_panel/openverse_9dbc670d97624e429acb4748626a1e3e.jpg,breaker_panel,,,unlabeled,0,openverse,9dbc670d-9762-4e42-9acb-4748626a1e3e,Sci-Fi Sophia,https://www.flickr.com/photos/63106298@N02/8455122330,https://live.staticflickr.com/8531/8455122330_13357af977_b.jpg,by-sa,2.0,https://creativecommons.org/licenses/by-sa/2.0/,dualdflipflop,https://www.flickr.com/photos/63106298@N02,63106298@N02,flickr:63106298@N02,a95716be3cad4b974fffd6d337855f15b3168b64,683,1024,load center
images/breaker_panel/openverse_9dc6c76fb64241a4a8f93f870debe129.jpg,breaker_panel,,train,labeled,1,openverse,9dc6c76f-b642-41a4-a8f9-3f870debe129,Fuse box,https://www.flickr.com/photos/87232391@N00/5720808507,https://live.staticflickr.com/2603/5720808507_76e79776ff_b.jpg,by-sa,2.0,https://creativecommons.org/licenses/by-sa/2.0/,Charles Haynes,https://www.flickr.com/photos/87232391@N00,87232391@N00,flickr:87232391@N00,0141c436f2077e2c1b44fe2c911cbfd862cff90f,1024,768,fuse box
images/breaker_panel/openverse_9e45b3026b2e455aa1f75e97bd67155a.jpg,breaker_panel,,,unlabeled,0,openverse,9e45b302-6b2e-455a-a1f7-5e97bd67155a,Arlington House from Custis Walk - Arlington National Cemtery - 2012,https://www.flickr.com/photos/23165290@N00/7100384705,https://live.staticflickr.com/5117/7100384705_229cc9aa23_b.jpg,by-sa,2.0,https://creativecommons.org/licenses/by-sa/2.0/,Tim Evanson,https://www.flickr.com/photos/23165290@N00,23165290@N00,flickr:23165290@N00,5612a8ae1fa47c03c9cebb697da65310d001a0ac,1000,667,service entrance electrical
images/breaker_panel/openverse_a17c1873e11d4dc3871468b8bcf9da88.jpg,breaker_panel,,,unlabeled,0,openverse,a17c1873-e11d-4dc3-8714-68b8bcf9da88,Selly Oak Station,https://www.flickr.com/photos/39415781@N06/27582503929,https://live.staticflickr.com/4589/27582503929_d152c7f8b8_b.jpg,by-sa,2.0,https://creativecommons.org/licenses/by-sa/2.0/,ell brown,https://www.flickr.com/photos/39415781@N06,39415781@N06,flickr:39415781@N06,70751fcfcd03bc33b6651b718d1fbdd4acae88ce,1024,768,service entrance electrical
images/breaker_panel/openverse_a2b99d9918394305b9186f74048cff1a.jpg,breaker_panel,,train,labeled,1,openverse,a2b99d99-1839-4305-b918-6f74048cff1a,Electric panel,https://www.flickr.com/photos/22611472@N02/5999514090,https://live.staticflickr.com/6015/5999514090_0de6f1d95d_b.jpg,by-sa,2.0,https://creativecommons.org/licenses/by-sa/2.0/,sparr0,https://www.flickr.com/photos/22611472@N02,22611472@N02,flickr:22611472@N02,9bdf3acf91041d2ca61cfa74e5692acc8f2b4eb4,1024,681,electrical panel
images/breaker_panel/openverse_a361f6ff13ec4105b70a8ea182ac5ca2.jpg,breaker_panel,,train,labeled,1,openverse,a361f6ff-13ec-4105-b70a-8ea182ac5ca2,math-g150-main-breaker-dsc04276.jpg,https://www.flickr.com/photos/21881956@N05/5930657857,https://live.staticflickr.com/6008/5930657857_43e4af6a98_b.jpg,by,2.0,https://creativecommons.org/licenses/by/2.0/,vaxomatic,https://www.flickr.com/photos/21881956@N05,21881956@N05,flickr:21881956@N05,488fac8d9a836427ab8645a84c11efc049a69f40,1024,683,main breaker
images/breaker_panel/openverse_a3b47cca03054ab390cce26bd2dd6fe5.jpg,breaker_panel,,train,labeled,1,openverse,a3b47cca-0305-4ab3-90cc-e26bd2dd6fe5,Fuse box,https://www.flickr.com/photos/69024677@N00/2355953595,https://live.staticflickr.com/2101/2355953595_6541da1784_b.jpg,by,2.0,https://creativecommons.org/licenses/by/2.0/,Giles Douglas,https://www.flickr.com/photos/69024677@N00,69024677@N00,flickr:69024677@N00,2e037d18cfd9c2603ff5a69809cb7c3ba8fa579f,680,1024,fuse box
images/breaker_panel/openverse_a6dc9ea08acd4aed89f0a0c62a835154.jpg,breaker_panel,,val,labeled,1,openverse,a6dc9ea0-8acd-4aed-89f0-a0c62a835154,Electrical hazard sign on an outdor circuit breaker panel,https://www.flickr.com/photos/26344495@N05/46225444664,https://live.staticflickr.com/7912/46225444664_72f22dca01_b.jpg,by,2.0,https://creativecommons.org/licenses/by/2.0/,Ivan Radic,https://www.flickr.com/photos/26344495@N05,26344495@N05,flickr:26344495@N05,f4c2bcaac24367364eaadf3395f94208c751dad9,1024,768,breaker panel
images/breaker_panel/openverse_a6f542140616422eb5d7df85d91d0f89.jpg,breaker_panel,,,unlabeled,0,openverse,a6f54214-0616-422e-b5d7-df85d91d0f89,Pullen House [exterior of a abandoned chicken coop],https://www.flickr.com/photos/9649854@N07/32134802118,https://live.staticflickr.com/4889/32134802118_ea47f55a93_b.jpg,by,2.0,https://creativecommons.org/licenses/by/2.0/,i threw a guitar at him.,https://www.flickr.com/photos/9649854@N07,9649854@N07,flickr:9649854@N07,5a8529c92a68b56355b8cff8878c92cf74e44b33,1024,683,service entrance electrical
images/breaker_panel/openverse_a7433746d9d84b3bafe41105fe2b5d6d.jpg,breaker_panel,,,unlabeled,0,openverse,a7433746-d9d8-4b3b-afe4-1105fe2b5d6d,Phytoplankton bloom in Lake Ontario,https://www.flickr.com/photos/24662369@N07/9673767360,https://live.staticflickr.com/7354/9673767360_519c27086a_b.jpg,by,2.0,https://creativecommons.org/licenses/by/2.0/,NASA Goddard Photo and Video,https://www.flickr.com/photos/24662369@N07,24662369@N07,nasa:24662369@N07,89792a129f0a5d8a22a06148ac281a291e956a5b,1023,796,load center
images/breaker_panel/openverse_a7fa3b01ef2b488ab54d80c86d209557.jpg,breaker_panel,,,unlabeled,0,openverse,a7fa3b01-ef2b-488a-b54d-80c86d209557,Aral Sea Dust Storm,https://www.flickr.com/photos/24662369@N07/4493782596,https://live.staticflickr.com/4060/4493782596_f170015a7a_b.jpg,by,2.0,https://creativecommons.org/licenses/by/2.0/,NASA Goddard Photo and Video,https://www.flickr.com/photos/24662369@N07,24662369@N07,nasa:24662369@N07,c86898d57c391277f01b8a1e02013d3dda376f43,936,1023,load center
images/breaker_panel/openverse_a983bd6f59a54c418aabb780e1578d7d.jpg,breaker_panel,,train,labeled,2,openverse,a983bd6f-59a5-4c41-8aab-b780e1578d7d,Electric Panel,https://www.flickr.com/photos/82439748@N00/189630450,https://live.staticflickr.com/72/189630450_b67ce00c99_b.jpg,by,2.0,https://creativecommons.org/licenses/by/2.0/,blmurch,https://www.flickr.com/photos/82439748@N00,82439748@N00,flickr:82439748@N00,8e352556787423b2382f8ebeb4122952871f5a85,1024,768,electrical panel
images/breaker_panel/openverse_a9f1479d4e92431aa7b9aeae241c22fc.jpg,breaker_panel,,train,labeled,1,openverse,a9f1479d-4e92-431a-a7b9-aeae241c22fc,Fuse Box,https://www.flickr.com/photos/27345927@N07/5591806896,https://live.staticflickr.com/5184/5591806896_d67cbe63f5_b.jpg,by-sa,2.0,https://creativecommons.org/licenses/by-sa/2.0/,russellstreet,https://www.flickr.com/photos/27345927@N07,27345927@N07,flickr:27345927@N07,6d42b897bf551ab432b6840aa512f898165570ce,683,1024,fuse box
images/breaker_panel/openverse_aa1dceca6e52408394d3c62b562781d3.jpg,breaker_panel,,train,labeled,2,openverse,aa1dceca-6e52-4083-94d3-c62b562781d3,6120 old fuse box,https://www.flickr.com/photos/62327186@N00/6224665690,https://live.staticflickr.com/6045/6224665690_ff0b0a3958_b.jpg,by,2.0,https://creativecommons.org/licenses/by/2.0/,crabchick,https://www.flickr.com/photos/62327186@N00,62327186@N00,flickr:62327186@N00,e3101dd606a1806591bf3d472d509f5acf8f89e5,1024,855,fuse box
images/breaker_panel/openverse_ab33fad38a8b4584866e151de30068c3.jpg,breaker_panel,,train,labeled,1,openverse,ab33fad3-8a8b-4584-866e-151de30068c3,New fuse box,https://www.flickr.com/photos/26209464@N00/4209950930,https://live.staticflickr.com/4009/4209950930_fa75776031_b.jpg,by-sa,2.0,https://creativecommons.org/licenses/by-sa/2.0/,simonov,https://www.flickr.com/photos/26209464@N00,26209464@N00,flickr:26209464@N00,6be5362c47bf3c8b19b9275fe89dd85b9c2afabc,768,1024,fuse box
images/breaker_panel/openverse_ab5083aa1cf040e6967804fe72328a54.jpg,breaker_panel,,train,labeled,1,openverse,ab5083aa-1cf0-40e6-9678-04fe72328a54,Filing the electrical plug,https://www.flickr.com/photos/52365139@N05/19214565058,https://live.staticflickr.com/3865/19214565058_a24f7d0d53_b.jpg,by-sa,2.0,https://creativecommons.org/licenses/by-sa/2.0/,dvanzuijlekom,https://www.flickr.com/photos/52365139@N05,52365139@N05,flickr:52365139@N05,d06d55b16811325c14c633d03d1cd9b8b247d228,683,1024,main breaker
images/breaker_panel/openverse_ab83cca43f824f318d030a53bcb3f463.jpg,breaker_panel,,,unlabeled,0,openverse,ab83cca4-3f82-4f31-8d03-0a53bcb3f463,Paraguay,https://www.flickr.com/photos/24662369@N07/4690804595,https://live.staticflickr.com/4063/4690804595_e22105e8a0_b.jpg,by,2.0,https://creativecommons.org/licenses/by/2.0/,NASA Goddard Photo and Video,https://www.flickr.com/photos/24662369@N07,24662369@N07,nasa:24662369@N07,3bdf71275e20ceaa7c8142a6e8ea5bd6a00f1f67,1024,1024,load center
images/breaker_panel/openverse_ae93320992a845d891b2a6e800edf16e.jpg,breaker_panel,,train,labeled,2,openverse,ae933209-92a8-45d8-91b2-a6e800edf16e,Reworking and finishing the polymorph,https://www.flickr.com/photos/52365139@N05/19406283921,https://live.staticflickr.com/291/19406283921_74599e011e_b.jpg,by-sa,2.0,https://creativecommons.org/licenses/by-sa/2.0/,dvanzuijlekom,https://www.flickr.com/photos/52365139@N05,52365139@N05,flickr:52365139@N05,1ed71ae4ba559f05357e5ef76a2f69a385718778,683,1024,main breaker
images/breaker_panel/openverse_aec20f8a7f8242c3af1a6feff16356b5.jpg,breaker_panel,,train,labeled,1,openverse,aec20f8a-7f82-42c3-af1a-6feff16356b5,Useless? Nah.,https://www.flickr.com/photos/52365139@N05/18779620414,https://live.staticflickr.com/556/18779620414_3327797387_b.jpg,by-sa,2.0,https://creativecommons.org/licenses/by-sa/2.0/,dvanzuijlekom,https://www.flickr.com/photos/52365139@N05,52365139@N05,flickr:52365139@N05,3289ea7b2f85e1015a88239f369f0741b18343b2,683,1024,main breaker
images/breaker_panel/openverse_afdf00ba195a47efbdd8d0fdebc8e665.jpg,breaker_panel,,train,labeled,1,openverse,afdf00ba-195a-47ef-bdd8-d0fdebc8e665,Relay PCB,https://www.flickr.com/photos/99525316@N00/11377874215,https://live.staticflickr.com/3751/11377874215_e18e71a4b3_b.jpg,by-sa,2.0,https://creativecommons.org/licenses/by-sa/2.0/,shalf,https://www.flickr.com/photos/99525316@N00,99525316@N00,flickr:99525316@N00,d68c43d4fc74f779cae12583e07ce8b25e67426b,1024,768,circuit breaker panel
images/breaker_panel/openverse_b333ddcb302747dca01a48ebbb89e06f.jpg,breaker_panel,,val,labeled,2,openverse,b333ddcb-3027-47dc-a01a-48ebbb89e06f,NAAMES Photo Essay,https://www.flickr.com/photos/24662369@N07/27271867965,https://live.staticflickr.com/7615/27271867965_7b5ce22f5c_b.jpg,by,2.0,https://creativecommons.org/licenses/by/2.0/,NASA Goddard Photo and Video,https://www.flickr.com/photos/24662369@N07,24662369@N07,nasa:24662369@N07,90ed7ccfe9b1aa4cc77222ec7f92fb525d4b5b06,1024,683,load center
images/breaker_panel/openverse_b4395b7f43c94a0aa7bb9b2fd76261a7.jpg,breaker_panel,,train,labeled,1,openverse,b4395b7f-43c9-4a0a-a7bb-9b2fd76261a7,math-2011-renovation-aug03-main-breaker-dsc04450.jpg,https://www.flickr.com/photos/21881956@N05/6012778551,https://live.staticflickr.com/6009/6012778551_7689e7d97a_b.jpg,by,2.0,https://creativecommons.org/licenses/by/2.0/,vaxomatic,https://www.flickr.com/photos/21881956@N05,21881956@N05,flickr:21881956@N05,6eb19051f728696cfc706f409da1ed3405a374a9,1024,683,main breaker
images/breaker_panel/openverse_b4c595106a984e8e8edf9290a86f8616.jpg,breaker_panel,,,unlabeled,0,openverse,b4c59510-6a98-4e8e-8edf-9290a86f8616,Pullen House [scattered refuse],https://www.flickr.com/photos/9649854@N07/31066501737,https://live.staticflickr.com/4914/31066501737_3cc20a3b45_b.jpg,by,2.0,https://creativecommons.org/licenses/by/2.0/,i threw a guitar at him.,https://www.flickr.com/photos/9649854@N07,9649854@N07,flickr:9649854@N07,bd4fef5b791db870396b066d8d9c59b171105235,1024,683,service entrance electrical
images/breaker_panel/openverse_b6e754634bdf4f0bbdaa1acf433f9730.jpg,breaker_panel,,,unlabeled,0,openverse,b6e75463-4bdf-4f0b-bdaa-1acf433f9730,Radioactive syringe,https://www.flickr.com/photos/74163253@N00/5490412244,https://live.staticflickr.com/5296/5490412244_43da39ab8f_b.jpg,by-sa,2.0,https://creativecommons.org/licenses/by-sa/2.0/,Thirteen Of Clubs,https://www.flickr.com/photos/74163253@N00,74163253@N00,flickr:74163253@N00,c8c08ca8465c73b5b103e03babe90a8242fe3084,1024,1024,load center
images/breaker_panel/openverse_bab4fd7f34c2415c8f5b3816c77834b9.jpg,breaker_panel,,train,labeled,1,openverse,bab4fd7f-34c2-415c-8f5b-3816c77834b9,Breaker panel,https://www.flickr.com/photos/44124427152@N01/2573894972,https://live.staticflickr.com/3083/2573894972_386acd43f3_b.jpg,by-sa,2.0,https://creativecommons.org/licenses/by-sa/2.0/,Salim Virji,https://www.flickr.com/photos/44124427152@N01,44124427152@N01,flickr:44124427152@N01,2edf500615db56d9df25d7aa93c045a6ca26bdb3,768,1024,breaker panel
images/breaker_panel/openverse_bb03c3738c174940bdf65fb1067df1fd.jpg,breaker_panel,,train,labeled,1,openverse,bb03c373-8c17-4940-bdf6-5fb1067df1fd,"Modem, DVD Burner and SATA cable computer upgrades",https://www.flickr.com/photos/94012640@N00/8596593641,https://live.staticflickr.com/8105/8596593641_e47ec0cd58_b.jpg,by,2.0,https://creativecommons.org/licenses/by/2.0/,Cindy Sue Causey,https://www.flickr.com/photos/94012640@N00,94012640@N00,flickr:94012640@N00,011a03806481af5e1df7c11cbf43aabff148e800,1024,768,load center
images/breaker_panel/openverse_bb7883fa215b4851b32205bd52994295.jpg,breaker_panel,,train,labeled,1,openverse,bb7883fa-215b-4851-b322-05bd52994295,Electrical Panel,https://www.flickr.com/photos/68877611@N00/5397919963,https://live.staticflickr.com/5177/5397919963_4fd2192e3f_b.jpg,by-sa,2.0,https://creativecommons.org/licenses/by-sa/2.0/,peretzp,https://www.flickr.com/photos/68877611@N00,68877611@N00,flickr:68877611@N00,b7b1d7bc95ddf9ff34f9cf7f65f4c431fe16d4ef,780,1024,electrical panel
images/breaker_panel/openverse_be8262addd454384ad116160cce07fde.jpg,breaker_panel,,train,labeled,1,openverse,be8262ad-dd45-4384-ad11-6160cce07fde,Electrical panel,https://www.flickr.com/photos/49502561@N00/5613532057,https://live.staticflickr.com/5187/5613532057_de95594e80_b.jpg,by-sa,2.0,https://creativecommons.org/licenses/by-sa/2.0/,cambridgebayweather,https://www.flickr.com/photos/49502561@N00,49502561@N00,flickr:49502561@N00,b1e149cbd2b1290b630dc2a3f962d9f7c7ce384b,768,1024,electrical panel
images/breaker_panel/openverse_c28f00c3f16547acb7589571721cb2ac.jpg,breaker_panel,,train,labeled,1,openverse,c28f00c3-f165-47ac-b758-9571721cb2ac,34 to 33,https://www.flickr.com/photos/52365139@N05/19395950332,https://live.staticflickr.com/430/19395950332_6b59dbd557_b.jpg,by-sa,2.0,https://creativecommons.org/licenses/by-sa/2.0/,dvanzuijlekom,https://www.flickr.com/photos/52365139@N05,52365139@N05,flickr:52365139@N05,2c603cca5e2efbb063dac25baa9c1deabd79ac3d,683,1024,main breaker
images/breaker_panel/openverse_c2b6ccd7c9b044c48def8a9b9a6144be.jpg,breaker_panel,,,unlabeled,0,openverse,c2b6ccd7-c9b0-44c4-8def-8a9b9a6144be,What's in my pack?,https://www.flickr.com/photos/93452909@N00/29086223662,https://live.staticflickr.com/8752/29086223662_69e6a85793_b.jpg,by-sa,2.0,https://creativecommons.org/licenses/by-sa/2.0/,brewbooks,https://www.flickr.com/photos/93452909@N00,93452909@N00,flickr:93452909@N00,e1bb47a729760132644e911efd2feeab3fb7e99f,1023,606,load center
images/breaker_panel/openverse_c3a9e756c81b42b489b639e6afb27e3a.jpg,breaker_panel,,train,labeled,1,openverse,c3a9e756-c81b-42b4-89b6-39e6afb27e3a,"Lightning Damage, black soot exited a couple of outlets.",https://www.flickr.com/photos/48239130@N07/7607526102,https://live.staticflickr.com/8145/7607526102_b654844785_b.jpg,by,2.0,https://creativecommons.org/licenses/by/2.0/,markn3tel,https://www.flickr.com/photos/48239130@N07,48239130@N07,flickr:48239130@N07,9bc223d32638e43ca9e2f4fb1557929a61a4fd59,1024,683,breaker box
images/breaker_panel/openverse_c44cf9c3125d49dc8675c788338250ca.jpg,breaker_panel,,,unlabeled,0,openverse,c44cf9c3-125d-49dc-8675-c788338250ca,Mergui Archipelago,https://www.flickr.com/photos/24662369@N07/8240805973,https://live.staticflickr.com/8060/8240805973_2f20dcc823_b.jpg,by,2.0,https://creativecommons.org/licenses/by/2.0/,NASA Goddard Photo and Video,https://www.flickr.com/photos/24662369@N07,24662369@N07,nasa:24662369@N07,973fced6bb55d0d2821ed1e216839517d0a3d564,1024,1024,load center
images/breaker_panel/openverse_c47387badd504848bb4c0b2510666fd9.jpg,breaker_panel,,train,labeled,1,openverse,c47387ba-dd50-4848-bb4c-0b2510666fd9,Breaker panels,https://www.flickr.com/photos/187317221@N08/52563577125,https://live.staticflickr.com/65535/52563577125_4ff3cc8582_b.jpg,pdm,1.0,https://creativecommons.org/publicdomain/mark/1.0/,Historic Preservation Training Center,https://www.flickr.com/photos/187317221@N08,187317221@N08,flickr:187317221@N08,141f69129c38b087132ce9f4d88c4ee06c6033a4,683,1024,breaker panel
images/breaker_panel/openverse_c682e5405b95449583c13022dff63571.jpg,breaker_panel,,,unlabeled,0,openverse,c682e540-5b95-4495-83c1-3022dff63571,Polymorph!,https://www.flickr.com/photos/52365139@N05/19214551770,https://live.staticflickr.com/3690/19214551770_26897c8c68_b.jpg,by-sa,2.0,https://creativecommons.org/licenses/by-sa/2.0/,dvanzuijlekom,https://www.flickr.com/photos/52365139@N05,52365139@N05,flickr:52365139@N05,3e47375092630f4bc0d3031fd247a53f455800cc,682,1023,main breaker
images/breaker_panel/openverse_c6fec4379328445a95f084d9fc8184dc.jpg,breaker_panel,,train,labeled,10,openverse,c6fec437-9328-445a-95f0-84d9fc8184dc,Cleverly disguised fuse boxes,https://www.flickr.com/photos/14829735@N00/16590174572,https://live.staticflickr.com/7424/16590174572_1d2487f49b_b.jpg,by,2.0,https://creativecommons.org/licenses/by/2.0/,dullhunk,https://www.flickr.com/photos/14829735@N00,14829735@N00,flickr:14829735@N00,929fb7b6c02f348c76e61406e5cea7ee5d0673b7,768,1024,fuse box
images/breaker_panel/openverse_c72bf2531ec2468696e563ec37df8e0a.jpg,breaker_panel,,,unlabeled,0,openverse,c72bf253-1ec2-4686-96e5-63ec37df8e0a,Tomoko Fuse Box Lid,https://www.flickr.com/photos/69208357@N00/46416603874,https://live.staticflickr.com/7802/46416603874_b868ddb185_b.jpg,by,2.0,https://creativecommons.org/licenses/by/2.0/,georigami,https://www.flickr.com/photos/69208357@N00,69208357@N00,flickr:69208357@N00,dff38b3ff3a522f0416182f01282c362c0e7a482,1024,518,fuse box
images/breaker_panel/openverse_c7dbdb71a1004f17a05dbae3a21919b8.jpg,breaker_panel,,,unlabeled,0,openverse,c7dbdb71-a100-4f17-a05d-bae3a21919b8,Europe District hands over key to Armenia school,https://www.flickr.com/photos/34728058@N08/9670058199,https://live.staticflickr.com/7301/9670058199_c3c94e7edb_b.jpg,by,2.0,https://creativecommons.org/licenses/by/2.0/,USACE Europe District,https://www.flickr.com/photos/34728058@N08,34728058@N08,flickr:34728058@N08,12f5877f63539fb0dcbdffef12fa7f69518c8123,991,608,service entrance electrical
images/breaker_panel/openverse_c8494e5d7fdb4ea7ac2c14bcaadbaa96.jpg,breaker_panel,,train,labeled,1,openverse,c8494e5d-7fdb-4ea7-ac2c-14bcaadbaa96,old electrical panel,https://www.flickr.com/photos/44124427152@N01/9830660,https://live.staticflickr.com/5/9830660_d04bea5d09_b.jpg,by-sa,2.0,https://creativecommons.org/licenses/by-sa/2.0/,Salim Virji,https://www.flickr.com/photos/44124427152@N01,44124427152@N01,flickr:44124427152@N01,6864007bcf521b0eee8a3874b9ad11e97122d129,1024,768,electrical panel
images/breaker_panel/openverse_c9100df3409948f28b2c481665e3916a.jpg,breaker_panel,,train,labeled,2,openverse,c9100df3-4099-48f2-8b2c-481665e3916a,wires under and behind breaker panel,https://www.flickr.com/photos/99208080@N00/2489585671,https://live.staticflickr.com/3168/2489585671_0e9bda863c_b.jpg,by-sa,2.0,https://creativecommons.org/licenses/by-sa/2.0/,The_Doodler,https://www.flickr.com/photos/99208080@N00,99208080@N00,flickr:99208080@N00,9d56c0b81df1cdcfbfd95bf7496a1607024e2e60,1024,768,breaker panel
images/breaker_panel/openverse_c945de1707474e03a79f926ef3bd7c25.jpg,breaker_panel,,,unlabeled,0,openverse,c945de17-0747-4e03-a79f-926ef3bd7c25,El Faro 'Les Eclaireurs',https://www.flickr.com/photos/33037982@N04/3529691424,https://live.staticflickr.com/2075/3529691424_36f6cc0abb_b.jpg,by-sa,2.0,https://creativecommons.org/licenses/by-sa/2.0/,wallygrom,https://www.flickr.com/photos/33037982@N04,33037982@N04,flickr:33037982@N04,10bbdbdf0b6ddb26551f552bd710a36f24015a6b,667,1024,service entrance electrical
images/breaker_panel/openverse_cbaac58003774f0083d074d0a0730b86.jpg,breaker_panel,,train,labeled,1,openverse,cbaac580-0377-4f00-83d0-74d0a0730b86,"Watertown Substation, S.D.",https://www.flickr.com/photos/86561000@N05/14177271595,https://live.staticflickr.com/7406/14177271595_11ba1b974b_b.jpg,by,2.0,https://creativecommons.org/licenses/by/2.0/,Western Area Power Admin,https://www.flickr.com/photos/86561000@N05,86561000@N05,flickr:86561000@N05,8faf180d8bc0ad4a065460ec23ae3fa5cccdd3b5,1024,683,breaker box
images/breaker_panel/openverse_cc3304b45aa444468e6b9312103adabe.jpg,breaker_panel,,train,labeled,3,openverse,cc3304b4-5aa4-4446-8e6b-9312103adabe,Electrical panel.,https://www.flickr.com/photos/8506475@N04/2766622412,https://live.staticflickr.com/3156/2766622412_4461cd4db8_b.jpg,by-sa,2.0,https://creativecommons.org/licenses/by-sa/2.0/,Tony Biondo,https://www.flickr.com/photos/8506475@N04,8506475@N04,flickr:8506475@N04,ebe43b45fa4c3eb1ead121c9679314056a98b834,1024,768,electrical panel
images/breaker_panel/openverse_cdb38c8fdd614fa5933cda57c90e7c0e.jpg,breaker_panel,,val,labeled,1,openverse,cdb38c8f-dd61-4fa5-933c-da57c90e7c0e,Cretaceous cast,https://www.flickr.com/photos/24662369@N07/40404685981,https://live.staticflickr.com/4697/40404685981_38aba5fd31_b.jpg,by,2.0,https://creativecommons.org/licenses/by/2.0/,NASA Goddard Photo and Video,https://www.flickr.com/photos/24662369@N07,24662369@N07,nasa:24662369@N07,bc21a13920d108b506be331be534217fa98abfac,1024,682,load center
images/breaker_panel/openverse_cf2a694095e74e7394b4ec8db4520472.jpg,breaker_panel,,train,labeled,1,openverse,cf2a6940-95e7-4e73-94b4-ec8db4520472,Battery cabinet circuit breaker,https://www.flickr.com/photos/65475777@N06/9771391983,https://live.staticflickr.com/5343/9771391983_0562f75e6c_b.jpg,by-sa,2.0,https://creativecommons.org/licenses/by-sa/2.0/,seeweb,https://www.flickr.com/photos/65475777@N06,65475777@N06,flickr:65475777@N06,78650484bdb3135ae4892bbe3e74427784c8f0e5,1024,768,circuit breakers
images/breaker_panel/openverse_d0af437fb11f4d66af3bdff3ec730eb7.jpg,breaker_panel,,train,labeled,1,openverse,d0af437f-b11f-4d66-af3b-dff3ec730eb7,IMG_3437,https://www.flickr.com/photos/35042256@N00/5801249602,https://live.staticflickr.com/5185/5801249602_6449a4e215_b.jpg,by,2.0,https://creativecommons.org/licenses/by/2.0/,BY-YOUR-⌘,https://www.flickr.com/photos/35042256@N00,35042256@N00,flickr:35042256@N00,b7d476188c2801f03e7cffa755447e46c0e8308a,1024,768,circuit breaker panel
images/breaker_panel/openverse_d0cee8038a3e4500b40f322327359a86.jpg,breaker_panel,,train,labeled,2,openverse,d0cee803-8a3e-4500-b40f-322327359a86,Individual field test,https://www.flickr.com/photos/52365139@N05/19376077456,https://live.staticflickr.com/510/19376077456_d7fdb29c0c_b.jpg,by-sa,2.0,https://creativecommons.org/licenses/by-sa/2.0/,dvanzuijlekom,https://www.flickr.com/photos/52365139@N05,52365139@N05,flickr:52365139@N05,d6f90c22e087ec57677ecca4d0f4509c6f036e12,683,1024,main breaker
images/breaker_panel/openverse_d136c3c007824dddaa7eabb301e81350.jpg,breaker_panel,,train,labeled,1,openverse,d136c3c0-0782-4ddd-aa7e-abb301e81350,210525-N-UN585-1026,https://www.flickr.com/photos/94966166@N02/51206740224,https://live.staticflickr.com/65535/51206740224_941883d04d_b.jpg,pdm,1.0,https://creativecommons.org/publicdomain/mark/1.0/,CNE CNA C6F,https://www.flickr.com/photos/94966166@N02,94966166@N02,flickr:94966166@N02,707f938e48b63449a6069b537c72258dfca8a7b2,683,1024,circuit breaker panel
images/breaker_panel/openverse_d18e1746eaaa48faa2007113b6836cdf.jpg,breaker_panel,,,unlabeled,0,openverse,d18e1746-eaaa-48fa-a200-7113b6836cdf,Breaker Box,https://www.flickr.com/photos/62436344@N05/6113794293,https://live.staticflickr.com/6197/6113794293_a926cc5bd7_b.jpg,by-sa,2.0,https://creativecommons.org/licenses/by-sa/2.0/,SidsChuggerBuild,https://www.flickr.com/photos/62436344@N05,62436344@N05,flickr:62436344@N05,9bc46a890b244d3e33945825de6871edc883b8d7,1024,768,breaker box
images/breaker_panel/openverse_d209ea211fcf4e338b6d5804312d3ff1.jpg,breaker_panel,,train,labeled,1,openverse,d209ea21-1fcf-4e33-8b6d-5804312d3ff1,Electric Panel,https://www.flickr.com/photos/34107995@N00/1496376457,https://live.staticflickr.com/2159/1496376457_1a7d4d43c3_b.jpg,by,2.0,https://creativecommons.org/licenses/by/2.0/,www.trek.today,https://www.flickr.com/photos/34107995@N00,34107995@N00,flickr:34107995@N00,d06965d352f35c99e901f82736c30098adf4332e,750,1000,circuit breaker panel
images/breaker_panel/openverse_d24874d83cc54a8fa14186cf915aaaf2.jpg,breaker_panel,,,unlabeled,0,openverse,d24874d8-3cc5-4a8f-a141-86cf915aaaf2,,https://www.flickr.com/photos/49024304@N00/2474048739,https://live.staticflickr.com/3162/2474048739_5d61f6d622_b.jpg,by,2.0,https://creativecommons.org/licenses/by/2.0/,anyjazz65,https://www.flickr.com/photos/49024304@N00,49024304@N00,flickr:49024304@N00,02b00c386ec50ed91165805aef962f57adac0389,1024,649,breaker box
images/breaker_panel/openverse_d2e393d63be84aa2b9a5a99627744661.jpg,breaker_panel,,,unlabeled,0,openverse,d2e393d6-3be8-4aa2-b9a5-a99627744661,"Bob comes to us, a rainbow unicorn (by rachel breaker) with a golden sword on a unicycle",https://www.flickr.com/photos/70285332@N00/15276236483,https://live.staticflickr.com/7544/15276236483_5057b0c3fc_b.jpg,by-sa,2.0,https://creativecommons.org/licenses/by-sa/2.0/,▓▒░ TORLEY ░▒▓,https://www.flickr.com/photos/70285332@N00,70285332@N00,flickr:70285332@N00,719de0df980fa25f1f37dd2277e3ab3bd8f8870c,1024,615,main breaker
images/breaker_panel/openverse_d370bb64426347438f3e9dc77b4e0630.jpg,breaker_panel,,train,labeled,2,openverse,d370bb64-4263-4743-8f3e-9dc77b4e0630,USACE upgrades medical clinic,https://www.flickr.com/photos/34728058@N08/13774275114,https://live.staticflickr.com/3795/13774275114_c5094b6032_b.jpg,by,2.0,https://creativecommons.org/licenses/by/2.0/,USACE Europe District,https://www.flickr.com/photos/34728058@N08,34728058@N08,flickr:34728058@N08,5904627fceef907c7394dddb6116b2d3f01db903,1024,683,circuit breaker panel
images/breaker_panel/openverse_d4e033bfa02c406ab44b098e7a21f603.jpg,breaker_panel,,train,labeled,1,openverse,d4e033bf-a02c-406a-b44b-098e7a21f603,"Lightning Damage, black soot exited a couple of outlets.",https://www.flickr.com/photos/48239130@N07/7629937016,https://live.staticflickr.com/7113/7629937016_ddf3f02b1f_b.jpg,by,2.0,https://creativecommons.org/licenses/by/2.0/,markn3tel,https://www.flickr.com/photos/48239130@N07,48239130@N07,flickr:48239130@N07,c008c03ee24560c08f8f43e4c029ccda816a097c,676,1024,breaker box
images/breaker_panel/openverse_d4f22ab0665b4ca78d66028c56ae2890.jpg,breaker_panel,,,unlabeled,0,openverse,d4f22ab0-665b-4ca7-8d66-028c56ae2890,Cretaceous cast,https://www.flickr.com/photos/24662369@N07/40404686211,https://live.staticflickr.com/4724/40404686211_be42d6cbf6_b.jpg,by,2.0,https://creativecommons.org/licenses/by/2.0/,NASA Goddard Photo and Video,https://www.flickr.com/photos/24662369@N07,24662369@N07,nasa:24662369@N07,d80b97d8f254d90b4ddb07c482b1835024fe4171,1024,682,load center
images/breaker_panel/openverse_d61c1928694a477cb123c25dd49850cc.jpg,breaker_panel,,,unlabeled,0,openverse,d61c1928-694a-477c-b123-c25dd49850cc,Europe District hands over key to Armenia school,https://www.flickr.com/photos/34728058@N08/9673285966,https://live.staticflickr.com/7427/9673285966_2916bfddb1_b.jpg,by,2.0,https://creativecommons.org/licenses/by/2.0/,USACE Europe District,https://www.flickr.com/photos/34728058@N08,34728058@N08,flickr:34728058@N08,54f6f31845d551f49b6001bece6c9c4fceefc973,1024,768,service entrance electrical
images/breaker_panel/openverse_d993aad4a5624f0b90292ab6173610fe.jpg,breaker_panel,,train,labeled,1,openverse,d993aad4-a562-4f0b-9029-2ab6173610fe,Electrical closeup,https://www.flickr.com/photos/34197011@N00/202290560,https://live.staticflickr.com/71/202290560_fb40def5b7_b.jpg,by-sa,2.0,https://creativecommons.org/licenses/by-sa/2.0/,scottbb,https://www.flickr.com/photos/34197011@N00,34197011@N00,flickr:34197011@N00,8eaf2620699b34eb33f4d5da1cd7ea5c4f215941,768,1024,breaker panel
images/breaker_panel/openverse_dad9d1ca0c6147dfbfda795a8ad6da25.jpg,breaker_panel,,train,labeled,1,openverse,dad9d1ca-0c61-47df-bfda-795a8ad6da25,Behind the Kilowatt Clock,https://www.flickr.com/photos/22238428@N05/2931372775,https://live.staticflickr.com/3021/2931372775_d1489cc387_b.jpg,by-sa,2.0,https://creativecommons.org/licenses/by-sa/2.0/,scanlime,https://www.flickr.com/photos/22238428@N05,22238428@N05,flickr:22238428@N05,917580cd526daed8d242c23cb48eb74e87973ec1,1024,768,breaker box
images/breaker_panel/openverse_dcf0af312a2b4689a813ca4bb0eff30d.jpg,breaker_panel,,,unlabeled,0,openverse,dcf0af31-2a2b-4689-a813-ca4bb0eff30d,Duncowan c.1919,https://www.flickr.com/photos/72079496@N04/6924758137,https://live.staticflickr.com/7203/6924758137_0a6804cb70_b.jpg,by,2.0,https://creativecommons.org/licenses/by/2.0/,Sydney Heritage,https://www.flickr.com/photos/72079496@N04,72079496@N04,flickr:72079496@N04,75d267db6dc98272fb943bd8df4f5ec520d5b5ab,761,1024,service entrance electrical
images/breaker_panel/openverse_dd8e2144caaa47c6a1e2132d45b2c3c0.jpg,breaker_panel,,train,labeled,3,openverse,dd8e2144-caaa-47c6-a1e2-132d45b2c3c0,CH057A - Electricians Installing Conduits and Circuit Breakers for Temporary Power Lines (09-09-2014),https://www.flickr.com/photos/59595815@N03/15209262762,https://live.staticflickr.com/3839/15209262762_65d848be4e_b.jpg,by,2.0,https://creativecommons.org/licenses/by/2.0/,MTA C&D - EAST SIDE ACCESS,https://www.flickr.com/photos/59595815@N03,59595815@N03,flickr:59595815@N03,ce58e84ede7a7f32a8995050936fd06fae71ada2,1024,768,circuit breakers
images/breaker_panel/openverse_de2a325d8ffb4de297adfea249e5640d.jpg,breaker_panel,,train,labeled,1,openverse,de2a325d-8ffb-4de2-97ad-fea249e5640d,old electrical panel,https://www.flickr.com/photos/44124427152@N01/9830622,https://live.staticflickr.com/6/9830622_7a3c93b082_b.jpg,by-sa,2.0,https://creativecommons.org/licenses/by-sa/2.0/,Salim Virji,https://www.flickr.com/photos/44124427152@N01,44124427152@N01,flickr:44124427152@N01,99fe74af82d10157f707d09f86bfd3133da20abb,1024,768,electrical panel
images/breaker_panel/openverse_df351cb3d3de4eedad85d45b11f9188c.jpg,breaker_panel,,,unlabeled,0,openverse,df351cb3-d3de-4eed-ad85-d45b11f9188c,and to discover it's all boxed in,https://www.flickr.com/photos/70285332@N00/5836493067,https://live.staticflickr.com/3320/5836493067_d20d2c0e77_b.jpg,by-sa,2.0,https://creativecommons.org/licenses/by-sa/2.0/,▓▒░ TORLEY ░▒▓,https://www.flickr.com/photos/70285332@N00,70285332@N00,flickr:70285332@N00,bf099b3fcfad1cdfb8ebb33697b967e06d6bf106,1024,1024,breaker box
images/breaker_panel/openverse_e14dc3368db84c74859a0c12338bc345.jpg,breaker_panel,,train,labeled,1,openverse,e14dc336-8db8-4c74-859a-0c12338bc345,APC H15 inside #8 circuit breaker,https://www.flickr.com/photos/20938094@N00/3383469389,https://live.staticflickr.com/3420/3383469389_bf4f1fb855_b.jpg,by-sa,2.0,https://creativecommons.org/licenses/by-sa/2.0/,sbwoodside,https://www.flickr.com/photos/20938094@N00,20938094@N00,flickr:20938094@N00,2a04a25549970eda91ae6f5414c87ec2536c82b4,1024,768,circuit breakers
images/breaker_panel/openverse_e29213beb69242d994f5bb57a8889e44.jpg,breaker_panel,,,unlabeled,0,openverse,e29213be-b692-42d9-94f5-bb57a8889e44,Colors after the Storms,https://www.flickr.com/photos/24662369@N07/22470767876,https://live.staticflickr.com/5716/22470767876_09fa208790_b.jpg,by,2.0,https://creativecommons.org/licenses/by/2.0/,NASA Goddard Photo and Video,https://www.flickr.com/photos/24662369@N07,24662369@N07,nasa:24662369@N07,fa55865a3bc6fa09ab0d933c2d9b85b4edaf4a69,947,1023,load center
images/breaker_panel/openverse_e348042f35754e69b1efbb266ad6fcc8.jpg,breaker_panel,,train,labeled,1,openverse,e348042f-3575-4e69-b1ef-bb266ad6fcc8,Main breaker,https://www.flickr.com/photos/22611472@N02/5999525994,https://live.staticflickr.com/6016/5999525994_a947c25d7d_b.jpg,by-sa,2.0,https://creativecommons.org/licenses/by-sa/2.0/,sparr0,https://www.flickr.com/photos/22611472@N02,22611472@N02,flickr:22611472@N02,a59824bac9809bc81108f3bd17ca45a5c99bc1df,1024,681,main breaker
images/breaker_panel/openverse_e6aadddbf4a44fc7863cae1a6d36dd02.jpg,breaker_panel,,train,labeled,2,openverse,e6aadddb-f4a4-4fc7-863c-ae1a6d36dd02,The Well,https://www.flickr.com/photos/62528187@N00/4679680189,https://live.staticflickr.com/4020/4679680189_f3c427dce1_b.jpg,by,2.0,https://creativecommons.org/licenses/by/2.0/,photofarmer,https://www.flickr.com/photos/62528187@N00,62528187@N00,flickr:62528187@N00,b70dc44d9b1ae9c0a65689ae7f6c86440ed54d2b,1023,681,breaker box
images/breaker_panel/openverse_e9cdd6e6d87d4b45a38a7ab47f6f078e.jpg,breaker_panel,,,unlabeled,0,openverse,e9cdd6e6-d87d-4b45-a38a-7ab47f6f078e,Drivers Circuit Breaker Panel,https://www.flickr.com/photos/12349133@N05/5130985679,https://live.staticflickr.com/4070/5130985679_e2136c7fb9_b.jpg,by-sa,2.0,https://creativecommons.org/licenses/by-sa/2.0/,djminisite,https://www.flickr.com/photos/12349133@N05,12349133@N05,flickr:12349133@N05,d651881a96ca63501145bfcbbd919dd4f12900f6,1024,768,breaker panel
images/breaker_panel/openverse_ea510b487ea046a48005d44786f3f2ef.jpg,breaker_panel,,train,labeled,1,openverse,ea510b48-7ea0-46a4-8005-d44786f3f2ef,Breaker Box,https://www.flickr.com/photos/77393879@N03/6913100612,https://live.staticflickr.com/7226/6913100612_4320450fe0_b.jpg,by-sa,2.0,https://creativecommons.org/licenses/by-sa/2.0/,evokilla,https://www.flickr.com/photos/77393879@N03,77393879@N03,flickr:77393879@N03,52ef661674098e8b0b51d226a0c5b895a6093a77,667,1000,breaker box
images/breaker_panel/openverse_eacd8440793440379f07d718874276dd.jpg,breaker_panel,,train,labeled,1,openverse,eacd8440-7934-4037-9f07-d718874276dd,Fuse boxes,https://www.flickr.com/photos/11139043@N00/2379794604,https://live.staticflickr.com/2408/2379794604_d436ed622b_b.jpg,by,2.0,https://creativecommons.org/licenses/by/2.0/,covilha,https://www.flickr.com/photos/11139043@N00,11139043@N00,flickr:11139043@N00,93865eb6fc0f008a90659c7e2698fa9f670ca38f,1000,750,fuse box
images/breaker_panel/openverse_eb13e657d90a409cbd1c7bb2b87bb160.jpg,breaker_panel,,,unlabeled,0,openverse,eb13e657-d90a-409c-bd1c-7bb2b87bb160,Stuttgart - Hauptstätter Strasse (1905 Postcard),https://www.flickr.com/photos/24736216@N07/7996507033,https://live.staticflickr.com/8040/7996507033_f2e89d9740_b.jpg,by-sa,2.0,https://creativecommons.org/licenses/by-sa/2.0/,roger4336,https://www.flickr.com/photos/24736216@N07,24736216@N07,flickr:24736216@N07,e2035d1f303656481511046f43958b92eb37a8be,1024,673,load center
images/breaker_panel/openverse_eb20fb7eaf1f4b349fe70e110ef87c95.jpg,breaker_panel,,train,labeled,1,openverse,eb20fb7e-af1f-4b34-9fe7-0e110ef87c95,20220127-RD-LSC-0938,https://www.flickr.com/photos/41284017@N08/51846458762,https://live.staticflickr.com/65535/51846458762_b36a038ec3_b.jpg,pdm,1.0,https://creativecommons.org/publicdomain/mark/1.0/,USDAgov,https://www.flickr.com/photos/41284017@N08,41284017@N08,flickr:41284017@N08,cdb99a81b4c12495f33fde8445ba56fd8a98d74d,683,1024,electrical service panel
images/breaker_panel/openverse_eb42d6a3a9a04d76bc5549b2e72f1a4b.jpg,breaker_panel,,train,labeled,1,openverse,eb42d6a3-a9a0-4d76-bc55-49b2e72f1a4b,Old panel,https://www.flickr.com/photos/26670433@N07/27573940545,https://live.staticflickr.com/7453/27573940545_3463f959d5_b.jpg,by,2.0,https://creativecommons.org/licenses/by/2.0/,davef3138,https://www.flickr.com/photos/26670433@N07,26670433@N07,flickr:26670433@N07,1202f9804ad94081477654711427bafc2d05c284,768,1024,circuit breaker panel
images/breaker_panel/openverse_eb8b400ee03c4ec08700df75a6afe1ac.jpg,breaker_panel,,train,labeled,2,openverse,eb8b400e-e03c-4ec0-8700-df75a6afe1ac,CS179 - 39th St. & B13 - Installation of 2-inch Galvanized Rigid Steel Conduits from Pull Box to Disconnect & Electrical Panel Direct Current-1 (3) (07-25-2017),https://www.flickr.com/photos/59595815@N03/36071756541,https://live.staticflickr.com/4295/36071756541_7330b2cb38_b.jpg,by,2.0,https://creativecommons.org/licenses/by/2.0/,MTA C&D - EAST SIDE ACCESS,https://www.flickr.com/photos/59595815@N03,59595815@N03,flickr:59595815@N03,eac683e48abba870484106bb13b797fc0849d541,1024,768,electrical panel
images/breaker_panel/openverse_ed95234010ca44cfa541ced7d1193395.jpg,breaker_panel,,,unlabeled,0,openverse,ed952340-10ca-44cf-a541-ced7d1193395,"2009 Five Presidents George W. Bush, President Elect Barack Obama, Former Presidents George H W Bush, Bill Clinton, Jimmy Carter Portrait",https://www.flickr.com/photos/10101046@N06/3203364850,https://live.staticflickr.com/3332/3203364850_d23c3fd684_b.jpg,pdm,1.0,https://creativecommons.org/publicdomain/mark/1.0/,Beverly & Pack,https://www.flickr.com/photos/10101046@N06,10101046@N06,flickr:10101046@N06,ebc798fc3af085653d8deffba62f51d4895498c6,1024,620,load center
images/breaker_panel/openverse_edb90222ec954271b6065c19d63d233e.jpg,breaker_panel,,train,labeled,3,openverse,edb90222-ec95-4271-b606-5c19d63d233e,Snow-filled Electrical Panel,https://www.flickr.com/photos/57202181@N05/5905086734,https://live.staticflickr.com/5277/5905086734_016c63fcf9_b.jpg,by,2.0,https://creativecommons.org/licenses/by/2.0/,Alan R. Light,https://www.flickr.com/photos/57202181@N05,57202181@N05,flickr:57202181@N05,23f522ca156366011f71638d6eb501f5b79fe929,768,1024,electrical panel
images/breaker_panel/openverse_ee71845824e1421e805e8431f0a315b7.jpg,breaker_panel,,train,labeled,1,openverse,ee718458-24e1-421e-805e-8431f0a315b7,CS179 PLZF (B11) - Termination of Cables and Wires to Electrical Panels in Electrical Panel Room 228 (08-29-2017 ),https://www.flickr.com/photos/59595815@N03/36136315763,https://live.staticflickr.com/4354/36136315763_51c15b8611_b.jpg,by,2.0,https://creativecommons.org/licenses/by/2.0/,MTA C&D - EAST SIDE ACCESS,https://www.flickr.com/photos/59595815@N03,59595815@N03,flickr:59595815@N03,f21e47dd4e146e09d2b0945d097e4a22dfbf7292,1024,768,electrical panel
images/breaker_panel/openverse_f23be9dcd41a4a50adfa23965c44a3a7.jpg,breaker_panel,,val,labeled,1,openverse,f23be9dc-d41a-4a50-adfa-23965c44a3a7,Cygnus Cargo Load for Orbital CRS-3,https://www.flickr.com/photos/24662369@N07/15593387406,https://live.staticflickr.com/3941/15593387406_7bebc24e98_b.jpg,by,2.0,https://creativecommons.org/licenses/by/2.0/,NASA Goddard Photo and Video,https://www.flickr.com/photos/24662369@N07,24662369@N07,nasa:24662369@N07,77f05e333e5d8f93a724ccf9485a898b13397dc7,1024,683,load center
images/breaker_panel/openverse_f23c65278a434c01afeac05b060359ad.jpg,breaker_panel,,train,labeled,1,openverse,f23c6527-8a43-4c01-afea-c05b060359ad,Old Fuse Box,https://www.flickr.com/photos/86937504@N00/3383557741,https://live.staticflickr.com/3444/3383557741_248c2f9c1d_b.jpg,by,2.0,https://creativecommons.org/licenses/by/2.0/,jmawork,https://www.flickr.com/photos/86937504@N00,86937504@N00,flickr:86937504@N00,960fe091b592019057c932a9be9a184b385d3f32,768,1024,fuse box
images/breaker_panel/openverse_f2a7fa2d397f4d7eba59e8d836243fe3.jpg,breaker_panel,,train,labeled,1,openverse,f2a7fa2d-397f-4d7e-ba59-e8d836243fe3,Huge soldering iron,https://www.flickr.com/photos/52365139@N05/19395952422,https://live.staticflickr.com/483/19395952422_8c675808cf_b.jpg,by-sa,2.0,https://creativecommons.org/licenses/by-sa/2.0/,dvanzuijlekom,https://www.flickr.com/photos/52365139@N05,52365139@N05,flickr:52365139@N05,3a5530a0f59f1b48b7ba9ab1d663347e38868a7d,1024,683,main breaker
images/breaker_panel/openverse_f2e49225742e491a9c8115ec0e34d0b0.jpg,breaker_panel,,train,labeled,1,openverse,f2e49225-742e-491a-9c81-15ec0e34d0b0,Shoving the tube over the rods,https://www.flickr.com/photos/52365139@N05/19376078976,https://live.staticflickr.com/415/19376078976_45a781750b_b.jpg,by-sa,2.0,https://creativecommons.org/licenses/by-sa/2.0/,dvanzuijlekom,https://www.flickr.com/photos/52365139@N05,52365139@N05,flickr:52365139@N05,05fe7b41273aa4603ce9f76f12669bf9135f7c4a,684,1024,main breaker
images/breaker_panel/openverse_f3ea3d082b0d49ceaa0f66440e401f54.jpg,breaker_panel,,train,labeled,6,openverse,f3ea3d08-2b0d-49ce-aa0f-66440e401f54,Performing an injection test in circuit breakers and electrical panels in a power substation in Queens. 06-27-19,https://www.flickr.com/photos/59595815@N03/48146652571,https://live.staticflickr.com/65535/48146652571_debc5897a0_b.jpg,by,2.0,https://creativecommons.org/licenses/by/2.0/,MTA C&D - EAST SIDE ACCESS,https://www.flickr.com/photos/59595815@N03,59595815@N03,flickr:59595815@N03,1245bf7ed0b69b6aff1beef942d3dc1271a9a64f,1024,768,electrical panel
images/breaker_panel/openverse_f4ed97b40a5347f89f1707f24ae9b979.jpg,breaker_panel,,,unlabeled,0,openverse,f4ed97b4-0a53-47f8-9f17-07f24ae9b979,"May 31, 2014 Saddle-Trained Wild Horse & Burro Adoption",https://www.flickr.com/photos/55893585@N08/14367936423,https://live.staticflickr.com/3904/14367936423_513d7877b3_b.jpg,by-sa,2.0,https://creativecommons.org/licenses/by-sa/2.0/,BLM Nevada,https://www.flickr.com/photos/55893585@N08,55893585@N08,flickr:55893585@N08,9a85aba96daf11776dae659feed2b754941d4ac2,1024,683,load center
images/breaker_panel/openverse_f5121e71324b4b95bd9eafc22aaf8134.jpg,breaker_panel,,train,labeled,1,openverse,f5121e71-324b-4b95-bd9e-afc22aaf8134,A few sticks of hot glue,https://www.flickr.com/photos/52365139@N05/19406284211,https://live.staticflickr.com/3751/19406284211_41ef80e78d_b.jpg,by-sa,2.0,https://creativecommons.org/licenses/by-sa/2.0/,dvanzuijlekom,https://www.flickr.com/photos/52365139@N05,52365139@N05,flickr:52365139@N05,9997daf8f8425af4c7869dd8da0c7023dbbe5748,1024,683,main breaker
images/breaker_panel/openverse_f5cc51f5b6534cfaa876c717493968c0.jpg,breaker_panel,,train,labeled,1,openverse,f5cc51f5-b653-4cfa-a876-c717493968c0,apartment fuse boxes,https://www.flickr.com/photos/79023099@N00/13002759544,https://live.staticflickr.com/3798/13002759544_9bee37962c_b.jpg,by,2.0,https://creativecommons.org/licenses/by/2.0/,Wild Guru Larry,https://www.flickr.com/photos/79023099@N00,79023099@N00,flickr:79023099@N00,28a5ad713023b05e6998c8b67307f75332a8110c,1024,768,fuse box
images/breaker_panel/openverse_f6cf7bf45a204a249ee779dbee31fd96.jpg,breaker_panel,,val,labeled,1,openverse,f6cf7bf4-5a20-4a24-9ee7-79dbee31fd96,Cretaceous cast,https://www.flickr.com/photos/24662369@N07/25533024497,https://live.staticflickr.com/4708/25533024497_d3268a0d63_b.jpg,by,2.0,https://creativecommons.org/licenses/by/2.0/,NASA Goddard Photo and Video,https://www.flickr.com/photos/24662369@N07,24662369@N07,nasa:24662369@N07,dec2024b86239db346ca41e58c93d9cf1a112fc5,1024,678,load center
images/breaker_panel/openverse_f71d5ed605b14c079795840e68abf5fc.jpg,breaker_panel,,,unlabeled,0,openverse,f71d5ed6-05b1-4c07-9795-840e68abf5fc,20150724-NRCS-LSC-0290,https://www.flickr.com/photos/41284017@N08/20121446003,https://live.staticflickr.com/692/20121446003_c7fc29fa07_b.jpg,pdm,1.0,https://creativecommons.org/publicdomain/mark/1.0/,USDAgov,https://www.flickr.com/photos/41284017@N08,41284017@N08,flickr:41284017@N08,d98d22752f26775c01be98e9d291539cc2b739b9,1024,670,electrical service panel
images/breaker_panel/openverse_f77a7e5532344e5fade2d497068731ab.jpg,breaker_panel,,,unlabeled,0,openverse,f77a7e55-3234-4e5f-ade2-d497068731ab,20150724-NRCS-LSC-0369,https://www.flickr.com/photos/41284017@N08/20910249502,https://live.staticflickr.com/5745/20910249502_f0e2a34f8a_b.jpg,pdm,1.0,https://creativecommons.org/publicdomain/mark/1.0/,USDAgov,https://www.flickr.com/photos/41284017@N08,41284017@N08,flickr:41284017@N08,169c386b6ac43307fa0f530e4d2c482c4ddb2f36,1024,576,electrical service panel
images/breaker_panel/openverse_f913a936050748758f13c5d56a8a045a.jpg,breaker_panel,,,unlabeled,0,openverse,f913a936-0507-4875-8f13-c5d56a8a045a,Double Radio Spiral in Eridanus,https://www.flickr.com/photos/54209675@N00/13773100263,https://live.staticflickr.com/7048/13773100263_2d09609e34_b.jpg,by,2.0,https://creativecommons.org/licenses/by/2.0/,geckzilla,https://www.flickr.com/photos/54209675@N00,54209675@N00,flickr:54209675@N00,e5118e3ad13feac8e6daf6b85ccd6f13ef216614,800,1024,breaker box
images/breaker_panel/openverse_f9b93d98e65a4b52943fd0405f0fca31.jpg,breaker_panel,,train,labeled,1,openverse,f9b93d98-e65a-4b52-943f-d0405f0fca31,Fuse box,https://www.flickr.com/photos/64401168@N00/4723843707,https://live.staticflickr.com/1201/4723843707_03e8fe7cde_b.jpg,by,2.0,https://creativecommons.org/licenses/by/2.0/,Average Jane,https://www.flickr.com/photos/64401168@N00,64401168@N00,flickr:64401168@N00,1d92050eddccfedad74ab91040c8d9b62bae93b7,768,1024,fuse box
images/breaker_panel/openverse_fa232ff0bde744fca8209dffe6e2f65e.jpg,breaker_panel,,train,labeled,1,openverse,fa232ff0-bde7-44fc-a820-9dffe6e2f65e,Mainboard,https://www.flickr.com/photos/84539227@N00/288178016,https://live.staticflickr.com/104/288178016_583e593d50_b.jpg,by-sa,2.0,https://creativecommons.org/licenses/by-sa/2.0/,reivax,https://www.flickr.com/photos/84539227@N00,84539227@N00,flickr:84539227@N00,82421b3ea5fff2086fb7e55e3d580ca51acf4c81,1024,768,circuit breaker panel
images/breaker_panel/openverse_facc7cb411cb4283b9606708399c07f1.jpg,breaker_panel,,train,labeled,1,openverse,facc7cb4-11cb-4283-b960-6708399c07f1,Old electrical panel,https://www.flickr.com/photos/44124427152@N01/9830593,https://live.staticflickr.com/8/9830593_3c9e2ebaab_b.jpg,by-sa,2.0,https://creativecommons.org/licenses/by-sa/2.0/,Salim Virji,https://www.flickr.com/photos/44124427152@N01,44124427152@N01,flickr:44124427152@N01,3badacb1481e70d9aaffa46add93aec776f3a8c9,1024,768,electrical panel
images/breaker_panel/openverse_fcdd512c6d74453a93809efa660e6de3.jpg,breaker_panel,,train,labeled,1,openverse,fcdd512c-6d74-453a-9380-9efa660e6de3,Electrical Panels,https://www.flickr.com/photos/53301297@N00/12735674093,https://live.staticflickr.com/2890/12735674093_e241d440db_b.jpg,by,2.0,https://creativecommons.org/licenses/by/2.0/,pasa47,https://www.flickr.com/photos/53301297@N00,53301297@N00,flickr:53301297@N00,83a1b27473cbb9071db3ceef46c31cd5f3120575,683,1024,electrical panel
images/breaker_panel/openverse_fdbd57723a1740119a3b6efb12b5344e.jpg,breaker_panel,,train,labeled,1,openverse,fdbd5772-3a17-4011-9a3b-6efb12b5344e,Unscrew the fuse box...,https://www.flickr.com/photos/32659528@N00/771532559,https://live.staticflickr.com/1424/771532559_218adad61d_b.jpg,by,2.0,https://creativecommons.org/licenses/by/2.0/,exfordy,https://www.flickr.com/photos/32659528@N00,32659528@N00,flickr:32659528@N00,3bde5754a03a8a575595823106ae5f3543e3805e,1024,683,fuse box
images/breaker_panel/openverse_fe380e8f36b748e3a0d4002b5ae1f689.jpg,breaker_panel,,,unlabeled,0,openverse,fe380e8f-36b7-48e3-a0d4-002b5ae1f689,20150724-NRCS-LSC-0355,https://www.flickr.com/photos/41284017@N08/20733267229,https://live.staticflickr.com/753/20733267229_88f7bd5cc8_b.jpg,pdm,1.0,https://creativecommons.org/publicdomain/mark/1.0/,USDAgov,https://www.flickr.com/photos/41284017@N08,41284017@N08,flickr:41284017@N08,9ea25631db76a8b84542998d784b8203a64b258b,1024,682,electrical service panel
images/breaker_panel/openverse_fe63c7045f4e4ad9ab44017b971c0c20.jpg,breaker_panel,,train,labeled,1,openverse,fe63c704-5f4e-4ad9-ab44-017b971c0c20,a portable breaker box?,https://www.flickr.com/photos/72794895@N00/113462953,https://live.staticflickr.com/19/113462953_3b65a5d78d_b.jpg,by,2.0,https://creativecommons.org/licenses/by/2.0/,zappowbang,https://www.flickr.com/photos/72794895@N00,72794895@N00,flickr:72794895@N00,75c4720123fec716b22674ba925d3c69007f9344,1024,768,breaker box
images/breaker_panel/openverse_fec207203f8a4205b234f6b7b4b7cc29.jpg,breaker_panel,,train,labeled,1,openverse,fec20720-3f8a-4205-b234-f6b7b4b7cc29,Circuit breakers,https://www.flickr.com/photos/44124483743@N01/3957069731,https://live.staticflickr.com/2491/3957069731_055b58eda8_b.jpg,by,2.0,https://creativecommons.org/licenses/by/2.0/,brownpau,https://www.flickr.com/photos/44124483743@N01,44124483743@N01,flickr:44124483743@N01,40231ff8d9712837171d2db801b97f505d015613,768,1024,circuit breakers
images/breaker_panel/openverse_fee316d7720b40bea01f67751137ef7d.jpg,breaker_panel,,,unlabeled,0,openverse,fee316d7-720b-40be-a01f-67751137ef7d,Cretaceous cast,https://www.flickr.com/photos/24662369@N07/25533024087,https://live.staticflickr.com/4631/25533024087_eabcfc1ce1_b.jpg,by,2.0,https://creativecommons.org/licenses/by/2.0/,NASA Goddard Photo and Video,https://www.flickr.com/photos/24662369@N07,24662369@N07,nasa:24662369@N07,d146a2d6a982fa2924a7823b2739d0147debbbea,1024,682,load center
images/breaker_panel/openverse_ff81f9d6578142e5ad2d2826a64b07b2.jpg,breaker_panel,,train,labeled,3,openverse,ff81f9d6-5781-42e5-ad2d-2826a64b07b2,Megger testing of main breakers in a power substation in Queens. 07-23-2019,https://www.flickr.com/photos/59595815@N03/48382832981,https://live.staticflickr.com/65535/48382832981_25e8c92d23_b.jpg,by,2.0,https://creativecommons.org/licenses/by/2.0/,MTA C&D - EAST SIDE ACCESS,https://www.flickr.com/photos/59595815@N03,59595815@N03,flickr:59595815@N03,bc13af7adfac39f0d73e0314b44976f4b2b597b5,1024,768,main breaker
images/breaker_panel/openverse_fffd9a6f020e43bc86ce4d3dffb2f976.jpg,breaker_panel,,val,labeled,1,openverse,fffd9a6f-020e-43bc-86ce-4d3dffb2f976,"Immigration and Naturalization Services building, Seattle",https://www.flickr.com/photos/27119837@N06/7123264935,https://live.staticflickr.com/7124/7123264935_c52f7c2caa_b.jpg,by,2.0,https://creativecommons.org/licenses/by/2.0/,Cargo Cult,https://www.flickr.com/photos/27119837@N06,27119837@N06,flickr:27119837@N06,c896fe6c7d759d9daad582c0e635c56d29d9a686,683,1024,service entrance electrical
images/electric_meter/commons_101507002.jpg,electric_meter,,val,labeled,1,commons,101507002,File:Virtual optik sayğac.jpg,https://commons.wikimedia.org/wiki/File:Virtual_optik_say%C4%9Fac.jpg,https://upload.wikimedia.org/wikipedia/commons/6/69/Virtual_optik_say%C4%9Fac.jpg?utm_source=commons.wikimedia.org&utm_campaign=imageinfo&utm_content=original,CC BY-SA 4.0,,https://creativecommons.org/licenses/by-sa/4.0,Samral,,Samral,commons:Samral,aaa7f0ea37287b4a87f4c3071d0eea0c7720d93a,1024,1024,Category:Smart meters
images/electric_meter/commons_101701070.jpg,electric_meter,,train,labeled,5,commons,101701070,File:Electrical meters LA.jpg,https://commons.wikimedia.org/wiki/File:Electrical_meters_LA.jpg,https://upload.wikimedia.org/wikipedia/commons/d/df/Electrical_meters_LA.jpg?utm_source=commons.wikimedia.org&utm_campaign=imageinfo&utm_content=original,CC BY-SA 4.0,,https://creativecommons.org/licenses/by-sa/4.0,Downtowngal,,Downtowngal,commons:Downtowngal,e0160535abd0718011b769932b1dc9862d8d12ed,1280,963,Category:Smart meters
images/electric_meter/commons_103247446.jpg,electric_meter,,val,labeled,1,commons,103247446,"File:Barge board style fence, Louisiana.jpg","https://commons.wikimedia.org/wiki/File:Barge_board_style_fence,_Louisiana.jpg",https://upload.wikimedia.org/wikipedia/commons/4/40/Barge_board_style_fence%2C_Louisiana.jpg?utm_source=commons.wikimedia.org&utm_campaign=imageinfo&utm_content=original,CC BY-SA 4.0,,https://creativecommons.org/licenses/by-sa/4.0,Infrogmation of New Orleans,,Infrogmation,commons:Infrogmation,255d29c157f785713a3f5b3e7aadb5699f7a96b4,1280,960,Category:Electricity meter mounts
images/electric_meter/commons_105094795.jpg,electric_meter,,train,labeled,1,commons,105094795,File:Tatung TT-001 20210314.jpg,https://commons.wikimedia.org/wiki/File:Tatung_TT-001_20210314.jpg,https://upload.wikimedia.org/wikipedia/commons/2/24/Tatung_TT-001_20210314.jpg?utm_source=commons.wikimedia.org&utm_campaign=imageinfo&utm_content=original,CC BY-SA 4.0,,https://creativecommons.org/licenses/by-sa/4.0,Solomon203,,Solomon203,commons:Solomon203,b7592c8fffa312237a807ddcf01265fb71460e78,960,1280,Category:Smart meters
images/electric_meter/commons_105504897.jpg,electric_meter,,train,labeled,1,commons,105504897,File:Dornbirn-electric sub-distributor photovoltaic 2-meter-02ASD.jpg,https://commons.wikimedia.org/wiki/File:Dornbirn-electric_sub-distributor_photovoltaic_2-meter-02ASD.jpg,https://upload.wikimedia.org/wikipedia/commons/5/56/Dornbirn-electric_sub-distributor_photovoltaic_2-meter-02ASD.jpg?utm_source=commons.wikimedia.org&utm_campaign=imageinfo&utm_content=original,CC BY-SA 4.0,,https://creativecommons.org/licenses/by-sa/4.0,Asurnipal,,Asurnipal,commons:Asurnipal,30ecfcd86143d9ca60ddeeb09d7c372a2a7020c0,960,1280,Category:Smart meters
images/electric_meter/commons_105770219.jpg,electric_meter,,train,labeled,1,commons,105770219,File:13. Dezember (11352026703).jpg,https://commons.wikimedia.org/wiki/File:13._Dezember_(11352026703).jpg,https://upload.wikimedia.org/wikipedia/commons/f/fe/13._Dezember_%2811352026703%29.jpg?utm_source=commons.wikimedia.org&utm_campaign=imageinfo&utm_content=original,CC BY-SA 2.0,,https://creativecommons.org/licenses/by-sa/2.0,"Cornelius Kibelka from Berlin, Germany",,Jpbowen,commons:Jpbowen,f94bd395df5946fb5f1da3d94d075d96a5c0a4f8,960,1280,Category:Smart meters
images/electric_meter/commons_106109933.jpg,electric_meter,,train,labeled,1,commons,106109933,File:Electricity meter installed by NEA.jpeg,https://commons.wikimedia.org/wiki/File:Electricity_meter_installed_by_NEA.jpeg,https://upload.wikimedia.org/wikipedia/commons/2/22/Electricity_meter_installed_by_NEA.jpeg?utm_source=commons.wikimedia.org&utm_campaign=imageinfo&utm_content=original,CC BY-SA 4.0,,https://creativecommons.org/licenses/by-sa/4.0,Nirjal stha,,Nirjal stha,commons:Nirjal stha,2f4bc1a8714076bf6a4112c0e3333153b612940f,960,1280,Category:Smart meters
images/electric_meter/commons_106321302.jpg,electric_meter,,train,labeled,1,commons,106321302,File:Tatung TT-001 20210605.jpg,https://commons.wikimedia.org/wiki/File:Tatung_TT-001_20210605.jpg,https://upload.wikimedia.org/wikipedia/commons/7/7f/Tatung_TT-001_20210605.jpg?utm_source=commons.wikimedia.org&utm_campaign=imageinfo&utm_content=original,CC BY-SA 4.0,,https://creativecommons.org/licenses/by-sa/4.0,Solomon203,,Solomon203,commons:Solomon203,1183702b5fec7518989c1e1fd4cafd10219fc737,960,1280,Category:Smart meters
images/electric_meter/commons_107120332.jpg,electric_meter,,train,labeled,1,commons,107120332,File:Marignac-en-Diois - Compteur ERDF anti-Linky (juin 2021).jpg,https://commons.wikimedia.org/wiki/File:Marignac-en-Diois_-_Compteur_ERDF_anti-Linky_(juin_2021).jpg,https://upload.wikimedia.org/wikipedia/commons/3/33/Marignac-en-Diois_-_Compteur_ERDF_anti-Linky_%28juin_2021%29.jpg?utm_source=commons.wikimedia.org&utm_campaign=imageinfo&utm_content=original,CC BY-SA 4.0,,https://creativecommons.org/licenses/by-sa/4.0,Sebleouf,,Sebleouf,commons:Sebleouf,d76881a69ce44a4e94c9deb3cf8c90e5e093dbf3,958,1280,Category:Electronic electricity meters
images/electric_meter/commons_107428923.jpg,electric_meter,,train,labeled,1,commons,107428923,File:Vorarlberger Kraftwerke-Energy meter (electro)-01ASD.jpg,https://commons.wikimedia.org/wiki/File:Vorarlberger_Kraftwerke-Energy_meter_(electro)-01ASD.jpg,https://upload.wikimedia.org/wikipedia/commons/4/49/Vorarlberger_Kraftwerke-Energy_meter_%28electro%29-01ASD.jpg?utm_source=commons.wikimedia.org&utm_campaign=imageinfo&utm_content=original,CC BY-SA 4.0,,https://creativecommons.org/licenses/by-sa/4.0,Asurnipal,,Sebastian Wallroth,commons:Sebastian Wallroth,b2b8cb8d1bac9964620afffa0503c33a59462198,960,1275,Category:Smart meters
images/electric_meter/commons_107428925.jpg,electric_meter,,train,labeled,1,commons,107428925,File:Vorarlberger Kraftwerke-Energy meter (electro)-02ASD.jpg,https://commons.wikimedia.org/wiki/File:Vorarlberger_Kraftwerke-Energy_meter_(electro)-02ASD.jpg,https://upload.wikimedia.org/wikipedia/commons/2/2a/Vorarlberger_Kraftwerke-Energy_meter_%28electro%29-02ASD.jpg?utm_source=commons.wikimedia.org&utm_campaign=imageinfo&utm_content=original,CC BY-SA 4.0,,https://creativecommons.org/licenses/by-sa/4.0,Asurnipal,,Asurnipal,commons:Asurnipal,1507e49f00d2ce5ae2339897d66588302bda40af,960,1280,Category:Smart meters
images/electric_meter/commons_107428944.jpg,electric_meter,,train,labeled,1,commons,107428944,File:Vorarlberger Kraftwerke-Energy meter (electro)-11ASD.jpg,https://commons.wikimedia.org/wiki/File:Vorarlberger_Kraftwerke-Energy_meter_(electro)-11ASD.jpg,https://upload.wikimedia.org/wikipedia/commons/6/6f/Vorarlberger_Kraftwerke-Energy_meter_%28electro%29-11ASD.jpg?utm_source=commons.wikimedia.org&utm_campaign=imageinfo&utm_content=original,CC BY-SA 4.0,,https://creativecommons.org/licenses/by-sa/4.0,Asurnipal,,Asurnipal,commons:Asurnipal,7386108cfa7271f8273d4d78199847e81a94de83,960,1280,Category:Smart meters
images/electric_meter/commons_10795599.jpg,electric_meter,,train,labeled,2,commons,10795599,File:Hydro quebec meter.JPG,https://commons.wikimedia.org/wiki/File:Hydro_quebec_meter.JPG,https://upload.wikimedia.org/wikipedia/commons/b/b9/Hydro_quebec_meter.JPG?utm_source=commons.wikimedia.org&utm_campaign=imageinfo&utm_content=original,CC BY-SA 3.0,,https://creativecommons.org/licenses/by-sa/3.0,Kristoferb (talk),,Soerfm,commons:Soerfm,2625d0cf37de99c5e0fc51dc750c2f692e0d8883,960,1126,Category:Electricity meters in Canada
images/electric_meter/commons_107985360.jpg,electric_meter,,val,labeled,4,commons,107985360,File:French Market New Orleans Valve and electric boxes.jpg,https://commons.wikimedia.org/wiki/File:French_Market_New_Orleans_Valve_and_electric_boxes.jpg,https://upload.wikimedia.org/wikipedia/commons/d/dc/French_Market_New_Orleans_Valve_and_electric_boxes.jpg?utm_source=commons.wikimedia.org&utm_campaign=imageinfo&utm_content=original,CC BY-SA 4.0,,https://creativecommons.org/licenses/by-sa/4.0,Infrogmation of New Orleans,,Infrogmation,commons:Infrogmation,40093d1ca845a7f0df615793ac75357f80312ef0,1280,960,Category:Electricity meter mounts
images/electric_meter/commons_108415257.jpg,electric_meter,,train,labeled,2,commons,108415257,File:Vorarlberger Kraftwerke-Energy meter (electro)-smart meter-02ASD.jpg,https://commons.wikimedia.org/wiki/File:Vorarlberger_Kraftwerke-Energy_meter_(electro)-smart_meter-02ASD.jpg,https://upload.wikimedia.org/wikipedia/commons/6/61/Vorarlberger_Kraftwerke-Energy_meter_%28electro%29-smart_meter-02ASD.jpg?utm_source=commons.wikimedia.org&utm_campaign=imageinfo&utm_content=original,CC BY-SA 4.0,,https://creativecommons.org/licenses/by-sa/4.0,Asurnipal,,Asurnipal,commons:Asurnipal,6c9b2d7b77a626774e2c809f07fa5f009f729bfe,788,1280,Category:Smart meters
images/electric_meter/commons_110155354.jpg,electric_meter,,train,labeled,1,commons,110155354,File:Electricians fixing electricity meter.jpg,https://commons.wikimedia.org/wiki/File:Electricians_fixing_electricity_meter.jpg,https://upload.wikimedia.org/wikipedia/commons/5/5a/Electricians_fixing_electricity_meter.jpg?utm_source=commons.wikimedia.org&utm_campaign=imageinfo&utm_content=original,CC0,,http://creativecommons.org/publicdomain/zero/1.0/deed.en,Jeromi Mikhael,,Jeromi Mikhael,commons:Jeromi Mikhael,9c480556e320e8f463405a0ede1a321b2445873c,960,1280,Category:Electronic electricity meters
images/electric_meter/commons_110155356.jpg,electric_meter,,train,labeled,1,commons,110155356,File:Electricians fixing electricity meter 4.jpg,https://commons.wikimedia.org/wiki/File:Electricians_fixing_electricity_meter_4.jpg,https://upload.wikimedia.org/wikipedia/commons/4/4c/Electricians_fixing_electricity_meter_4.jpg?utm_source=commons.wikimedia.org&utm_campaign=imageinfo&utm_content=original,CC0,,http://creativecommons.org/publicdomain/zero/1.0/deed.en,Jeromi Mikhael,,Jeromi Mikhael,commons:Jeromi Mikhael,7c92e29a0a2b69dcb30a1ba9b5fb065073ab18b1,960,1280,Category:Electronic electricity meters
images/electric_meter/commons_110155357.jpg,electric_meter,,train,labeled,1,commons,110155357,File:Electricians fixing electricity meter 3.jpg,https://commons.wikimedia.org/wiki/File:Electricians_fixing_electricity_meter_3.jpg,https://upload.wikimedia.org/wikipedia/commons/e/e9/Electricians_fixing_electricity_meter_3.jpg?utm_source=commons.wikimedia.org&utm_campaign=imageinfo&utm_content=original,CC0,,http://creativecommons.org/publicdomain/zero/1.0/deed.en,Jeromi Mikhael,,Jeromi Mikhael,commons:Jeromi Mikhael,fd058172f8f4decfd14fa834d1dac19958e0ae59,960,1280,Category:Electronic electricity meters
images/electric_meter/commons_110155358.jpg,electric_meter,,train,labeled,1,commons,110155358,File:Electricians fixing electricity meter 5.jpg,https://commons.wikimedia.org/wiki/File:Electricians_fixing_electricity_meter_5.jpg,https://upload.wikimedia.org/wikipedia/commons/2/2d/Electricians_fixing_electricity_meter_5.jpg?utm_source=commons.wikimedia.org&utm_campaign=imageinfo&utm_content=original,CC0,,http://creativecommons.org/publicdomain/zero/1.0/deed.en,Jeromi Mikhael,,Jeromi Mikhael,commons:Jeromi Mikhael,3cf68aa45d471f1048f22d0a23d66195fd208a8a,1280,960,Category:Electronic electricity meters
images/electric_meter/commons_11080178.jpg,electric_meter,,train,labeled,1,commons,11080178,File:Mono EDF.jpg,https://commons.wikimedia.org/wiki/File:Mono_EDF.jpg,https://upload.wikimedia.org/wikipedia/commons/5/57/Mono_EDF.jpg?utm_source=commons.wikimedia.org&utm_campaign=imageinfo&utm_content=original,CC BY-SA 3.0,,https://creativecommons.org/licenses/by-sa/3.0,louis thomas,,Louis.thomas92,commons:Louis.thomas92,36f4c3d42e09df1679058b02606e31042565bfd7,995,1280,Category:Smart meters
images/electric_meter/commons_11080202.jpg,electric_meter,,train,labeled,1,commons,11080202,File:Mono modulaire POLIER.jpg,https://commons.wikimedia.org/wiki/File:Mono_modulaire_POLIER.jpg,https://upload.wikimedia.org/wikipedia/commons/f/f5/Mono_modulaire_POLIER.jpg?utm_source=commons.wikimedia.org&utm_campaign=imageinfo&utm_content=original,CC BY-SA 3.0,,https://creativecommons.org/licenses/by-sa/3.0,Louis.thomas92,,Louis.thomas92,commons:Louis.thomas92,10a5c82e5022c609757fc9007e92620ccb9173e7,537,1280,Category:Smart meters
images/electric_meter/commons_111639614.jpg,electric_meter,,train,labeled,1,commons,111639614,File:Meridian105037.jpg,https://commons.wikimedia.org/wiki/File:Meridian105037.jpg,https://upload.wikimedia.org/wikipedia/commons/a/aa/Meridian105037.jpg?utm_source=commons.wikimedia.org&utm_campaign=imageinfo&utm_content=original,CC BY-SA 4.0,,https://creativecommons.org/licenses/by-sa/4.0,Wanderer777,,Wanderer777,commons:Wanderer777,4b335047036b45f75581d0784d27e513f7dafeea,960,1280,Category:Electronic electricity meters
images/electric_meter/commons_111639660.jpg,electric_meter,,train,labeled,1,commons,111639660,File:Meridian105109.jpg,https://commons.wikimedia.org/wiki/File:Meridian105109.jpg,https://upload.wikimedia.org/wikipedia/commons/1/1f/Meridian105109.jpg?utm_source=commons.wikimedia.org&utm_campaign=imageinfo&utm_content=original,CC BY-SA 4.0,,https://creativecommons.org/licenses/by-sa/4.0,Wanderer777,,Wanderer777,commons:Wanderer777,9fec722dbe6542e8b4b98ae3cf4dd66f26e40847,960,1280,Category:Smart meters
images/electric_meter/commons_113043702.jpg,electric_meter,,train,labeled,1,commons,113043702,File:Elektraj mezuriloj surstrate en Gjumri.jpg,https://commons.wikimedia.org/wiki/File:Elektraj_mezuriloj_surstrate_en_Gjumri.jpg,https://upload.wikimedia.org/wikipedia/commons/7/7b/Elektraj_mezuriloj_surstrate_en_Gjumri.jpg?utm_source=commons.wikimedia.org&utm_campaign=imageinfo&utm_content=original,CC BY-SA 4.0,,https://creativecommons.org/licenses/by-sa/4.0,RG72,,RG72,commons:RG72,aae0cc0e0997e047bb733f4577c95eecedd3b2f3,960,1280,Category:Smart meters
images/electric_meter/commons_11371024.jpg,electric_meter,,train,labeled,2,commons,11371024,File:Taiwan Power electricity meters 26-5258-34.jpg,https://commons.wikimedia.org/wiki/File:Taiwan_Power_electricity_meters_26-5258-34.jpg,https://upload.wikimedia.org/wikipedia/commons/2/23/Taiwan_Power_electricity_meters_26-5258-34.jpg?utm_source=commons.wikimedia.org&utm_campaign=imageinfo&utm_content=original,CC BY-SA 4.0,,https://creativecommons.org/licenses/by-sa/4.0,Solomon203,,Solomon203,commons:Solomon203,c91ef3371d5f6e641f877fc4e341ca3f4504d10a,960,1280,Category:Electronic electricity meters
images/electric_meter/commons_117598277.jpg,electric_meter,,train,labeled,5,commons,117598277,File:Elektrik sayaçları.jpg,https://commons.wikimedia.org/wiki/File:Elektrik_saya%C3%A7lar%C4%B1.jpg,https://upload.wikimedia.org/wikipedia/commons/2/24/Elektrik_saya%C3%A7lar%C4%B1.jpg?utm_source=commons.wikimedia.org&utm_campaign=imageinfo&utm_content=original,CC BY-SA 4.0,,https://creativecommons.org/licenses/by-sa/4.0,Satirdan kahraman,,Mümtaz,commons:Mümtaz,0a2d8828f0e423cdab87ed993d52292dfe679f29,960,1280,Category:Smart meters
images/electric_meter/commons_11762812.jpg,electric_meter,,train,labeled,2,commons,11762812,File:Digitalzähler.jpg,https://commons.wikimedia.org/wiki/File:Digitalz%C3%A4hler.jpg,https://upload.wikimedia.org/wikipedia/commons/9/90/Digitalz%C3%A4hler.jpg?utm_source=commons.wikimedia.org&utm_campaign=imageinfo&utm_content=original,Public domain,,,sarang,,Sarang,commons:Sarang,605a8afbef0868445538ac4c4adb918c43112728,1280,960,Category:Smart meters
images/electric_meter/commons_120349751.jpg,electric_meter,,val,labeled,1,commons,120349751,File:HK SW 上環 Sheung Wan 摩羅上街 Upper lascar Row July 2022 Px3 24.jpg,https://commons.wikimedia.org/wiki/File:HK_SW_%E4%B8%8A%E7%92%B0_Sheung_Wan_%E6%91%A9%E7%BE%85%E4%B8%8A%E8%A1%97_Upper_lascar_Row_July_2022_Px3_24.jpg,https://upload.wikimedia.org/wikipedia/commons/8/81/HK_SW_%E4%B8%8A%E7%92%B0_Sheung_Wan_%E6%91%A9%E7%BE%85%E4%B8%8A%E8%A1%97_Upper_lascar_Row_July_2022_Px3_24.jpg?utm_source=commons.wikimedia.org&utm_campaign=imageinfo&utm_content=original,CC BY-SA 4.0,,https://creativecommons.org/licenses/by-sa/4.0,Darifengm 092 Shtiah,,Darifengm 092 Shtiah,commons:Darifengm 092 Shtiah,334632948085a71ebab0e0dc4f0ce324f32936f0,960,1280,Category:Smart meters
images/electric_meter/commons_12041818.jpg,electric_meter,,train,labeled,2,commons,12041818,File:Funk-Rundsteuerempfänger 2010-1.jpg,https://commons.wikimedia.org/wiki/File:Funk-Rundsteuerempf%C3%A4nger_2010-1.jpg,https://upload.wikimedia.org/wikipedia/commons/1/17/Funk-Rundsteuerempf%C3%A4nger_2010-1.jpg?utm_source=commons.wikimedia.org&utm_campaign=imageinfo&utm_content=original,CC BY-SA 3.0,,https://creativecommons.org/licenses/by-sa/3.0,ChNPP,,ChNPP,commons:ChNPP,3d03d493dee8848543ab700dfa9b3d87ef6b833b,1280,960,Category:Landis & Gyr electricity meters
images/electric_meter/commons_120551527.jpg,electric_meter,,train,labeled,1,commons,120551527,File:Electricity meter in India.jpg,https://commons.wikimedia.org/wiki/File:Electricity_meter_in_India.jpg,https://upload.wikimedia.org/wikipedia/commons/a/a3/Electricity_meter_in_India.jpg?utm_source=commons.wikimedia.org&utm_campaign=imageinfo&utm_content=original,CC BY-SA 4.0,,https://creativecommons.org/licenses/by-sa/4.0,GautamSudhanshu,,GautamSudhanshu,commons:GautamSudhanshu,b790a51652db8fb430451c750204736ed1554777,960,1280,Category:Smart meters
images/electric_meter/commons_12427304.jpg,electric_meter,,train,labeled,1,commons,12427304,File:Static watthour meter.jpg,https://commons.wikimedia.org/wiki/File:Static_watthour_meter.jpg,https://upload.wikimedia.org/wikipedia/commons/2/24/Static_watthour_meter.jpg?utm_source=commons.wikimedia.org&utm_campaign=imageinfo&utm_content=original,Public domain,,,Neon at Malayalam Wikipedia,,File Upload Bot (Magnus Manske),commons:File Upload Bot (Magnus Manske),d3ff77244ffd13100f139088cb5cf61649f64ebc,960,1280,Category:Electronic electricity meters
images/electric_meter/commons_124397370.jpg,electric_meter,,val,labeled,3,commons,124397370,File:Dunkin donuts electric power meter in framingham ma shot by brian katt with a canon digital rebel in June of 2006.JPG,https://commons.wikimedia.org/wiki/File:Dunkin_donuts_electric_power_meter_in_framingham_ma_shot_by_brian_katt_with_a_canon_digital_rebel_in_June_of_2006.JPG,https://upload.wikimedia.org/wikipedia/commons/6/6a/Dunkin_donuts_electric_power_meter_in_framingham_ma_shot_by_brian_katt_with_a_canon_digital_rebel_in_June_of_2006.JPG?utm_source=commons.wikimedia.org&utm_campaign=imageinfo&utm_content=original,CC BY-SA 3.0,,http://creativecommons.org/licenses/by-sa/3.0/,,,Brian Katt,commons:Brian Katt,84eb99bcef264abf3986dd6a6ec0e8be7308d1fa,1280,853,Category:Smart meters
images/electric_meter/commons_124451594.jpg,electric_meter,,train,labeled,1,commons,124451594,File:Stromzähler.jpg,https://commons.wikimedia.org/wiki/File:Stromz%C3%A4hler.jpg,https://upload.wikimedia.org/wikipedia/commons/8/8c/Stromz%C3%A4hler.jpg?utm_source=commons.wikimedia.org&utm_campaign=imageinfo&utm_content=original,CC BY-SA 4.0,,https://creativecommons.org/licenses/by-sa/4.0,Υ.Γ.,,Υ.Γ.,commons:Υ.Γ.,71cd3b1cc4eee71d94782811342e2abde1067636,1280,1280,Category:Smart meters
images/electric_meter/commons_124512727.jpg,electric_meter,,train,labeled,1,commons,124512727,File:Rankweil-Kindergarten Bredreis-VKW smart meter-01ASD.jpg,https://commons.wikimedia.org/wiki/File:Rankweil-Kindergarten_Bredreis-VKW_smart_meter-01ASD.jpg,https://upload.wikimedia.org/wikipedia/commons/a/ab/Rankweil-Kindergarten_Bredreis-VKW_smart_meter-01ASD.jpg?utm_source=commons.wikimedia.org&utm_campaign=imageinfo&utm_content=original,CC BY-SA 4.0,,https://creativecommons.org/licenses/by-sa/4.0,Asurnipal,,Asurnipal,commons:Asurnipal,9e8b344a8a69ffd91227f8467d30861a2c7ae9c8,960,1280,Category:Smart meters
images/electric_meter/commons_124829622.jpg,electric_meter,,train,labeled,2,commons,124829622,File:Digital Economy 7 electricity meter.jpg,https://commons.wikimedia.org/wiki/File:Digital_Economy_7_electricity_meter.jpg,https://upload.wikimedia.org/wikipedia/commons/5/59/Digital_Economy_7_electricity_meter.jpg?utm_source=commons.wikimedia.org&utm_campaign=imageinfo&utm_content=original,CC BY-SA 4.0,,https://creativecommons.org/licenses/by-sa/4.0,NoahLovesNesquick,,NoahLovesNesquick,commons:NoahLovesNesquick,f372e6157dd9a621e0cd2ad97b9ab20e1b162ce5,960,1280,Category:Smart meters
images/electric_meter/commons_12690236.jpg,electric_meter,,train,labeled,2,commons,12690236,File:2003 Chunghsin kV2c electronic watthour meter.jpg,https://commons.wikimedia.org/wiki/File:2003_Chunghsin_kV2c_electronic_watthour_meter.jpg,https://upload.wikimedia.org/wikipedia/commons/1/18/2003_Chunghsin_kV2c_electronic_watthour_meter.jpg?utm_source=commons.wikimedia.org&utm_campaign=imageinfo&utm_content=original,CC BY-SA 3.0,,https://creativecommons.org/licenses/by-sa/3.0,Solomon203,,Solomon203,commons:Solomon203,aecb86e05bfb09bcc081576f8b255cb2890e5cc5,960,1280,Category:Smart meters
images/electric_meter/commons_12690246.jpg,electric_meter,,train,labeled,1,commons,12690246,File:2009 Chunghsin kV2c electronic watthour meter.jpg,https://commons.wikimedia.org/wiki/File:2009_Chunghsin_kV2c_electronic_watthour_meter.jpg,https://upload.wikimedia.org/wikipedia/commons/3/3a/2009_Chunghsin_kV2c_electronic_watthour_meter.jpg?utm_source=commons.wikimedia.org&utm_campaign=imageinfo&utm_content=original,CC BY-SA 3.0,,https://creativecommons.org/licenses/by-sa/3.0,Solomon203,,Solomon203,commons:Solomon203,4f4b354ac8ab88b9e71690a82efd9a62b7521b3c,1280,960,Category:Smart meters
images/electric_meter/commons_127413966.jpg,electric_meter,,train,labeled,1,commons,127413966,File:Hpfi - danish installation.jpg,https://commons.wikimedia.org/wiki/File:Hpfi_-_danish_installation.jpg,https://upload.wikimedia.org/wikipedia/commons/d/d4/Hpfi_-_danish_installation.jpg?utm_source=commons.wikimedia.org&utm_campaign=imageinfo&utm_content=original,CC BY-SA 4.0,,https://creativecommons.org/licenses/by-sa/4.0,Kent Madsen,,Designermadsen,commons:Designermadsen,6238f1fde8dfe37dc45d2b6c565186599befb877,576,1280,Category:Smart meters
images/electric_meter/commons_128633014.jpg,electric_meter,,val,labeled,1,commons,128633014,File:TEPCO Electricity meter SP3E.jpg,https://commons.wikimedia.org/wiki/File:TEPCO_Electricity_meter_SP3E.jpg,https://upload.wikimedia.org/wikipedia/commons/9/90/TEPCO_Electricity_meter_SP3E.jpg?utm_source=commons.wikimedia.org&utm_campaign=imageinfo&utm_content=original,CC BY-SA 3.0,,https://creativecommons.org/licenses/by-sa/3.0,shampoorobot,,Shampoorobot,commons:Shampoorobot,c2626921a42f0b7cfcca2f117a4e3bbafab26911,1280,960,Category:Smart meters
images/electric_meter/commons_129282280.jpg,electric_meter,,train,labeled,2,commons,129282280,"File:Tatung TT-001 on Lane 461, Section 5, Zhongshan North Road 20230304.jpg","https://commons.wikimedia.org/wiki/File:Tatung_TT-001_on_Lane_461,_Section_5,_Zhongshan_North_Road_20230304.jpg",https://upload.wikimedia.org/wikipedia/commons/5/5a/Tatung_TT-001_on_Lane_461%2C_Section_5%2C_Zhongshan_North_Road_20230304.jpg?utm_source=commons.wikimedia.org&utm_campaign=imageinfo&utm_content=original,CC BY-SA 4.0,,https://creativecommons.org/licenses/by-sa/4.0,Solomon203,,Solomon203,commons:Solomon203,0298c9106758a58eaf34b8f21075ccabf13ff070,960,1280,Category:Smart meters
images/electric_meter/commons_132396897.jpg,electric_meter,,train,labeled,1,commons,132396897,File:Tatung RXS4e 20230527.jpg,https://commons.wikimedia.org/wiki/File:Tatung_RXS4e_20230527.jpg,https://upload.wikimedia.org/wikipedia/commons/4/45/Tatung_RXS4e_20230527.jpg?utm_source=commons.wikimedia.org&utm_campaign=imageinfo&utm_content=original,CC BY-SA 4.0,,https://creativecommons.org/licenses/by-sa/4.0,Solomon203,,Solomon203,commons:Solomon203,1e104d4b5de8a775e21ee5073cb90cec461461e5,1280,960,Category:Smart meters
images/electric_meter/commons_132521554.jpg,electric_meter,,train,labeled,1,commons,132521554,File:ORNO OR-WE-521 single-phase electricity meter.jpg,https://commons.wikimedia.org/wiki/File:ORNO_OR-WE-521_single-phase_electricity_meter.jpg,https://upload.wikimedia.org/wikipedia/commons/6/60/ORNO_OR-WE-521_single-phase_electricity_meter.jpg?utm_source=commons.wikimedia.org&utm_campaign=imageinfo&utm_content=original,CC BY-SA 4.0,,https://creativecommons.org/licenses/by-sa/4.0,Phiarc,,Phiarc,commons:Phiarc,0cc6d528990783a78dd8dac3fc7f29a55767cc00,1280,893,Category:Smart meters
images/electric_meter/commons_134177873.jpg,electric_meter,,val,labeled,4,commons,134177873,File:TNB Digital Electrical Meters.jpg,https://commons.wikimedia.org/wiki/File:TNB_Digital_Electrical_Meters.jpg,https://upload.wikimedia.org/wikipedia/commons/e/ed/TNB_Digital_Electrical_Meters.jpg?utm_source=commons.wikimedia.org&utm_campaign=imageinfo&utm_content=original,CC BY-SA 4.0,,https://creativecommons.org/licenses/by-sa/4.0,Encik Tekateki,,Encik Tekateki,commons:Encik Tekateki,26a076263194809fbee84543962bd5faf2921b67,960,1280,Category:Smart meters
images/electric_meter/commons_135070135.jpg,electric_meter,,train,labeled,1,commons,135070135,File:E350 slimme elektriciteitsmeter.jpg,https://commons.wikimedia.org/wiki/File:E350_slimme_elektriciteitsmeter.jpg,https://upload.wikimedia.org/wikipedia/commons/c/c7/E350_slimme_elektriciteitsmeter.jpg?utm_source=commons.wikimedia.org&utm_campaign=imageinfo&utm_content=original,CC BY-SA 4.0,,https://creativecommons.org/licenses/by-sa/4.0,Wimton,,Wimton,commons:Wimton,ade82ea4561e670725681f053661ad55e07d5775,960,1280,Category:Smart meters
images/electric_meter/commons_135070308.jpg,electric_meter,,train,labeled,1,commons,135070308,File:E350.jpg,https://commons.wikimedia.org/wiki/File:E350.jpg,https://upload.wikimedia.org/wikipedia/commons/9/98/E350.jpg?utm_source=commons.wikimedia.org&utm_campaign=imageinfo&utm_content=original,CC BY-SA 4.0,,https://creativecommons.org/licenses/by-sa/4.0,Wimton,,Wimton,commons:Wimton,2cfb525bd108657d7b3304ed7568afb270b12db2,925,1280,Category:Smart meters
images/electric_meter/commons_135182584.jpg,electric_meter,,train,labeled,1,commons,135182584,"File:מונה חשמל מת""מ - מונה תשלום מראש.jpg",https://commons.wikimedia.org/wiki/File:%D7%9E%D7%95%D7%A0%D7%94_%D7%97%D7%A9%D7%9E%D7%9C_%D7%9E%D7%AA%22%D7%9E_-_%D7%9E%D7%95%D7%A0%D7%94_%D7%AA%D7%A9%D7%9C%D7%95%D7%9D_%D7%9E%D7%A8%D7%90%D7%A9.jpg,https://upload.wikimedia.org/wikipedia/commons/2/29/%D7%9E%D7%95%D7%A0%D7%94_%D7%97%D7%A9%D7%9E%D7%9C_%D7%9E%D7%AA%22%D7%9E_-_%D7%9E%D7%95%D7%A0%D7%94_%D7%AA%D7%A9%D7%9C%D7%95%D7%9D_%D7%9E%D7%A8%D7%90%D7%A9.jpg?utm_source=commons.wikimedia.org&utm_campaign=imageinfo&utm_content=original,CC BY-SA 4.0,,https://creativecommons.org/licenses/by-sa/4.0,Yoram Shoval,,Mr.Shoval,commons:Mr.Shoval,9311b061945dd90185d767a622f5424f8f77c67f,897,1280,Category:Smart meters
images/electric_meter/commons_135183062.jpg,electric_meter,,train,labeled,1,commons,135183062,File:מונה חשמל חכם.jpg,https://commons.wikimedia.org/wiki/File:%D7%9E%D7%95%D7%A0%D7%94_%D7%97%D7%A9%D7%9E%D7%9C_%D7%97%D7%9B%D7%9D.jpg,https://upload.wikimedia.org/wikipedia/commons/c/c4/%D7%9E%D7%95%D7%A0%D7%94_%D7%97%D7%A9%D7%9E%D7%9C_%D7%97%D7%9B%D7%9D.jpg?utm_source=commons.wikimedia.org&utm_campaign=imageinfo&utm_content=original,CC BY-SA 4.0,,https://creativecommons.org/licenses/by-sa/4.0,Yoram Shoval,,Mr.Shoval,commons:Mr.Shoval,15bdbc658cbe08afdb51c0478170ecbaae7679bd,585,803,Category:Smart meters
images/electric_meter/commons_136478647.jpg,electric_meter,,val,labeled,1,commons,136478647,File:Elster A3RAL electricity meter.jpg,https://commons.wikimedia.org/wiki/File:Elster_A3RAL_electricity_meter.jpg,https://upload.wikimedia.org/wikipedia/commons/4/4e/Elster_A3RAL_electricity_meter.jpg?utm_source=commons.wikimedia.org&utm_campaign=imageinfo&utm_content=original,CC BY-SA 4.0,,https://creativecommons.org/licenses/by-sa/4.0,277volts,,277volts,commons:277volts,191e840a4e64d25b33569aeb88337b7d8cebd90a,1280,961,Category:Smart meters
images/electric_meter/commons_136480278.jpg,electric_meter,,val,labeled,1,commons,136480278,File:Aclara I-210+ single phase smart electricity meter.jpg,https://commons.wikimedia.org/wiki/File:Aclara_I-210%2B_single_phase_smart_electricity_meter.jpg,https://upload.wikimedia.org/wikipedia/commons/b/b4/Aclara_I-210%2B_single_phase_smart_electricity_meter.jpg?utm_source=commons.wikimedia.org&utm_campaign=imageinfo&utm_content=original,CC BY-SA 4.0,,https://creativecommons.org/licenses/by-sa/4.0,277volts,,277volts,commons:277volts,0a3233831d05cd6d2fb4f29ab60c80a74be6ac7d,1280,961,Category:Smart meters
images/electric_meter/commons_136480279.jpg,electric_meter,,val,labeled,1,commons,136480279,File:Aclara kV2c FITZALL 3-phase smart electricity meter.jpg,https://commons.wikimedia.org/wiki/File:Aclara_kV2c_FITZALL_3-phase_smart_electricity_meter.jpg,https://upload.wikimedia.org/wikipedia/commons/b/b7/Aclara_kV2c_FITZALL_3-phase_smart_electricity_meter.jpg?utm_source=commons.wikimedia.org&utm_campaign=imageinfo&utm_content=original,CC BY-SA 4.0,,https://creativecommons.org/licenses/by-sa/4.0,277volts,,277volts,commons:277volts,0383c8d38bca94d51ec3313b4a23d168c122ab1d,1280,961,Category:Smart meters
images/electric_meter/commons_141575682.jpg,electric_meter,,train,labeled,1,commons,141575682,File:2023-11-18 TibberPulse.jpg,https://commons.wikimedia.org/wiki/File:2023-11-18_TibberPulse.jpg,https://upload.wikimedia.org/wikipedia/commons/9/95/2023-11-18_TibberPulse.jpg?utm_source=commons.wikimedia.org&utm_campaign=imageinfo&utm_content=original,CC BY-SA 4.0,,https://creativecommons.org/licenses/by-sa/4.0,Michael32710,,Michael32710,commons:Michael32710,f9eb066f246ea7eaae7e328e2b26d4c4aa3dfb4b,1280,754,Category:Smart meters
images/electric_meter/commons_143854336.jpg,electric_meter,,train,labeled,3,commons,143854336,File:Mmexport1666166522334.jpg,https://commons.wikimedia.org/wiki/File:Mmexport1666166522334.jpg,https://upload.wikimedia.org/wikipedia/commons/9/97/Mmexport1666166522334.jpg?utm_source=commons.wikimedia.org&utm_campaign=imageinfo&utm_content=original,CC BY-SA 4.0,,https://creativecommons.org/licenses/by-sa/4.0,Cathy0008,,Cathy0008,commons:Cathy0008,1a82c3dbb670b0fa2f63dcd1474f0a04e4cadd2f,960,1280,Category:Smart meters
images/electric_meter/commons_14522606.jpg,electric_meter,,train,labeled,1,commons,14522606,File:Energiezaehler mit MID-Kennzeichnung.png,https://commons.wikimedia.org/wiki/File:Energiezaehler_mit_MID-Kennzeichnung.png,https://upload.wikimedia.org/wikipedia/commons/1/18/Energiezaehler_mit_MID-Kennzeichnung.png?utm_source=commons.wikimedia.org&utm_campaign=imageinfo&utm_content=original,CC0,,http://creativecommons.org/publicdomain/zero/1.0/deed.en,ANKAWÜ,,ANKAWÜ,commons:ANKAWÜ,8866b641690dda55915b3e8c593a67cf36393bf7,842,840,Category:Smart meters
images/electric_meter/commons_145759308.jpg,electric_meter,,val,labeled,1,commons,145759308,File:Seattle - floating homes on Fuhrman Ave E south of E Shelby St 04 - meters.jpg,https://commons.wikimedia.org/wiki/File:Seattle_-_floating_homes_on_Fuhrman_Ave_E_south_of_E_Shelby_St_04_-_meters.jpg,https://upload.wikimedia.org/wikipedia/commons/d/dc/Seattle_-_floating_homes_on_Fuhrman_Ave_E_south_of_E_Shelby_St_04_-_meters.jpg?utm_source=commons.wikimedia.org&utm_campaign=imageinfo&utm_content=original,CC BY-SA 4.0,,https://creativecommons.org/licenses/by-sa/4.0,Joe Mabel,,Jmabel,commons:Jmabel,1ccccbcc6213d832e9c82eb246aa82e22e1ec10b,1280,853,Category:Smart meters
images/electric_meter/commons_145978239.jpg,electric_meter,,train,labeled,1,commons,145978239,File:Kwh meter (252835649).jpg,https://commons.wikimedia.org/wiki/File:Kwh_meter_(252835649).jpg,https://upload.wikimedia.org/wikipedia/commons/e/eb/Kwh_meter_%28252835649%29.jpg?utm_source=commons.wikimedia.org&utm_campaign=imageinfo&utm_content=original,CC BY 2.0,,https://creativecommons.org/licenses/by/2.0,"Robbie Sproule from Montreal, Canada",,Fabe56,commons:Fabe56,484e21dba8eacaa8d9c50c506249ccebc05334e4,1064,1063,Category:Electricity meters in Canada
images/electric_meter/commons_14843717.jpg,electric_meter,,train,labeled,1,commons,14843717,File:2010 Chunghsin kV2c electronic watthour meter.jpg,https://commons.wikimedia.org/wiki/File:2010_Chunghsin_kV2c_electronic_watthour_meter.jpg,https://upload.wikimedia.org/wikipedia/commons/b/b7/2010_Chunghsin_kV2c_electronic_watthour_meter.jpg?utm_source=commons.wikimedia.org&utm_campaign=imageinfo&utm_content=original,CC BY-SA 3.0,,https://creativecommons.org/licenses/by-sa/3.0,Solomon203,,Solomon203,commons:Solomon203,6f80bfa86d1d183fd0062f6d063c3fc1ba210523,1280,960,Category:Smart meters
images/electric_meter/commons_14898445.jpg,electric_meter,,val,labeled,2,commons,14898445,File:Real nightmare in fuse box.JPG,https://commons.wikimedia.org/wiki/File:Real_nightmare_in_fuse_box.JPG,https://upload.wikimedia.org/wikipedia/commons/8/8d/Real_nightmare_in_fuse_box.JPG?utm_source=commons.wikimedia.org&utm_campaign=imageinfo&utm_content=original,CC BY-SA 3.0,,https://creativecommons.org/licenses/by-sa/3.0,strenus6,,Dmitry G,commons:Dmitry G,302fbb85b13bf5d68bb673312b86ef8db09a290d,800,983,Category:Electronic electricity meters
images/electric_meter/commons_150207957.jpg,electric_meter,,val,labeled,9,commons,150207957,"File:Valladolid, Yucatán 2014 - medidores electricos.jpg","https://commons.wikimedia.org/wiki/File:Valladolid,_Yucat%C3%A1n_2014_-_medidores_electricos.jpg",https://upload.wikimedia.org/wikipedia/commons/0/0c/Valladolid%2C_Yucat%C3%A1n_2014_-_medidores_electricos.jpg?utm_source=commons.wikimedia.org&utm_campaign=imageinfo&utm_content=original,CC BY-SA 2.0,,https://creativecommons.org/licenses/by-sa/2.0,Sasha India,,Infrogmation,commons:Infrogmation,54c8cc27956f69b0657429023fda44e80cc300e9,960,1280,Category:Smart meters
images/electric_meter/commons_15107956.jpg,electric_meter,,train,labeled,1,commons,15107956,File:Hezery99-TNB electricity meter.jpg,https://commons.wikimedia.org/wiki/File:Hezery99-TNB_electricity_meter.jpg,https://upload.wikimedia.org/wikipedia/commons/2/2c/Hezery99-TNB_electricity_meter.jpg?utm_source=commons.wikimedia.org&utm_campaign=imageinfo&utm_content=original,Public domain,,,Hezery99,,Hezery99,commons:Hezery99,8f4258eb743488c6264b57d75edd80b69d87717e,1280,960,Category:Smart meters
images/electric_meter/commons_152998487.jpg,electric_meter,,val,labeled,1,commons,152998487,"File:Henriette Delille Street, 7th Ward of New Orleans, Sept 2024 18.jpg","https://commons.wikimedia.org/wiki/File:Henriette_Delille_Street,_7th_Ward_of_New_Orleans,_Sept_2024_18.jpg",https://upload.wikimedia.org/wikipedia/commons/9/91/Henriette_Delille_Street%2C_7th_Ward_of_New_Orleans%2C_Sept_2024_18.jpg?utm_source=commons.wikimedia.org&utm_campaign=imageinfo&utm_content=original,CC BY-SA 4.0,,https://creativecommons.org/licenses/by-sa/4.0,Infrogmation,,Infrogmation,commons:Infrogmation,7f89992bbdbb4afde386b9493b7c9573858894a7,960,1280,Category:Smart meters
images/electric_meter/commons_154460170.jpg,electric_meter,,val,labeled,1,commons,154460170,File:GD 廣東 Guangdong GZ 廣州 Guangzhou 天河 Tianhe 車陂街道 Chebei Road North 廣氮村 GuangniCun Village October 2024 R12S 11.jpg,https://commons.wikimedia.org/wiki/File:GD_%E5%BB%A3%E6%9D%B1_Guangdong_GZ_%E5%BB%A3%E5%B7%9E_Guangzhou_%E5%A4%A9%E6%B2%B3_Tianhe_%E8%BB%8A%E9%99%82%E8%A1%97%E9%81%93_Chebei_Road_North_%E5%BB%A3%E6%B0%AE%E6%9D%91_GuangniCun_Village_October_2024_R12S_11.jpg,https://upload.wikimedia.org/wikipedia/commons/4/4f/GD_%E5%BB%A3%E6%9D%B1_Guangdong_GZ_%E5%BB%A3%E5%B7%9E_Guangzhou_%E5%A4%A9%E6%B2%B3_Tianhe_%E8%BB%8A%E9%99%82%E8%A1%97%E9%81%93_Chebei_Road_North_%E5%BB%A3%E6%B0%AE%E6%9D%91_GuangniCun_Village_October_2024_R12S_11.jpg?utm_source=commons.wikimedia.org&utm_campaign=imageinfo&utm_content=original,CC0,,http://creativecommons.org/publicdomain/zero/1.0/deed.en,JAIWy uOMW 800 wovi,,JAIWy uOMW 800 wovi,commons:JAIWy uOMW 800 wovi,16f0cdaadf6f9cdf4b71428f872dc12976494771,1280,960,Category:Smart meters
images/electric_meter/commons_156706518.jpg,electric_meter,,,unlabeled,0,commons,156706518,File:Typical communication stacks from Smart Meter to DC.png,https://commons.wikimedia.org/wiki/File:Typical_communication_stacks_from_Smart_Meter_to_DC.png,https://upload.wikimedia.org/wikipedia/commons/4/48/Typical_communication_stacks_from_Smart_Meter_to_DC.png?utm_source=commons.wikimedia.org&utm_campaign=imageinfo&utm_content=original,CC0,,http://creativecommons.org/publicdomain/zero/1.0/deed.en,Boutboul,,Boutboul,commons:Boutboul,e4fdf305bb247f052be45c568785a70254830980,1081,636,Category:Smart meters
images/electric_meter/commons_157007798.jpg,electric_meter,,train,labeled,1,commons,157007798,File:SmartMeter2024.jpg,https://commons.wikimedia.org/wiki/File:SmartMeter2024.jpg,https://upload.wikimedia.org/wikipedia/commons/e/e6/SmartMeter2024.jpg?utm_source=commons.wikimedia.org&utm_campaign=imageinfo&utm_content=original,CC BY-SA 4.0,,https://creativecommons.org/licenses/by-sa/4.0,Achimsh,,Achimsh,commons:Achimsh,59181d333eb96f2ad31f281a00892048b43ba7f0,793,1280,Category:Smart meters
images/electric_meter/commons_157008234.jpg,electric_meter,,train,labeled,1,commons,157008234,File:2024-SmartMeter.jpg,https://commons.wikimedia.org/wiki/File:2024-SmartMeter.jpg,https://upload.wikimedia.org/wikipedia/commons/8/89/2024-SmartMeter.jpg?utm_source=commons.wikimedia.org&utm_campaign=imageinfo&utm_content=original,CC BY-SA 4.0,,https://creativecommons.org/licenses/by-sa/4.0,Achimsh,,Achimsh,commons:Achimsh,820b3b6f2b6b8115982d272b0e2d7fede59675b3,842,1280,Category:Smart meters
images/electric_meter/commons_1574892.jpg,electric_meter,,train,labeled,1,commons,1574892,File:London electricity key meter.jpg,https://commons.wikimedia.org/wiki/File:London_electricity_key_meter.jpg,https://upload.wikimedia.org/wikipedia/commons/f/fe/London_electricity_key_meter.jpg?utm_source=commons.wikimedia.org&utm_campaign=imageinfo&utm_content=original,CC BY-SA 3.0,,http://creativecommons.org/licenses/by-sa/3.0/,Caroline Ford,,Secretlondon,commons:Secretlondon,e5d9a6e2706ba893fb3b0bcb9d8e36376ba00895,970,1280,Category:Smart meters
images/electric_meter/commons_158532132.jpg,electric_meter,,train,labeled,1,commons,158532132,File:Logarex smart household electricity meter build year 2023.jpg,https://commons.wikimedia.org/wiki/File:Logarex_smart_household_electricity_meter_build_year_2023.jpg,https://upload.wikimedia.org/wikipedia/commons/1/1d/Logarex_smart_household_electricity_meter_build_year_2023.jpg?utm_source=commons.wikimedia.org&utm_campaign=imageinfo&utm_content=original,CC BY 4.0,,https://creativecommons.org/licenses/by/4.0,RobbieIanMorrison,,RobbieIanMorrison,commons:RobbieIanMorrison,2db7ac01778104e44cd67082cb54209c33855cfe,1280,1244,Category:Smart meters
images/electric_meter/commons_159332869.jpg,electric_meter,,train,labeled,2,commons,159332869,File:Maintenance building at Williams Landing.jpg,https://commons.wikimedia.org/wiki/File:Maintenance_building_at_Williams_Landing.jpg,https://upload.wikimedia.org/wikipedia/commons/f/f0/Maintenance_building_at_Williams_Landing.jpg?utm_source=commons.wikimedia.org&utm_campaign=imageinfo&utm_content=original,CC BY-SA 4.0,,https://creativecommons.org/licenses/by-sa/4.0,The Bushranger,,The Bushranger,commons:The Bushranger,08910c36eb1e0aa2d266cb19ee229a0ddc32a134,1280,960,Category:Smart meters
images/electric_meter/commons_159415477.jpg,electric_meter,,train,labeled,2,commons,159415477,"File:Tatung TT-001 on Lane 461, Section 5, Zhongshan North Road 20250209.jpg","https://commons.wikimedia.org/wiki/File:Tatung_TT-001_on_Lane_461,_Section_5,_Zhongshan_North_Road_20250209.jpg",https://upload.wikimedia.org/wikipedia/commons/3/37/Tatung_TT-001_on_Lane_461%2C_Section_5%2C_Zhongshan_North_Road_20250209.jpg?utm_source=commons.wikimedia.org&utm_campaign=imageinfo&utm_content=original,CC BY-SA 4.0,,https://creativecommons.org/licenses/by-sa/4.0,Solomon203,,Solomon203,commons:Solomon203,32471749c3facab76d6ee851620d33588533e779,960,1280,Category:Smart meters
images/electric_meter/commons_159931512.jpg,electric_meter,,train,labeled,1,commons,159931512,File:20250210 Electronic electricity meter.jpg,https://commons.wikimedia.org/wiki/File:20250210_Electronic_electricity_meter.jpg,https://upload.wikimedia.org/wikipedia/commons/e/e8/20250210_Electronic_electricity_meter.jpg?utm_source=commons.wikimedia.org&utm_campaign=imageinfo&utm_content=original,CC0,,http://creativecommons.org/publicdomain/zero/1.0/deed.en,Rakoon,,Rakoon,commons:Rakoon,58e9656468494a7322cc8e85b5e6d896e5abd3b1,780,1280,Category:Smart meters
images/electric_meter/commons_163920022.jpg,electric_meter,,val,labeled,2,commons,163920022,"File:Quebec city, Quebec, Canada 19.jpg","https://commons.wikimedia.org/wiki/File:Quebec_city,_Quebec,_Canada_19.jpg",https://upload.wikimedia.org/wikipedia/commons/3/33/Quebec_city%2C_Quebec%2C_Canada_19.jpg?utm_source=commons.wikimedia.org&utm_campaign=imageinfo&utm_content=original,CC0,,http://creativecommons.org/publicdomain/zero/1.0/deed.en,Wilfredor,,Wilfredor,commons:Wilfredor,deb3ed4284d3517e555c803a909f8d9a68f1de05,853,1280,Category:Electricity meters in Canada
images/electric_meter/commons_164301671.jpg,electric_meter,,train,labeled,2,commons,164301671,File:Medidor eléctrico obstruyendo una vereda en Montevideo.jpg,https://commons.wikimedia.org/wiki/File:Medidor_el%C3%A9ctrico_obstruyendo_una_vereda_en_Montevideo.jpg,https://upload.wikimedia.org/wikipedia/commons/b/ba/Medidor_el%C3%A9ctrico_obstruyendo_una_vereda_en_Montevideo.jpg?utm_source=commons.wikimedia.org&utm_campaign=imageinfo&utm_content=original,CC BY-SA 4.0,,https://creativecommons.org/licenses/by-sa/4.0,NaBUru38,,NaBUru38,commons:NaBUru38,f9c65859d3db0009cae4f382b00b1b3461586a5b,1280,960,Category:Electricity meter mounts
images/electric_meter/commons_165004847.jpg,electric_meter,,train,labeled,1,commons,165004847,File:中興 kV2c 20150905.jpg,https://commons.wikimedia.org/wiki/File:%E4%B8%AD%E8%88%88_kV2c_20150905.jpg,https://upload.wikimedia.org/wikipedia/commons/9/92/%E4%B8%AD%E8%88%88_kV2c_20150905.jpg?utm_source=commons.wikimedia.org&utm_campaign=imageinfo&utm_content=original,CC BY-SA 4.0,,https://creativecommons.org/licenses/by-sa/4.0,Honmingjun,,Honmingjun,commons:Honmingjun,de866072f16ef2c570227a0b1241d9e9bd0d12f4,1280,722,Category:Smart meters
images/electric_meter/commons_167828267.jpg,electric_meter,,train,labeled,2,commons,167828267,File:Batumi2025-electricity-box.jpg,https://commons.wikimedia.org/wiki/File:Batumi2025-electricity-box.jpg,https://upload.wikimedia.org/wikipedia/commons/a/a9/Batumi2025-electricity-box.jpg?utm_source=commons.wikimedia.org&utm_campaign=imageinfo&utm_content=original,CC BY 4.0,,https://creativecommons.org/licenses/by/4.0,Vitaly Zdanevich,,Vitaly Zdanevich,commons:Vitaly Zdanevich,797c725e7d8865336fd400b579d13f238c5668f4,960,1280,Category:Electronic electricity meters
images/electric_meter/commons_167849972.jpg,electric_meter,,train,labeled,1,commons,167849972,"File:Roboto Tokyo Grill on Capital Circle NW, Tallahassee, Florida.jpg","https://commons.wikimedia.org/wiki/File:Roboto_Tokyo_Grill_on_Capital_Circle_NW,_Tallahassee,_Florida.jpg",https://upload.wikimedia.org/wikipedia/commons/0/09/Roboto_Tokyo_Grill_on_Capital_Circle_NW%2C_Tallahassee%2C_Florida.jpg?utm_source=commons.wikimedia.org&utm_campaign=imageinfo&utm_content=original,CC BY-SA 4.0,,https://creativecommons.org/licenses/by-sa/4.0,The Bushranger,,The Bushranger,commons:The Bushranger,7d269694ab8450b5c43894c3ed1177f0c2583777,1280,802,Category:Smart meters
images/electric_meter/commons_169007819.jpg,electric_meter,,train,labeled,3,commons,169007819,File:Automatic electricity meter testing arrangement.jpg,https://commons.wikimedia.org/wiki/File:Automatic_electricity_meter_testing_arrangement.jpg,https://upload.wikimedia.org/wikipedia/commons/d/d6/Automatic_electricity_meter_testing_arrangement.jpg?utm_source=commons.wikimedia.org&utm_campaign=imageinfo&utm_content=original,CC BY-SA 4.0,,https://creativecommons.org/licenses/by-sa/4.0,Rht bd,,Rht bd,commons:Rht bd,d7f43124cb40091bd5cebcf6343db68115394641,1280,960,Category:Smart meters
images/electric_meter/commons_170372781.jpg,electric_meter,,val,labeled,7,commons,170372781,File:Residential service entrance with multiple meters and a smart panel.jpg,https://commons.wikimedia.org/wiki/File:Residential_service_entrance_with_multiple_meters_and_a_smart_panel.jpg,https://upload.wikimedia.org/wikipedia/commons/4/4c/Residential_service_entrance_with_multiple_meters_and_a_smart_panel.jpg?utm_source=commons.wikimedia.org&utm_campaign=imageinfo&utm_content=original,CC0,,http://creativecommons.org/publicdomain/zero/1.0/deed.en,Rsparks3,,Rsparks3,commons:Rsparks3,59ddced2714c48c577cdf774fa845798b19b49e8,1280,960,Category:Smart meters
images/electric_meter/commons_17137342.jpg,electric_meter,,train,labeled,1,commons,17137342,File:Victorian (Australia) Smart Meter.jpg,https://commons.wikimedia.org/wiki/File:Victorian_(Australia)_Smart_Meter.jpg,https://upload.wikimedia.org/wikipedia/commons/1/1b/Victorian_%28Australia%29_Smart_Meter.jpg?utm_source=commons.wikimedia.org&utm_campaign=imageinfo&utm_content=original,CC BY-SA 3.0,,https://creativecommons.org/licenses/by-sa/3.0,Christopher Corneschi,,Crnsch,commons:Crnsch,92cdfd30f860e8855eeb7993a05d7a3cf24fb3a0,767,1280,Category:Smart meters
images/electric_meter/commons_17201051.jpg,electric_meter,,,unlabeled,0,commons,17201051,File:Electric submeter.jpg,https://commons.wikimedia.org/wiki/File:Electric_submeter.jpg,https://upload.wikimedia.org/wikipedia/commons/8/84/Electric_submeter.jpg?utm_source=commons.wikimedia.org&utm_campaign=imageinfo&utm_content=original,FAL,,http://artlibre.org/licence/lal/en,IMS Metering,,Submeter,commons:Submeter,9f33f712962831cd985f4d04550c486684f23299,1280,853,Category:Smart meters
images/electric_meter/commons_17657938.jpg,electric_meter,,val,labeled,1,commons,17657938,File:Single-phase electricity meter ACE1000.JPG,https://commons.wikimedia.org/wiki/File:Single-phase_electricity_meter_ACE1000.JPG,https://upload.wikimedia.org/wikipedia/commons/d/d9/Single-phase_electricity_meter_ACE1000.JPG?utm_source=commons.wikimedia.org&utm_campaign=imageinfo&utm_content=original,CC BY-SA 3.0,,https://creativecommons.org/licenses/by-sa/3.0,Dmitry G,,Dmitry G,commons:Dmitry G,d83fa7ccfe94e4389113773e19a5fa21bf52c416,960,1280,Category:Smart meters
images/electric_meter/commons_17695338.jpg,electric_meter,,train,labeled,1,commons,17695338,File:EHZ front.jpg,https://commons.wikimedia.org/wiki/File:EHZ_front.jpg,https://upload.wikimedia.org/wikipedia/commons/0/09/EHZ_front.jpg?utm_source=commons.wikimedia.org&utm_campaign=imageinfo&utm_content=original,Public domain,,,Trekki at German Wikipedia,,File Upload Bot (Magnus Manske),commons:File Upload Bot (Magnus Manske),4afffe57f1088db02ce51c6fc6bae83d433b232e,480,683,Category:Smart meters
images/electric_meter/commons_17695344.jpg,electric_meter,,,unlabeled,0,commons,17695344,File:EHZ Rueckseite.jpg,https://commons.wikimedia.org/wiki/File:EHZ_Rueckseite.jpg,https://upload.wikimedia.org/wikipedia/commons/8/85/EHZ_Rueckseite.jpg?utm_source=commons.wikimedia.org&utm_campaign=imageinfo&utm_content=original,Public domain,,,Trekki at German Wikipedia,,File Upload Bot (Magnus Manske),commons:File Upload Bot (Magnus Manske),108b242b83a53364c38d95a2a7f39f53091e0567,480,577,Category:Smart meters
images/electric_meter/commons_17695452.jpg,electric_meter,,train,labeled,1,commons,17695452,File:Sym2 Zaehler.JPG,https://commons.wikimedia.org/wiki/File:Sym2_Zaehler.JPG,https://upload.wikimedia.org/wikipedia/commons/9/96/Sym2_Zaehler.JPG?utm_source=commons.wikimedia.org&utm_campaign=imageinfo&utm_content=original,Public domain,,,Trekki at German Wikipedia,,File Upload Bot (Magnus Manske),commons:File Upload Bot (Magnus Manske),c89b1faeffa706521fa43a0732a61f9436abfbbf,480,640,Category:Smart meters
images/electric_meter/commons_177250043.jpg,electric_meter,,train,labeled,1,commons,177250043,File:Metering box at the Ap Lei Chau Wind Tower Park.jpg,https://commons.wikimedia.org/wiki/File:Metering_box_at_the_Ap_Lei_Chau_Wind_Tower_Park.jpg,https://upload.wikimedia.org/wikipedia/commons/1/16/Metering_box_at_the_Ap_Lei_Chau_Wind_Tower_Park.jpg?utm_source=commons.wikimedia.org&utm_campaign=imageinfo&utm_content=original,CC BY-SA 4.0,,https://creativecommons.org/licenses/by-sa/4.0,Benlisquare,,Benlisquare,commons:Benlisquare,740827aa7614a9d1f6d43221547d4e18c19942c9,853,1280,Category:Smart meters
images/electric_meter/commons_18032074.jpg,electric_meter,,val,labeled,2,commons,18032074,File:Rlm-inst.jpg,https://commons.wikimedia.org/wiki/File:Rlm-inst.jpg,https://upload.wikimedia.org/wikipedia/commons/c/c9/Rlm-inst.jpg?utm_source=commons.wikimedia.org&utm_campaign=imageinfo&utm_content=original,CC BY-SA 3.0,,https://creativecommons.org/licenses/by-sa/3.0,Alwin Meschede. Echoray at de.wikipedia,,Upload Bot (Rich Smith),commons:Upload Bot (Rich Smith),e90021bb166d26922687bddf669129a3941fec04,500,1280,Category:Smart meters
images/electric_meter/commons_18268434.jpg,electric_meter,,train,labeled,1,commons,18268434,File:MC-99042294-1-1024x596.jpg,https://commons.wikimedia.org/wiki/File:MC-99042294-1-1024x596.jpg,https://upload.wikimedia.org/wikipedia/commons/0/08/MC-99042294-1-1024x596.jpg?utm_source=commons.wikimedia.org&utm_campaign=imageinfo&utm_content=original,CC BY-SA 3.0,,https://creativecommons.org/licenses/by-sa/3.0,Smartmetershield,,Smartmetershield,commons:Smartmetershield,b93dbd97f9c810dd63eb4430affaf344ab5a619b,1024,596,Category:Smart meters
images/electric_meter/commons_18484023.jpg,electric_meter,,val,labeled,1,commons,18484023,File:Itron OpenWay Electricity Meter with Two-Way Communications.JPG,https://commons.wikimedia.org/wiki/File:Itron_OpenWay_Electricity_Meter_with_Two-Way_Communications.JPG,https://upload.wikimedia.org/wikipedia/commons/1/13/Itron_OpenWay_Electricity_Meter_with_Two-Way_Communications.JPG?utm_source=commons.wikimedia.org&utm_campaign=imageinfo&utm_content=original,CC BY 3.0,,https://creativecommons.org/licenses/by/3.0,Dwight Burdette,,Dwight Burdette,commons:Dwight Burdette,cff7e5c469c9dced6c66fc527ca7b03a5da73032,1280,1214,Category:Smart meters
images/electric_meter/commons_185024347.jpg,electric_meter,,val,labeled,6,commons,185024347,File:Residential solar battery and main switchboard integration in Australia 01.jpg,https://commons.wikimedia.org/wiki/File:Residential_solar_battery_and_main_switchboard_integration_in_Australia_01.jpg,https://upload.wikimedia.org/wikipedia/commons/b/b8/Residential_solar_battery_and_main_switchboard_integration_in_Australia_01.jpg?utm_source=commons.wikimedia.org&utm_campaign=imageinfo&utm_content=original,CC BY-SA 4.0,,https://creativecommons.org/licenses/by-sa/4.0,DezzignProtect,,DezzignProtect,commons:DezzignProtect,981dae236ef2a3e276c40ccb3a4aad4696bd3766,960,1279,Category:Smart meters
images/electric_meter/commons_191321741.jpg,electric_meter,,val,labeled,2,commons,191321741,"File:Electric meters Mumbai, Jan-2020 (49463229251).jpg","https://commons.wikimedia.org/wiki/File:Electric_meters_Mumbai,_Jan-2020_(49463229251).jpg",https://upload.wikimedia.org/wikipedia/commons/8/87/Electric_meters_Mumbai%2C_Jan-2020_%2849463229251%29.jpg?utm_source=commons.wikimedia.org&utm_campaign=imageinfo&utm_content=original,CC BY-SA 2.0,,https://creativecommons.org/licenses/by-sa/2.0,"Mitch Altman from Berlin, Germany",,Victorgrigas,commons:Victorgrigas,7b5575528c6f9bc73c2e03d4e84c85261dcf6080,1280,960,Category:Smart meters
images/electric_meter/commons_191633163.jpg,electric_meter,,train,labeled,1,commons,191633163,File:Logarex smart household electricity meter build year 2023 no background.jpg,https://commons.wikimedia.org/wiki/File:Logarex_smart_household_electricity_meter_build_year_2023_no_background.jpg,https://upload.wikimedia.org/wikipedia/commons/b/b1/Logarex_smart_household_electricity_meter_build_year_2023_no_background.jpg?utm_source=commons.wikimedia.org&utm_campaign=imageinfo&utm_content=original,CC BY 4.0,,https://creativecommons.org/licenses/by/4.0,RobbieIanMorrison,,Christiankral,commons:Christiankral,3fb09e07ebb839f2a8eaeca1071dc6347dac678e,960,1161,Category:Smart meters
images/electric_meter/commons_195663533.jpg,electric_meter,,train,labeled,1,commons,195663533,File:Smart prepayment meter.jpg,https://commons.wikimedia.org/wiki/File:Smart_prepayment_meter.jpg,https://upload.wikimedia.org/wikipedia/commons/8/8d/Smart_prepayment_meter.jpg?utm_source=commons.wikimedia.org&utm_campaign=imageinfo&utm_content=original,CC0,,http://creativecommons.org/publicdomain/zero/1.0/deed.en,SpicyPhoto,,SpicyPhoto,commons:SpicyPhoto,2dd94424f4e6ad657578ddd5da1bf951d7fe7066,960,1280,Category:Smart meters
images/electric_meter/commons_196432323.jpg,electric_meter,,val,labeled,1,commons,196432323,File:AMS-måler med HAN-portleser.jpg,https://commons.wikimedia.org/wiki/File:AMS-m%C3%A5ler_med_HAN-portleser.jpg,https://upload.wikimedia.org/wikipedia/commons/e/e7/AMS-m%C3%A5ler_med_HAN-portleser.jpg?utm_source=commons.wikimedia.org&utm_campaign=imageinfo&utm_content=original,CC BY-SA 4.0,,https://creativecommons.org/licenses/by-sa/4.0,Fredrik Lindseth,,FredrikLindseth,commons:FredrikLindseth,93023ecc08bb9f306f396a0536ca8c5895ccf1c9,960,1280,Category:Smart meters
images/electric_meter/commons_196432510.jpg,electric_meter,,val,labeled,1,commons,196432510,File:Kaifa MA105H2E AMS-måler.jpg,https://commons.wikimedia.org/wiki/File:Kaifa_MA105H2E_AMS-m%C3%A5ler.jpg,https://upload.wikimedia.org/wikipedia/commons/e/e9/Kaifa_MA105H2E_AMS-m%C3%A5ler.jpg?utm_source=commons.wikimedia.org&utm_campaign=imageinfo&utm_content=original,CC BY-SA 4.0,,https://creativecommons.org/licenses/by-sa/4.0,Fredrik Lindseth,,FredrikLindseth,commons:FredrikLindseth,af2f619e1bc8c106fd86844c3795bed206661b4e,960,1280,Category:Smart meters
images/electric_meter/commons_196432980.jpg,electric_meter,,val,labeled,1,commons,196432980,File:Sikringsskap med AMS-måler i norsk bolig.jpg,https://commons.wikimedia.org/wiki/File:Sikringsskap_med_AMS-m%C3%A5ler_i_norsk_bolig.jpg,https://upload.wikimedia.org/wikipedia/commons/9/9f/Sikringsskap_med_AMS-m%C3%A5ler_i_norsk_bolig.jpg?utm_source=commons.wikimedia.org&utm_campaign=imageinfo&utm_content=original,CC BY-SA 4.0,,https://creativecommons.org/licenses/by-sa/4.0,Fredrik Lindseth,,FredrikLindseth,commons:FredrikLindseth,d41818005f491a12c2b61aadc59fcd529e71afaa,755,1280,Category:Smart meters
images/electric_meter/commons_19892367.jpg,electric_meter,,train,labeled,3,commons,19892367,File:Electronic Electricity Meters.jpg,https://commons.wikimedia.org/wiki/File:Electronic_Electricity_Meters.jpg,https://upload.wikimedia.org/wikipedia/commons/e/eb/Electronic_Electricity_Meters.jpg?utm_source=commons.wikimedia.org&utm_campaign=imageinfo&utm_content=original,CC0,,http://creativecommons.org/publicdomain/zero/1.0/deed.en,Mamlik,,Mamlik,commons:Mamlik,494361c08bb4eb10b62cc388c99a1cd606133435,1280,891,Category:Smart meters
images/electric_meter/commons_20369500.jpg,electric_meter,,train,labeled,6,commons,20369500,File:2012-07-16 Electrical hookups at 2905 Guess Rd.jpg,https://commons.wikimedia.org/wiki/File:2012-07-16_Electrical_hookups_at_2905_Guess_Rd.jpg,https://upload.wikimedia.org/wikipedia/commons/a/ae/2012-07-16_Electrical_hookups_at_2905_Guess_Rd.jpg?utm_source=commons.wikimedia.org&utm_campaign=imageinfo&utm_content=original,CC BY-SA 4.0,,https://creativecommons.org/licenses/by-sa/4.0,Ildar Sagdejev (Specious),,Specious,commons:Specious,0c2ec5281b1e7b273990519361febd318edbc8ca,1280,853,Category:Smart meters
images/electric_meter/commons_21879562.jpg,electric_meter,,train,labeled,1,commons,21879562,File:Electronic elecricity meter IMG 6895.JPG,https://commons.wikimedia.org/wiki/File:Electronic_elecricity_meter_IMG_6895.JPG,https://upload.wikimedia.org/wikipedia/commons/2/22/Electronic_elecricity_meter_IMG_6895.JPG?utm_source=commons.wikimedia.org&utm_campaign=imageinfo&utm_content=original,CC BY-SA 3.0,,https://creativecommons.org/licenses/by-sa/3.0,Gegik,,Gegik,commons:Gegik,1ab7c32eb5c01c9cfa42db66c662f0d850015a70,795,1280,Category:Smart meters
images/electric_meter/commons_21883818.jpg,electric_meter,,train,labeled,1,commons,21883818,File:NP73L.3-5-2.jpg,https://commons.wikimedia.org/wiki/File:NP73L.3-5-2.jpg,https://upload.wikimedia.org/wikipedia/commons/c/c8/NP73L.3-5-2.jpg?utm_source=commons.wikimedia.org&utm_campaign=imageinfo&utm_content=original,CC BY-SA 3.0,,https://creativecommons.org/licenses/by-sa/3.0,Sat-Electric,,Sat-Electric,commons:Sat-Electric,5430e1b2aed16de6a7711937812680ac6a4fa928,960,1280,Category:Smart meters
images/electric_meter/commons_25059638.jpg,electric_meter,,train,labeled,1,commons,25059638,File:2010 Tatung RXS4e electronic watthour meter.jpg,https://commons.wikimedia.org/wiki/File:2010_Tatung_RXS4e_electronic_watthour_meter.jpg,https://upload.wikimedia.org/wikipedia/commons/2/2c/2010_Tatung_RXS4e_electronic_watthour_meter.jpg?utm_source=commons.wikimedia.org&utm_campaign=imageinfo&utm_content=original,CC BY-SA 3.0,,https://creativecommons.org/licenses/by-sa/3.0,Solomon203,,Solomon203,commons:Solomon203,acf48abe8c9629473213cb025ae1e49be3cd214c,1280,1280,Category:Smart meters
images/electric_meter/commons_25681799.jpg,electric_meter,,train,labeled,3,commons,25681799,File:Electric-meter-boxes-4625.jpg,https://commons.wikimedia.org/wiki/File:Electric-meter-boxes-4625.jpg,https://upload.wikimedia.org/wikipedia/commons/b/ba/Electric-meter-boxes-4625.jpg?utm_source=commons.wikimedia.org&utm_campaign=imageinfo&utm_content=original,CC BY-SA 3.0,,https://creativecommons.org/licenses/by-sa/3.0,Loadmaster (David R. Tribble) This image was made by Loadmaster (David R. Tribble). Email the author: David R. Tribble Also see my personal gallery at Google Photos,,Loadmaster,commons:Loadmaster,61cf46373f2f5cacc3c55cd9d2ac83da77df5669,1280,960,Category:Smart meters
images/electric_meter/commons_26507235.jpg,electric_meter,,train,labeled,1,commons,26507235,File:DWP meter.jpg,https://commons.wikimedia.org/wiki/File:DWP_meter.jpg,https://upload.wikimedia.org/wikipedia/commons/9/96/DWP_meter.jpg?utm_source=commons.wikimedia.org&utm_campaign=imageinfo&utm_content=original,CC BY-SA 3.0,,https://creativecommons.org/licenses/by-sa/3.0,Downtowngal,,Downtowngal,commons:Downtowngal,b1f7d80695dbb078f2882c46aaab1dea87230e18,1280,1026,Category:Smart meters
images/electric_meter/commons_27827785.jpg,electric_meter,,train,labeled,3,commons,27827785,File:Устройство импульсного электросчётчика СО-Э701.jpg,https://commons.wikimedia.org/wiki/File:%D0%A3%D1%81%D1%82%D1%80%D0%BE%D0%B9%D1%81%D1%82%D0%B2%D0%BE_%D0%B8%D0%BC%D0%BF%D1%83%D0%BB%D1%8C%D1%81%D0%BD%D0%BE%D0%B3%D0%BE_%D1%8D%D0%BB%D0%B5%D0%BA%D1%82%D1%80%D0%BE%D1%81%D1%87%D1%91%D1%82%D1%87%D0%B8%D0%BA%D0%B0_%D0%A1%D0%9E-%D0%AD701.jpg,https://upload.wikimedia.org/wikipedia/commons/9/90/%D0%A3%D1%81%D1%82%D1%80%D0%BE%D0%B9%D1%81%D1%82%D0%B2%D0%BE_%D0%B8%D0%BC%D0%BF%D1%83%D0%BB%D1%8C%D1%81%D0%BD%D0%BE%D0%B3%D0%BE_%D1%8D%D0%BB%D0%B5%D0%BA%D1%82%D1%80%D0%BE%D1%81%D1%87%D1%91%D1%82%D1%87%D0%B8%D0%BA%D0%B0_%D0%A1%D0%9E-%D0%AD701.jpg?utm_source=commons.wikimedia.org&utm_campaign=imageinfo&utm_content=original,CC BY-SA 3.0,,https://creativecommons.org/licenses/by-sa/3.0,Kalabaha1969,,Kalabaha1969,commons:Kalabaha1969,b608cded5a74cb7ae33191bf9dec5b77c031409d,1280,764,Category:Electronic electricity meters
images/electric_meter/commons_28209935.jpg,electric_meter,,train,labeled,1,commons,28209935,File:2010 Tatung E-21 watthour meter.jpg,https://commons.wikimedia.org/wiki/File:2010_Tatung_E-21_watthour_meter.jpg,https://upload.wikimedia.org/wikipedia/commons/f/ff/2010_Tatung_E-21_watthour_meter.jpg?utm_source=commons.wikimedia.org&utm_campaign=imageinfo&utm_content=original,CC BY-SA 3.0,,https://creativecommons.org/licenses/by-sa/3.0,Solomon203,,Solomon203,commons:Solomon203,d5343008b371a297a6520aea39040965d59c6c68,1280,1280,Category:Electronic electricity meters
images/electric_meter/commons_30274291.jpg,electric_meter,,train,labeled,1,commons,30274291,File:関西電力のスマートメーター (大崎電気工業製).JPG,https://commons.wikimedia.org/wiki/File:%E9%96%A2%E8%A5%BF%E9%9B%BB%E5%8A%9B%E3%81%AE%E3%82%B9%E3%83%9E%E3%83%BC%E3%83%88%E3%83%A1%E3%83%BC%E3%82%BF%E3%83%BC_(%E5%A4%A7%E5%B4%8E%E9%9B%BB%E6%B0%97%E5%B7%A5%E6%A5%AD%E8%A3%BD).JPG,https://upload.wikimedia.org/wikipedia/commons/a/a7/%E9%96%A2%E8%A5%BF%E9%9B%BB%E5%8A%9B%E3%81%AE%E3%82%B9%E3%83%9E%E3%83%BC%E3%83%88%E3%83%A1%E3%83%BC%E3%82%BF%E3%83%BC_%28%E5%A4%A7%E5%B4%8E%E9%9B%BB%E6%B0%97%E5%B7%A5%E6%A5%AD%E8%A3%BD%29.JPG?utm_source=commons.wikimedia.org&utm_campaign=imageinfo&utm_content=original,CC BY-SA 3.0,,https://creativecommons.org/licenses/by-sa/3.0,Gjgjyhol,,Gjgjyhol,commons:Gjgjyhol,dfdad395a9dceb934b0db8851d6086fd9986c22d,960,1280,Category:Smart meters
images/electric_meter/commons_30854829.jpg,electric_meter,,train,labeled,1,commons,30854829,"File:Electric meter -Broomfield Road, Coventry, England-16Jan2014.jpg","https://commons.wikimedia.org/wiki/File:Electric_meter_-Broomfield_Road,_Coventry,_England-16Jan2014.jpg",https://upload.wikimedia.org/wikipedia/commons/e/e7/Electric_meter_-Broomfield_Road%2C_Coventry%2C_England-16Jan2014.jpg?utm_source=commons.wikimedia.org&utm_campaign=imageinfo&utm_content=original,CC BY 2.0,,https://creativecommons.org/licenses/by/2.0,"Gwydion M. Williams from Peterborough, Great Britain",,File Upload Bot (Magnus Manske),commons:File Upload Bot (Magnus Manske),ba5c4040573c2fb2be4235f8b163b720358ee586,1280,960,Category:Smart meters
images/electric_meter/commons_3140806.jpg,electric_meter,,train,labeled,1,commons,3140806,File:Drehstromzaehler 01 KMJ.jpg,https://commons.wikimedia.org/wiki/File:Drehstromzaehler_01_KMJ.jpg,https://upload.wikimedia.org/wikipedia/commons/b/b1/Drehstromzaehler_01_KMJ.jpg?utm_source=commons.wikimedia.org&utm_campaign=imageinfo&utm_content=original,CC BY-SA 3.0,,http://creativecommons.org/licenses/by-sa/3.0/,Original uploader was KMJ at de.wikipedia,,Bitsrc,commons:Bitsrc,333fb1de2e81d4608d6ad6d04fef63cc7f2e89a8,768,1238,Category:Electronic electricity meters
images/electric_meter/commons_31908151.jpg,electric_meter,,train,labeled,4,commons,31908151,File:Kitchen renovation new exterior meters installed.JPG,https://commons.wikimedia.org/wiki/File:Kitchen_renovation_new_exterior_meters_installed.JPG,https://upload.wikimedia.org/wikipedia/commons/9/9d/Kitchen_renovation_new_exterior_meters_installed.JPG?utm_source=commons.wikimedia.org&utm_campaign=imageinfo&utm_content=original,CC0,,http://creativecommons.org/publicdomain/zero/1.0/deed.en,Tomwsulcer,,Tomwsulcer,commons:Tomwsulcer,1c0bc92629924c5169716ccd62cf5cba0414be05,904,870,Category:Smart meters
images/electric_meter/commons_3201725.jpg,electric_meter,,train,labeled,1,commons,3201725,File:Merydian LTE1-03.JPG,https://commons.wikimedia.org/wiki/File:Merydian_LTE1-03.JPG,https://upload.wikimedia.org/wikipedia/commons/8/87/Merydian_LTE1-03.JPG?utm_source=commons.wikimedia.org&utm_campaign=imageinfo&utm_content=original,CC BY-SA 2.5,,https://creativecommons.org/licenses/by-sa/2.5,My,,Albedo-ukr,commons:Albedo-ukr,402b904782551a8452f6f6303c5251158c6e6ce6,960,1280,Category:Electronic electricity meters
images/electric_meter/commons_322704.jpg,electric_meter,,train,labeled,1,commons,322704,File:Czech-multitariff-meter.jpg,https://commons.wikimedia.org/wiki/File:Czech-multitariff-meter.jpg,https://upload.wikimedia.org/wikipedia/commons/f/f9/Czech-multitariff-meter.jpg?utm_source=commons.wikimedia.org&utm_campaign=imageinfo&utm_content=original,Public domain,,,Petr.adamek (petr.adamek(at)bilysklep.cz),,Rotatebot,commons:Rotatebot,e0eeacda98d1e31abb5bfa407f32f4ed4291335d,960,1280,Category:Electronic electricity meters
images/electric_meter/commons_32927295.jpg,electric_meter,,train,labeled,1,commons,32927295,File:PrepaymentMeter.jpg,https://commons.wikimedia.org/wiki/File:PrepaymentMeter.jpg,https://upload.wikimedia.org/wikipedia/commons/e/e3/PrepaymentMeter.jpg?utm_source=commons.wikimedia.org&utm_campaign=imageinfo&utm_content=original,Public domain,,,Taviso at English Wikipedia,,FastilyClone,commons:FastilyClone,5dd90093231ac39ea92991c3a1daa7e7a2bdd7bc,1164,522,Category:Smart meters
images/electric_meter/commons_33206639.jpg,electric_meter,,train,labeled,1,commons,33206639,File:Solid-state-electricity-meter.jpg,https://commons.wikimedia.org/wiki/File:Solid-state-electricity-meter.jpg,https://upload.wikimedia.org/wikipedia/commons/0/0c/Solid-state-electricity-meter.jpg?utm_source=commons.wikimedia.org&utm_campaign=imageinfo&utm_content=original,Public domain,,,User:Skatebiker,,Storkk,commons:Storkk,f3b163c60d6edd482a08ca8357b370f047b9b681,808,960,Category:Smart meters
images/electric_meter/commons_33635608.jpg,electric_meter,,train,labeled,1,commons,33635608,File:14 06 28 Meter Dunedin FL 01.JPG,https://commons.wikimedia.org/wiki/File:14_06_28_Meter_Dunedin_FL_01.JPG,https://upload.wikimedia.org/wikipedia/commons/2/20/14_06_28_Meter_Dunedin_FL_01.JPG?utm_source=commons.wikimedia.org&utm_campaign=imageinfo&utm_content=original,CC BY-SA 3.0,,https://creativecommons.org/licenses/by-sa/3.0,ReubenGBrewer,,ReubenGBrewer,commons:ReubenGBrewer,2341d0e6d7105df1c6359e77f8876ba08da82f42,720,960,Category:Smart meters
images/electric_meter/commons_33635609.jpg,electric_meter,,train,labeled,2,commons,33635609,File:14 06 28 Meter Dunedin FL 02.JPG,https://commons.wikimedia.org/wiki/File:14_06_28_Meter_Dunedin_FL_02.JPG,https://upload.wikimedia.org/wikipedia/commons/7/7f/14_06_28_Meter_Dunedin_FL_02.JPG?utm_source=commons.wikimedia.org&utm_campaign=imageinfo&utm_content=original,CC BY-SA 3.0,,https://creativecommons.org/licenses/by-sa/3.0,ReubenGBrewer,,ReubenGBrewer,commons:ReubenGBrewer,623adf27d8b8eefb2ae8e1db543e86dd2364c61b,693,717,Category:Smart meters
images/electric_meter/commons_33769214.jpg,electric_meter,,train,labeled,1,commons,33769214,File:Electric meter.jpg,https://commons.wikimedia.org/wiki/File:Electric_meter.jpg,https://upload.wikimedia.org/wikipedia/commons/0/04/Electric_meter.jpg?utm_source=commons.wikimedia.org&utm_campaign=imageinfo&utm_content=original,CC BY-SA 3.0,,https://creativecommons.org/licenses/by-sa/3.0,NellieBly,,NellieBly,commons:NellieBly,2d9d0b0e07a471e38f7d03bec40eb392ca25613d,960,1280,Category:Electricity meters in Canada
images/electric_meter/commons_35533971.jpg,electric_meter,,val,labeled,3,commons,35533971,File:ISKRA ME100-D1A51-V12G12.JPG,https://commons.wikimedia.org/wiki/File:ISKRA_ME100-D1A51-V12G12.JPG,https://upload.wikimedia.org/wikipedia/commons/c/ce/ISKRA_ME100-D1A51-V12G12.JPG?utm_source=commons.wikimedia.org&utm_campaign=imageinfo&utm_content=original,CC BY-SA 3.0,,https://creativecommons.org/licenses/by-sa/3.0,Dmitry G,,Dmitry G,commons:Dmitry G,b696d46e23519c67c6e003adc515797b269de4dd,960,1280,Category:Electronic electricity meters
images/electric_meter/commons_38416334.jpg,electric_meter,,val,labeled,1,commons,38416334,File:PowerStreamMeter.jpg,https://commons.wikimedia.org/wiki/File:PowerStreamMeter.jpg,https://upload.wikimedia.org/wikipedia/commons/6/6b/PowerStreamMeter.jpg?utm_source=commons.wikimedia.org&utm_campaign=imageinfo&utm_content=original,CC0,,http://creativecommons.org/publicdomain/zero/1.0/deed.en,Raysonho @ Open Grid Scheduler / Grid Engine,,Raysonho,commons:Raysonho,8f60a5c82df0f4a7cdcf545cb353480f41f1934d,848,1280,Category:Smart meters
images/electric_meter/commons_38501753.jpg,electric_meter,,train,labeled,1,commons,38501753,File:Під снігом (13726184973).jpg,https://commons.wikimedia.org/wiki/File:%D0%9F%D1%96%D0%B4_%D1%81%D0%BD%D1%96%D0%B3%D0%BE%D0%BC_(13726184973).jpg,https://upload.wikimedia.org/wikipedia/commons/9/97/%D0%9F%D1%96%D0%B4_%D1%81%D0%BD%D1%96%D0%B3%D0%BE%D0%BC_%2813726184973%29.jpg?utm_source=commons.wikimedia.org&utm_campaign=imageinfo&utm_content=original,CC BY 2.0,,https://creativecommons.org/licenses/by/2.0,"teteria sonnna from Obukhiv, Ukraine",,Butko,commons:Butko,976ff827ffbd28cd21a5295bcb0c4e58dab17d79,720,1280,Category:Electronic electricity meters
images/electric_meter/commons_38934346.jpg,electric_meter,,train,labeled,3,commons,38934346,File:VIA Based Solution Smart Meter (4680911433).jpg,https://commons.wikimedia.org/wiki/File:VIA_Based_Solution_Smart_Meter_(4680911433).jpg,https://upload.wikimedia.org/wikipedia/commons/0/07/VIA_Based_Solution_Smart_Meter_%284680911433%29.jpg?utm_source=commons.wikimedia.org&utm_campaign=imageinfo&utm_content=original,CC BY 2.0,,https://creativecommons.org/licenses/by/2.0,"VIA Gallery from Hsintien, Taiwan",,Kai Tak,commons:Kai Tak,c37e3f75a5051aa92cdc3a0087942b33291aed23,1280,851,Category:Smart meters
images/electric_meter/commons_38934359.jpg,electric_meter,,train,labeled,1,commons,38934359,File:VIA Demos Smart Meter (4680911153).jpg,https://commons.wikimedia.org/wiki/File:VIA_Demos_Smart_Meter_(4680911153).jpg,https://upload.wikimedia.org/wikipedia/commons/a/a8/VIA_Demos_Smart_Meter_%284680911153%29.jpg?utm_source=commons.wikimedia.org&utm_campaign=imageinfo&utm_content=original,CC BY 2.0,,https://creativecommons.org/licenses/by/2.0,"VIA Gallery from Hsintien, Taiwan",,Kai Tak,commons:Kai Tak,787caae3f2d846adb50c86c9f1d8ff00d21417b2,1280,851,Category:Smart meters
images/electric_meter/commons_40255341.jpg,electric_meter,,val,labeled,1,commons,40255341,File:PowerStreamMeter2.jpg,https://commons.wikimedia.org/wiki/File:PowerStreamMeter2.jpg,https://upload.wikimedia.org/wikipedia/commons/7/7f/PowerStreamMeter2.jpg?utm_source=commons.wikimedia.org&utm_campaign=imageinfo&utm_content=original,CC0,,http://creativecommons.org/publicdomain/zero/1.0/deed.en,Raysonho @ Open Grid Scheduler / Grid Engine,,Raysonho,commons:Raysonho,943bf037d29867cf8d63e223aaf0d871939c9b2e,1280,848,Category:Smart meters
images/electric_meter/commons_40255342.jpg,electric_meter,,val,labeled,1,commons,40255342,File:PowerStreamMeter3.jpg,https://commons.wikimedia.org/wiki/File:PowerStreamMeter3.jpg,https://upload.wikimedia.org/wikipedia/commons/c/cd/PowerStreamMeter3.jpg?utm_source=commons.wikimedia.org&utm_campaign=imageinfo&utm_content=original,CC0,,http://creativecommons.org/publicdomain/zero/1.0/deed.en,Raysonho @ Open Grid Scheduler / Grid Engine,,Raysonho,commons:Raysonho,c91618c11bfc1f86f96f8960e9b7bfebe3e36771,1280,848,Category:Smart meters
images/electric_meter/commons_4113827.jpg,electric_meter,,val,labeled,1,commons,4113827,File:Elster Type R15 electricity meter.jpeg,https://commons.wikimedia.org/wiki/File:Elster_Type_R15_electricity_meter.jpeg,https://upload.wikimedia.org/wikipedia/commons/7/7a/Elster_Type_R15_electricity_meter.jpeg?utm_source=commons.wikimedia.org&utm_campaign=imageinfo&utm_content=original,CC BY-SA 3.0,,https://creativecommons.org/licenses/by-sa/3.0,Zuzu,,Zuzu,commons:Zuzu,affa9155f9a4bdf2f2811b9da540fd9e9382a850,960,1280,Category:Smart meters
images/electric_meter/commons_4114675.jpg,electric_meter,,val,labeled,1,commons,4114675,File:Elster A3 Alpha Type A30 electricity meter collector.jpeg,https://commons.wikimedia.org/wiki/File:Elster_A3_Alpha_Type_A30_electricity_meter_collector.jpeg,https://upload.wikimedia.org/wikipedia/commons/1/12/Elster_A3_Alpha_Type_A30_electricity_meter_collector.jpeg?utm_source=commons.wikimedia.org&utm_campaign=imageinfo&utm_content=original,CC BY-SA 3.0,,https://creativecommons.org/licenses/by-sa/3.0,Zuzu,,Zuzu,commons:Zuzu,51049d212dbf9b281fe2be8a74966268a66c4c80,960,1280,Category:Smart meters
images/electric_meter/commons_41887358.jpg,electric_meter,,train,labeled,1,commons,41887358,File:Elektronikus fogyasztasmero.jpg,https://commons.wikimedia.org/wiki/File:Elektronikus_fogyasztasmero.jpg,https://upload.wikimedia.org/wikipedia/commons/3/33/Elektronikus_fogyasztasmero.jpg?utm_source=commons.wikimedia.org&utm_campaign=imageinfo&utm_content=original,CC BY 3.0,,https://creativecommons.org/licenses/by/3.0,"Zátonyi Sándor, (ifj.) Fizped",,Fizped,commons:Fizped,32641a6e23b02392edd673bab9d4164454e1a0fa,853,1280,Category:Smart meters
images/electric_meter/commons_4249823.jpg,electric_meter,,train,labeled,2,commons,4249823,File:ElectricityMeterWithPowerInterrupters.JPG,https://commons.wikimedia.org/wiki/File:ElectricityMeterWithPowerInterrupters.JPG,https://upload.wikimedia.org/wikipedia/commons/9/97/ElectricityMeterWithPowerInterrupters.JPG?utm_source=commons.wikimedia.org&utm_campaign=imageinfo&utm_content=original,Public domain,,,KVDP,,Genetics4good,commons:Genetics4good,6d0afe2d9bb1dcf51349662f953f224d428676e6,1280,1116,Category:Electronic electricity meters
images/electric_meter/commons_43684818.jpg,electric_meter,,val,labeled,1,commons,43684818,File:PowerStreamMeter4.jpg,https://commons.wikimedia.org/wiki/File:PowerStreamMeter4.jpg,https://upload.wikimedia.org/wikipedia/commons/a/a0/PowerStreamMeter4.jpg?utm_source=commons.wikimedia.org&utm_campaign=imageinfo&utm_content=original,CC0,,http://creativecommons.org/publicdomain/zero/1.0/deed.en,Raysonho @ Open Grid Scheduler / Grid Engine,,Raysonho,commons:Raysonho,ff5a5a43bd122ccdac53dc90cfbed32c09baaa2e,1280,848,Category:Smart meters
images/electric_meter/commons_44689993.jpg,electric_meter,,train,labeled,1,commons,44689993,File:Landis+Gyr FocusAXR-SD Hydro-Quebec.JPG,https://commons.wikimedia.org/wiki/File:Landis%2BGyr_FocusAXR-SD_Hydro-Quebec.JPG,https://upload.wikimedia.org/wikipedia/commons/d/d1/Landis%2BGyr_FocusAXR-SD_Hydro-Quebec.JPG?utm_source=commons.wikimedia.org&utm_campaign=imageinfo&utm_content=original,CC BY-SA 4.0,,https://creativecommons.org/licenses/by-sa/4.0,Bouchecl,,Bouchecl,commons:Bouchecl,29bc059baaecfb470bc9125ffa0999a3782038a6,1280,1280,Category:Electricity meters in Canada
images/electric_meter/commons_4483253.jpg,electric_meter,,train,labeled,1,commons,4483253,File:Electricity meter france.jpg,https://commons.wikimedia.org/wiki/File:Electricity_meter_france.jpg,https://upload.wikimedia.org/wikipedia/commons/0/0b/Electricity_meter_france.jpg?utm_source=commons.wikimedia.org&utm_campaign=imageinfo&utm_content=original,Public domain,,,Caerbannog,,Caerbannog,commons:Caerbannog,a9c037059cf9d0887bd2fa96e77f0cb468f998c7,960,1280,Category:Smart meters
images/electric_meter/commons_46388953.jpg,electric_meter,,train,labeled,1,commons,46388953,File:KWh meter EDMI Mk10E กิโลว้ตต์อาวมิเตอร์ โรงงาน.JPG,https://commons.wikimedia.org/wiki/File:KWh_meter_EDMI_Mk10E_%E0%B8%81%E0%B8%B4%E0%B9%82%E0%B8%A5%E0%B8%A7%E0%B9%89%E0%B8%95%E0%B8%95%E0%B9%8C%E0%B8%AD%E0%B8%B2%E0%B8%A7%E0%B8%A1%E0%B8%B4%E0%B9%80%E0%B8%95%E0%B8%AD%E0%B8%A3%E0%B9%8C_%E0%B9%82%E0%B8%A3%E0%B8%87%E0%B8%87%E0%B8%B2%E0%B8%99.JPG,https://upload.wikimedia.org/wikipedia/commons/6/62/KWh_meter_EDMI_Mk10E_%E0%B8%81%E0%B8%B4%E0%B9%82%E0%B8%A5%E0%B8%A7%E0%B9%89%E0%B8%95%E0%B8%95%E0%B9%8C%E0%B8%AD%E0%B8%B2%E0%B8%A7%E0%B8%A1%E0%B8%B4%E0%B9%80%E0%B8%95%E0%B8%AD%E0%B8%A3%E0%B9%8C_%E0%B9%82%E0%B8%A3%E0%B8%87%E0%B8%87%E0%B8%B2%E0%B8%99.JPG?utm_source=commons.wikimedia.org&utm_campaign=imageinfo&utm_content=original,CC BY 4.0,,https://creativecommons.org/licenses/by/4.0,Pui108108,,Pui108108,commons:Pui108108,c78874260dba978817cb00b3ce0c9013520b6f5a,960,1280,Category:Smart meters
images/electric_meter/commons_47608476.jpg,electric_meter,,train,labeled,1,commons,47608476,File:Třífázový elektroměr.jpg,https://commons.wikimedia.org/wiki/File:T%C5%99%C3%ADf%C3%A1zov%C3%BD_elektrom%C4%9Br.jpg,https://upload.wikimedia.org/wikipedia/commons/4/44/T%C5%99%C3%ADf%C3%A1zov%C3%BD_elektrom%C4%9Br.jpg?utm_source=commons.wikimedia.org&utm_campaign=imageinfo&utm_content=original,CC BY-SA 3.0,,https://creativecommons.org/licenses/by-sa/3.0,Juandev,,Juandev,commons:Juandev,63ab640e1404be9f04ab5e436079f8434f23daba,1280,960,Category:Smart meters
images/electric_meter/commons_49855905.jpg,electric_meter,,train,labeled,1,commons,49855905,File:Tatung E-31 watthour meter 20160702.jpg,https://commons.wikimedia.org/wiki/File:Tatung_E-31_watthour_meter_20160702.jpg,https://upload.wikimedia.org/wikipedia/commons/d/df/Tatung_E-31_watthour_meter_20160702.jpg?utm_source=commons.wikimedia.org&utm_campaign=imageinfo&utm_content=original,CC BY-SA 4.0,,https://creativecommons.org/licenses/by-sa/4.0,Solomon203,,Solomon203,commons:Solomon203,e78ad3e0eaa513ae968e227a1c6c5910200b7daa,960,1280,Category:Electronic electricity meters
images/electric_meter/commons_50005675.jpg,electric_meter,,train,labeled,1,commons,50005675,File:Smart-meter-gateway.jpg,https://commons.wikimedia.org/wiki/File:Smart-meter-gateway.jpg,https://upload.wikimedia.org/wikipedia/commons/b/bd/Smart-meter-gateway.jpg?utm_source=commons.wikimedia.org&utm_campaign=imageinfo&utm_content=original,CC BY-SA 4.0,,https://creativecommons.org/licenses/by-sa/4.0,Pichiciago,,Pichiciago,commons:Pichiciago,95fae8cc1671d57d3ada18a26b3e5aab03717529,1280,1280,Category:Smart meters
images/electric_meter/commons_51194581.jpg,electric_meter,,train,labeled,1,commons,51194581,File:Smart Meter (10945291434).jpg,https://commons.wikimedia.org/wiki/File:Smart_Meter_(10945291434).jpg,https://upload.wikimedia.org/wikipedia/commons/9/9a/Smart_Meter_%2810945291434%29.jpg?utm_source=commons.wikimedia.org&utm_campaign=imageinfo&utm_content=original,Public domain,,,National Institute of Standards and Technology,,Vanished Account Byeznhpyxeuztibuo,commons:Vanished Account Byeznhpyxeuztibuo,d89f18c2dba6a4ae0302a2b5fe9b639ce5d3d99a,1280,1099,Category:Smart meters
images/electric_meter/commons_51608682.jpg,electric_meter,,train,labeled,1,commons,51608682,File:Meterkast meter.jpg,https://commons.wikimedia.org/wiki/File:Meterkast_meter.jpg,https://upload.wikimedia.org/wikipedia/commons/d/d7/Meterkast_meter.jpg?utm_source=commons.wikimedia.org&utm_campaign=imageinfo&utm_content=original,CC BY-SA 4.0,,https://creativecommons.org/licenses/by-sa/4.0,BAsta8,,BAsta8,commons:BAsta8,edc116e2702391fd184e085c1f2fafe78ff7eb49,720,1280,Category:Smart meters
images/electric_meter/commons_52855795.jpg,electric_meter,,train,labeled,3,commons,52855795,File:CFE electric power meters 2016.jpg,https://commons.wikimedia.org/wiki/File:CFE_electric_power_meters_2016.jpg,https://upload.wikimedia.org/wikipedia/commons/5/50/CFE_electric_power_meters_2016.jpg?utm_source=commons.wikimedia.org&utm_campaign=imageinfo&utm_content=original,CC BY-SA 4.0,,https://creativecommons.org/licenses/by-sa/4.0,Cvmontuy,,Cvmontuy,commons:Cvmontuy,91b1cd4f837b7456408e4e683d5275bdd6471bf1,1280,1218,Category:Smart meters
images/electric_meter/commons_5308859.jpg,electric_meter,,train,labeled,1,commons,5308859,File:Intelligenter zaehler- Smart meter.jpg,https://commons.wikimedia.org/wiki/File:Intelligenter_zaehler-_Smart_meter.jpg,https://upload.wikimedia.org/wikipedia/commons/9/9a/Intelligenter_zaehler-_Smart_meter.jpg?utm_source=commons.wikimedia.org&utm_campaign=imageinfo&utm_content=original,CC BY-SA 3.0,,https://creativecommons.org/licenses/by-sa/3.0,EVB Energy Ltd (no mention of the photographer required),,J JMesserly,commons:J JMesserly,f91288061ce53e44e590c5ec8476c399f38e7db5,591,863,Category:Smart meters
images/electric_meter/commons_54619885.jpg,electric_meter,,train,labeled,3,commons,54619885,File:0403jfOld Bocaue Municipal Hall Complex Poblacion Antipona Bulacan Roadsfvf 26.jpg,https://commons.wikimedia.org/wiki/File:0403jfOld_Bocaue_Municipal_Hall_Complex_Poblacion_Antipona_Bulacan_Roadsfvf_26.jpg,https://upload.wikimedia.org/wikipedia/commons/6/6f/0403jfOld_Bocaue_Municipal_Hall_Complex_Poblacion_Antipona_Bulacan_Roadsfvf_26.jpg?utm_source=commons.wikimedia.org&utm_campaign=imageinfo&utm_content=original,CC0,,http://creativecommons.org/publicdomain/zero/1.0/deed.en,Judgefloro,,Judgefloro,commons:Judgefloro,29150ffa2a9e9e06298cd2a67bfe4ae90c716b4e,1280,960,Category:Smart meters
images/electric_meter/commons_54619887.jpg,electric_meter,,train,labeled,3,commons,54619887,File:0403jfOld Bocaue Municipal Hall Complex Poblacion Antipona Bulacan Roadsfvf 27.jpg,https://commons.wikimedia.org/wiki/File:0403jfOld_Bocaue_Municipal_Hall_Complex_Poblacion_Antipona_Bulacan_Roadsfvf_27.jpg,https://upload.wikimedia.org/wikipedia/commons/7/74/0403jfOld_Bocaue_Municipal_Hall_Complex_Poblacion_Antipona_Bulacan_Roadsfvf_27.jpg?utm_source=commons.wikimedia.org&utm_campaign=imageinfo&utm_content=original,CC0,,http://creativecommons.org/publicdomain/zero/1.0/deed.en,Judgefloro,,Judgefloro,commons:Judgefloro,e337a49a7af4b7a586c9b02b992aaca73d72f3c0,1280,960,Category:Smart meters
images/electric_meter/commons_54644809.jpg,electric_meter,,train,labeled,1,commons,54644809,File:0452jfBarangay Batia Bocaue Bulacan Fields Roadsfvf 13.jpg,https://commons.wikimedia.org/wiki/File:0452jfBarangay_Batia_Bocaue_Bulacan_Fields_Roadsfvf_13.jpg,https://upload.wikimedia.org/wikipedia/commons/9/9f/0452jfBarangay_Batia_Bocaue_Bulacan_Fields_Roadsfvf_13.jpg?utm_source=commons.wikimedia.org&utm_campaign=imageinfo&utm_content=original,CC0,,http://creativecommons.org/publicdomain/zero/1.0/deed.en,Judgefloro,,Judgefloro,commons:Judgefloro,46210ede10073ba0eedfb6b00eb5f8a21638a2c7,1280,960,Category:Smart meters
images/electric_meter/commons_54644810.jpg,electric_meter,,train,labeled,1,commons,54644810,File:0452jfBarangay Batia Bocaue Bulacan Fields Roadsfvf 15.jpg,https://commons.wikimedia.org/wiki/File:0452jfBarangay_Batia_Bocaue_Bulacan_Fields_Roadsfvf_15.jpg,https://upload.wikimedia.org/wikipedia/commons/c/ca/0452jfBarangay_Batia_Bocaue_Bulacan_Fields_Roadsfvf_15.jpg?utm_source=commons.wikimedia.org&utm_campaign=imageinfo&utm_content=original,CC0,,http://creativecommons.org/publicdomain/zero/1.0/deed.en,Judgefloro,,Judgefloro,commons:Judgefloro,0d1a9d9c5db9f41e8b21912c85ee96eef28e69df,1280,960,Category:Smart meters
images/electric_meter/commons_54644811.jpg,electric_meter,,,unlabeled,0,commons,54644811,File:0452jfBarangay Batia Bocaue Bulacan Fields Roadsfvf 14.jpg,https://commons.wikimedia.org/wiki/File:0452jfBarangay_Batia_Bocaue_Bulacan_Fields_Roadsfvf_14.jpg,https://upload.wikimedia.org/wikipedia/commons/8/89/0452jfBarangay_Batia_Bocaue_Bulacan_Fields_Roadsfvf_14.jpg?utm_source=commons.wikimedia.org&utm_campaign=imageinfo&utm_content=original,CC0,,http://creativecommons.org/publicdomain/zero/1.0/deed.en,Judgefloro,,Judgefloro,commons:Judgefloro,3e6f69ea173c3f83893f66258c36913de5f61d69,1280,960,Category:Smart meters
images/electric_meter/commons_54644815.jpg,electric_meter,,,unlabeled,0,commons,54644815,File:0452jfBarangay Batia Bocaue Bulacan Fields Roadsfvf 16.jpg,https://commons.wikimedia.org/wiki/File:0452jfBarangay_Batia_Bocaue_Bulacan_Fields_Roadsfvf_16.jpg,https://upload.wikimedia.org/wikipedia/commons/3/3a/0452jfBarangay_Batia_Bocaue_Bulacan_Fields_Roadsfvf_16.jpg?utm_source=commons.wikimedia.org&utm_campaign=imageinfo&utm_content=original,CC0,,http://creativecommons.org/publicdomain/zero/1.0/deed.en,Judgefloro,,Judgefloro,commons:Judgefloro,313bc112c5dd5f0199a9bbdc92d315b043a7b8ef,1280,960,Category:Smart meters
images/electric_meter/commons_54903199.jpg,electric_meter,,train,labeled,1,commons,54903199,File:Contador-kilovatio-hora.jpg,https://commons.wikimedia.org/wiki/File:Contador-kilovatio-hora.jpg,https://upload.wikimedia.org/wikipedia/commons/9/9d/Contador-kilovatio-hora.jpg?utm_source=commons.wikimedia.org&utm_campaign=imageinfo&utm_content=original,CC BY-SA 4.0,,https://creativecommons.org/licenses/by-sa/4.0,Carlos P.,,Carlos Pardo Martín,commons:Carlos Pardo Martín,e6eba78f0e27e45f3345b6c22058d9197dd4dfea,1088,1233,Category:Smart meters
images/electric_meter/commons_55279016.jpg,electric_meter,,train,labeled,3,commons,55279016,File:Compteurs intelligents Creos Smarty.jpg,https://commons.wikimedia.org/wiki/File:Compteurs_intelligents_Creos_Smarty.jpg,https://upload.wikimedia.org/wikipedia/commons/5/5d/Compteurs_intelligents_Creos_Smarty.jpg?utm_source=commons.wikimedia.org&utm_campaign=imageinfo&utm_content=original,CC BY-SA 4.0,,https://creativecommons.org/licenses/by-sa/4.0,ChristopheMa,,StephEt,commons:StephEt,39fd04b941092540499c5ec569cc465e038d57fd,1280,692,Category:Smart meters
images/electric_meter/commons_55397373.jpg,electric_meter,,train,labeled,1,commons,55397373,"File:03221jfBulualto, San Miguel Parcutela, Gapan City, Nueva Ecija Roadfvf 05.jpg","https://commons.wikimedia.org/wiki/File:03221jfBulualto,_San_Miguel_Parcutela,_Gapan_City,_Nueva_Ecija_Roadfvf_05.jpg",https://upload.wikimedia.org/wikipedia/commons/7/72/03221jfBulualto%2C_San_Miguel_Parcutela%2C_Gapan_City%2C_Nueva_Ecija_Roadfvf_05.jpg?utm_source=commons.wikimedia.org&utm_campaign=imageinfo&utm_content=original,CC0,,http://creativecommons.org/publicdomain/zero/1.0/deed.en,Judgefloro,,Judgefloro,commons:Judgefloro,5c4f2adb09b73354f692ef937e0b1886db260e0b,1280,960,Category:Electronic electricity meters
images/electric_meter/commons_55397374.jpg,electric_meter,,train,labeled,1,commons,55397374,"File:03221jfBulualto, San Miguel Parcutela, Gapan City, Nueva Ecija Roadfvf 06.jpg","https://commons.wikimedia.org/wiki/File:03221jfBulualto,_San_Miguel_Parcutela,_Gapan_City,_Nueva_Ecija_Roadfvf_06.jpg",https://upload.wikimedia.org/wikipedia/commons/e/e6/03221jfBulualto%2C_San_Miguel_Parcutela%2C_Gapan_City%2C_Nueva_Ecija_Roadfvf_06.jpg?utm_source=commons.wikimedia.org&utm_campaign=imageinfo&utm_content=original,CC0,,http://creativecommons.org/publicdomain/zero/1.0/deed.en,Judgefloro,,Judgefloro,commons:Judgefloro,853bab6b45aad1836e9fafafefb15b8e168b2021,1280,960,Category:Electronic electricity meters
images/electric_meter/commons_55397377.jpg,electric_meter,,train,labeled,1,commons,55397377,"File:03221jfBulualto, San Miguel Parcutela, Gapan City, Nueva Ecija Roadfvf 07.jpg","https://commons.wikimedia.org/wiki/File:03221jfBulualto,_San_Miguel_Parcutela,_Gapan_City,_Nueva_Ecija_Roadfvf_07.jpg",https://upload.wikimedia.org/wikipedia/commons/4/44/03221jfBulualto%2C_San_Miguel_Parcutela%2C_Gapan_City%2C_Nueva_Ecija_Roadfvf_07.jpg?utm_source=commons.wikimedia.org&utm_campaign=imageinfo&utm_content=original,CC0,,http://creativecommons.org/publicdomain/zero/1.0/deed.en,Judgefloro,,Judgefloro,commons:Judgefloro,f4b037968d4f8be2010e8279e008acab1529d952,1280,960,Category:Electronic electricity meters
images/electric_meter/commons_55397378.jpg,electric_meter,,train,labeled,1,commons,55397378,"File:03221jfBulualto, San Miguel Parcutela, Gapan City, Nueva Ecija Roadfvf 08.jpg","https://commons.wikimedia.org/wiki/File:03221jfBulualto,_San_Miguel_Parcutela,_Gapan_City,_Nueva_Ecija_Roadfvf_08.jpg",https://upload.wikimedia.org/wikipedia/commons/f/f1/03221jfBulualto%2C_San_Miguel_Parcutela%2C_Gapan_City%2C_Nueva_Ecija_Roadfvf_08.jpg?utm_source=commons.wikimedia.org&utm_campaign=imageinfo&utm_content=original,CC0,,http://creativecommons.org/publicdomain/zero/1.0/deed.en,Judgefloro,,Judgefloro,commons:Judgefloro,35cf792baa0f4243ed48e1aba223356b351b7b64,1280,960,Category:Electronic electricity meters
images/electric_meter/commons_59383554.jpg,electric_meter,,train,labeled,1,commons,59383554,File:Ампер Солнечный город.jpg,https://commons.wikimedia.org/wiki/File:%D0%90%D0%BC%D0%BF%D0%B5%D1%80_%D0%A1%D0%BE%D0%BB%D0%BD%D0%B5%D1%87%D0%BD%D1%8B%D0%B9_%D0%B3%D0%BE%D1%80%D0%BE%D0%B4.jpg,https://upload.wikimedia.org/wikipedia/commons/f/f7/%D0%90%D0%BC%D0%BF%D0%B5%D1%80_%D0%A1%D0%BE%D0%BB%D0%BD%D0%B5%D1%87%D0%BD%D1%8B%D0%B9_%D0%B3%D0%BE%D1%80%D0%BE%D0%B4.jpg?utm_source=commons.wikimedia.org&utm_campaign=imageinfo&utm_content=original,CC BY-SA 4.0,,https://creativecommons.org/licenses/by-sa/4.0,Andrey Artemyev,,Andrey Artemyev,commons:Andrey Artemyev,8339aed608f8c98ab5f2968bb9f1aef95e2d44bd,1280,853,Category:Smart meters
images/electric_meter/commons_60345617.jpg,electric_meter,,train,labeled,2,commons,60345617,"File:02653jfSagrada Familia Market Restaurant Tangos, Baliuag, Bulacanfvf 42.jpg","https://commons.wikimedia.org/wiki/File:02653jfSagrada_Familia_Market_Restaurant_Tangos,_Baliuag,_Bulacanfvf_42.jpg",https://upload.wikimedia.org/wikipedia/commons/a/a1/02653jfSagrada_Familia_Market_Restaurant_Tangos%2C_Baliuag%2C_Bulacanfvf_42.jpg?utm_source=commons.wikimedia.org&utm_campaign=imageinfo&utm_content=original,CC0,,http://creativecommons.org/publicdomain/zero/1.0/deed.en,Judgefloro,,Judgefloro,commons:Judgefloro,53270f14dffc8528e1e249d30cf41d0861d4cd25,1280,960,Category:Smart meters
images/electric_meter/commons_61577322.jpg,electric_meter,,train,labeled,1,commons,61577322,"File:Landis+Gyr Smart Metering Antenna, Minnesota (35214157226).jpg","https://commons.wikimedia.org/wiki/File:Landis%2BGyr_Smart_Metering_Antenna,_Minnesota_(35214157226).jpg",https://upload.wikimedia.org/wikipedia/commons/c/c0/Landis%2BGyr_Smart_Metering_Antenna%2C_Minnesota_%2835214157226%29.jpg?utm_source=commons.wikimedia.org&utm_campaign=imageinfo&utm_content=original,CC BY-SA 2.0,,https://creativecommons.org/licenses/by-sa/2.0,"Tony Webster from Minneapolis, Minnesota, United States",,Tony Webster,commons:Tony Webster,b94e1139d54612b32ef3e533f398c4673f51d11d,1280,830,Category:Smart meters
images/electric_meter/commons_62454065.jpg,electric_meter,,train,labeled,1,commons,62454065,File:1306Poblacion San Rafael Public Market Bulacan 18.jpg,https://commons.wikimedia.org/wiki/File:1306Poblacion_San_Rafael_Public_Market_Bulacan_18.jpg,https://upload.wikimedia.org/wikipedia/commons/b/b8/1306Poblacion_San_Rafael_Public_Market_Bulacan_18.jpg?utm_source=commons.wikimedia.org&utm_campaign=imageinfo&utm_content=original,CC0,,http://creativecommons.org/publicdomain/zero/1.0/deed.en,Judgefloro,,Judgefloro,commons:Judgefloro,ce13cbe8cd34f34a16c07e8c1985764732edde11,1280,960,Category:Smart meters
images/electric_meter/commons_6262934.jpg,electric_meter,,train,labeled,1,commons,6262934,File:Compteur HQ.JPG,https://commons.wikimedia.org/wiki/File:Compteur_HQ.JPG,https://upload.wikimedia.org/wikipedia/commons/5/55/Compteur_HQ.JPG?utm_source=commons.wikimedia.org&utm_campaign=imageinfo&utm_content=original,CC BY-SA 3.0,,https://creativecommons.org/licenses/by-sa/3.0,Bouchecl,,Bouchecl,commons:Bouchecl,524070e9d05a54d6e1a15483821cc5134a191268,960,1044,Category:Electricity meters in Canada
images/electric_meter/commons_6337023.jpg,electric_meter,,train,labeled,5,commons,6337023,File:Compteurs HQ (2).jpg,https://commons.wikimedia.org/wiki/File:Compteurs_HQ_(2).jpg,https://upload.wikimedia.org/wikipedia/commons/6/6e/Compteurs_HQ_%282%29.jpg?utm_source=commons.wikimedia.org&utm_campaign=imageinfo&utm_content=original,CC BY 2.0,,https://creativecommons.org/licenses/by/2.0,"Nicolas Nova from Geneva, Switzerland",,Bouchecl,commons:Bouchecl,52b1669396525b566762144116ff111ae228c872,1280,853,Category:Electricity meters in Canada
images/electric_meter/commons_64055367.jpg,electric_meter,,val,labeled,2,commons,64055367,File:Tablica licznikowa trzyfazowa z zabezpieczeniami obwodów odbiorczych. Bezpieczniki topikowe i wyłączniki instalacyjne.jpg,https://commons.wikimedia.org/wiki/File:Tablica_licznikowa_trzyfazowa_z_zabezpieczeniami_obwod%C3%B3w_odbiorczych._Bezpieczniki_topikowe_i_wy%C5%82%C4%85czniki_instalacyjne.jpg,https://upload.wikimedia.org/wikipedia/commons/2/2a/Tablica_licznikowa_trzyfazowa_z_zabezpieczeniami_obwod%C3%B3w_odbiorczych._Bezpieczniki_topikowe_i_wy%C5%82%C4%85czniki_instalacyjne.jpg?utm_source=commons.wikimedia.org&utm_campaign=imageinfo&utm_content=original,CC BY-SA 4.0,,https://creativecommons.org/licenses/by-sa/4.0,Koefbac,,Koefbac,commons:Koefbac,3a3c9b4c003ab93cf38ef5524ae0690fa3661f7a,960,1280,Category:Smart meters
images/electric_meter/commons_64062776.jpg,electric_meter,,val,labeled,1,commons,64062776,File:Tablica licznikowa trzyfazowa z zabezpieczeniami typu S. Zabezpieczenia jako wyłączniki instalacyjne - listopad 2017.jpg,https://commons.wikimedia.org/wiki/File:Tablica_licznikowa_trzyfazowa_z_zabezpieczeniami_typu_S._Zabezpieczenia_jako_wy%C5%82%C4%85czniki_instalacyjne_-_listopad_2017.jpg,https://upload.wikimedia.org/wikipedia/commons/8/88/Tablica_licznikowa_trzyfazowa_z_zabezpieczeniami_typu_S._Zabezpieczenia_jako_wy%C5%82%C4%85czniki_instalacyjne_-_listopad_2017.jpg?utm_source=commons.wikimedia.org&utm_campaign=imageinfo&utm_content=original,CC BY-SA 4.0,,https://creativecommons.org/licenses/by-sa/4.0,Koefbac,,Koefbac,commons:Koefbac,919fdf708381fab4ba431a9787cc876dd45747ea,1280,960,Category:Smart meters
images/electric_meter/commons_65344610.jpg,electric_meter,,train,labeled,1,commons,65344610,File:Static Energy Meter GBT17215-2002.jpg,https://commons.wikimedia.org/wiki/File:Static_Energy_Meter_GBT17215-2002.jpg,https://upload.wikimedia.org/wikipedia/commons/f/f4/Static_Energy_Meter_GBT17215-2002.jpg?utm_source=commons.wikimedia.org&utm_campaign=imageinfo&utm_content=original,CC BY-SA 4.0,,https://creativecommons.org/licenses/by-sa/4.0,Sokoteshab,,Sokoteshab,commons:Sokoteshab,c07634142fe34313991f6966f56219c077ef3581,849,1280,Category:Smart meters
images/electric_meter/commons_65490778.jpg,electric_meter,,,unlabeled,0,commons,65490778,File:3325Que Grande Road Ugong Valenzuela City 30.jpg,https://commons.wikimedia.org/wiki/File:3325Que_Grande_Road_Ugong_Valenzuela_City_30.jpg,https://upload.wikimedia.org/wikipedia/commons/a/a1/3325Que_Grande_Road_Ugong_Valenzuela_City_30.jpg?utm_source=commons.wikimedia.org&utm_campaign=imageinfo&utm_content=original,CC0,,http://creativecommons.org/publicdomain/zero/1.0/deed.en,Judgefloro,,Judgefloro,commons:Judgefloro,57312d755c99e6929237ff28929e4e26013361d9,1280,960,Category:Smart meters
images/electric_meter/commons_66483581.jpg,electric_meter,,,unlabeled,0,commons,66483581,File:Smart Meter Infrastructure.png,https://commons.wikimedia.org/wiki/File:Smart_Meter_Infrastructure.png,https://upload.wikimedia.org/wikipedia/commons/5/55/Smart_Meter_Infrastructure.png?utm_source=commons.wikimedia.org&utm_campaign=imageinfo&utm_content=original,CC BY-SA 4.0,,https://creativecommons.org/licenses/by-sa/4.0,Skyhead,,Skyhead,commons:Skyhead,8a7327ccb1c0be95f615cd3dfd1607570fd9ee95,1006,481,Category:Smart meters
images/electric_meter/commons_68468665.jpg,electric_meter,,train,labeled,4,commons,68468665,"File:""Smile You are Now on Camera"" (27711546230).jpg",https://commons.wikimedia.org/wiki/File:%22Smile_You_are_Now_on_Camera%22_(27711546230).jpg,https://upload.wikimedia.org/wikipedia/commons/c/ca/%22Smile_You_are_Now_on_Camera%22_%2827711546230%29.jpg?utm_source=commons.wikimedia.org&utm_campaign=imageinfo&utm_content=original,CC BY 2.0,,https://creativecommons.org/licenses/by/2.0,eileenmak,,Mindmatrix,commons:Mindmatrix,f1a350c5cb2154afa29e34ade141ebd7884f0682,1280,960,Category:Smart meters
images/electric_meter/commons_70195304.jpg,electric_meter,,val,labeled,1,commons,70195304,File:Toshiba Toko Meter Systems SmaMeII-TypeH smart meter.jpg,https://commons.wikimedia.org/wiki/File:Toshiba_Toko_Meter_Systems_SmaMeII-TypeH_smart_meter.jpg,https://upload.wikimedia.org/wikipedia/commons/6/6d/Toshiba_Toko_Meter_Systems_SmaMeII-TypeH_smart_meter.jpg?utm_source=commons.wikimedia.org&utm_campaign=imageinfo&utm_content=original,CC BY 4.0,,https://creativecommons.org/licenses/by/4.0,Darklanlan,,Darklanlan,commons:Darklanlan,f10f076f341659050f5f72ef4a296b430268c461,818,1082,Category:Smart meters
images/electric_meter/commons_70351080.jpg,electric_meter,,,unlabeled,0,commons,70351080,File:9099Santa Mesa Pandacan Manila Roads Landmarks 14.jpg,https://commons.wikimedia.org/wiki/File:9099Santa_Mesa_Pandacan_Manila_Roads_Landmarks_14.jpg,https://upload.wikimedia.org/wikipedia/commons/d/d3/9099Santa_Mesa_Pandacan_Manila_Roads_Landmarks_14.jpg?utm_source=commons.wikimedia.org&utm_campaign=imageinfo&utm_content=original,CC0,,http://creativecommons.org/publicdomain/zero/1.0/deed.en,Judgefloro,,Judgefloro,commons:Judgefloro,4f2fe3e2e636795b4eec65db8fdab184e68381c8,1280,960,Category:Smart meters
images/electric_meter/commons_70351081.jpg,electric_meter,,,unlabeled,0,commons,70351081,File:9099Santa Mesa Pandacan Manila Roads Landmarks 15.jpg,https://commons.wikimedia.org/wiki/File:9099Santa_Mesa_Pandacan_Manila_Roads_Landmarks_15.jpg,https://upload.wikimedia.org/wikipedia/commons/1/19/9099Santa_Mesa_Pandacan_Manila_Roads_Landmarks_15.jpg?utm_source=commons.wikimedia.org&utm_campaign=imageinfo&utm_content=original,CC0,,http://creativecommons.org/publicdomain/zero/1.0/deed.en,Judgefloro,,Judgefloro,commons:Judgefloro,6d1962a87fc251c878488c62da20d535a6176d75,1280,960,Category:Smart meters
images/electric_meter/commons_70351103.jpg,electric_meter,,train,labeled,2,commons,70351103,File:9099Santa Mesa Pandacan Manila Roads Landmarks 27.jpg,https://commons.wikimedia.org/wiki/File:9099Santa_Mesa_Pandacan_Manila_Roads_Landmarks_27.jpg,https://upload.wikimedia.org/wikipedia/commons/6/60/9099Santa_Mesa_Pandacan_Manila_Roads_Landmarks_27.jpg?utm_source=commons.wikimedia.org&utm_campaign=imageinfo&utm_content=original,CC0,,http://creativecommons.org/publicdomain/zero/1.0/deed.en,Judgefloro,,Judgefloro,commons:Judgefloro,bb99a40822d2dc424c2af1ad7e71d13a25d64e2a,1280,960,Category:Smart meters
images/electric_meter/commons_70351126.jpg,electric_meter,,,unlabeled,0,commons,70351126,File:9099Santa Mesa Pandacan Manila Roads Landmarks 40.jpg,https://commons.wikimedia.org/wiki/File:9099Santa_Mesa_Pandacan_Manila_Roads_Landmarks_40.jpg,https://upload.wikimedia.org/wikipedia/commons/c/c3/9099Santa_Mesa_Pandacan_Manila_Roads_Landmarks_40.jpg?utm_source=commons.wikimedia.org&utm_campaign=imageinfo&utm_content=original,CC0,,http://creativecommons.org/publicdomain/zero/1.0/deed.en,Judgefloro,,Judgefloro,commons:Judgefloro,1b2870eda4f6dec6d2be87025548afb88bdbe189,1280,960,Category:Smart meters
images/electric_meter/commons_70371942.jpg,electric_meter,,train,labeled,2,commons,70371942,"File:9600Santa Mesa, Manila Landmarks 16.jpg","https://commons.wikimedia.org/wiki/File:9600Santa_Mesa,_Manila_Landmarks_16.jpg",https://upload.wikimedia.org/wikipedia/commons/5/5f/9600Santa_Mesa%2C_Manila_Landmarks_16.jpg?utm_source=commons.wikimedia.org&utm_campaign=imageinfo&utm_content=original,CC0,,http://creativecommons.org/publicdomain/zero/1.0/deed.en,Judgefloro,,Judgefloro,commons:Judgefloro,1f9a19a478dcb6c2973d469d177dbac39f6b64c2,1280,960,Category:Smart meters
images/electric_meter/commons_70449163.jpg,electric_meter,,,unlabeled,0,commons,70449163,"File:Cellnet UtiliNet - Smart Utility Meter in Minneapolis, Minnesota (28271290347).jpg","https://commons.wikimedia.org/wiki/File:Cellnet_UtiliNet_-_Smart_Utility_Meter_in_Minneapolis,_Minnesota_(28271290347).jpg",https://upload.wikimedia.org/wikipedia/commons/f/f2/Cellnet_UtiliNet_-_Smart_Utility_Meter_in_Minneapolis%2C_Minnesota_%2828271290347%29.jpg?utm_source=commons.wikimedia.org&utm_campaign=imageinfo&utm_content=original,CC BY 2.0,,https://creativecommons.org/licenses/by/2.0,"Tony Webster from Minneapolis, Minnesota, United States",,Tony Webster,commons:Tony Webster,ca09a585cb1899416ddc1499f3511e8a157ab54a,1280,892,Category:Smart meters
images/electric_meter/commons_70449259.jpg,electric_meter,,train,labeled,1,commons,70449259,"File:Smart Metering Antenna, Cellnet UtiliNet, Minneapolis (42422032184).jpg","https://commons.wikimedia.org/wiki/File:Smart_Metering_Antenna,_Cellnet_UtiliNet,_Minneapolis_(42422032184).jpg",https://upload.wikimedia.org/wikipedia/commons/f/ff/Smart_Metering_Antenna%2C_Cellnet_UtiliNet%2C_Minneapolis_%2842422032184%29.jpg?utm_source=commons.wikimedia.org&utm_campaign=imageinfo&utm_content=original,CC BY 2.0,,https://creativecommons.org/licenses/by/2.0,"Tony Webster from Minneapolis, Minnesota, United States",,Tony Webster,commons:Tony Webster,965fd25a1a5ddf32ce52ee640bb4341371c665ad,1280,876,Category:Smart meters
images/electric_meter/commons_70786737.jpg,electric_meter,,train,labeled,1,commons,70786737,File:USAID Installs Automatic Meter Reading (AMR) for MEPCO's Domestic Consumers (15973161422).jpg,https://commons.wikimedia.org/wiki/File:USAID_Installs_Automatic_Meter_Reading_(AMR)_for_MEPCO%27s_Domestic_Consumers_(15973161422).jpg,https://upload.wikimedia.org/wikipedia/commons/1/1e/USAID_Installs_Automatic_Meter_Reading_%28AMR%29_for_MEPCO%27s_Domestic_Consumers_%2815973161422%29.jpg?utm_source=commons.wikimedia.org&utm_campaign=imageinfo&utm_content=original,Public domain,,,USAID Pakistan,,Hiàn (alt),commons:Hiàn (alt),809bd937ba98e77fd4e2c539a312642c38d3ca07,850,1280,Category:Automatic meter reading
images/electric_meter/commons_70786751.jpg,electric_meter,,train,labeled,1,commons,70786751,File:USAID Installs Automatic Meter Reading (AMR) for MEPCO's Domestic Consumers (15971859981).jpg,https://commons.wikimedia.org/wiki/File:USAID_Installs_Automatic_Meter_Reading_(AMR)_for_MEPCO%27s_Domestic_Consumers_(15971859981).jpg,https://upload.wikimedia.org/wikipedia/commons/2/2e/USAID_Installs_Automatic_Meter_Reading_%28AMR%29_for_MEPCO%27s_Domestic_Consumers_%2815971859981%29.jpg?utm_source=commons.wikimedia.org&utm_campaign=imageinfo&utm_content=original,Public domain,,,USAID Pakistan,,Hiàn (alt),commons:Hiàn (alt),131141320ca012ee0410a5e2b1eeef6d5e75bb8c,1280,850,Category:Automatic meter reading
images/electric_meter/commons_70786754.jpg,electric_meter,,train,labeled,2,commons,70786754,File:USAID Installs Automatic Meter Reading (AMR) for MEPCO's Domestic Consumers (15788124987).jpg,https://commons.wikimedia.org/wiki/File:USAID_Installs_Automatic_Meter_Reading_(AMR)_for_MEPCO%27s_Domestic_Consumers_(15788124987).jpg,https://upload.wikimedia.org/wikipedia/commons/5/5e/USAID_Installs_Automatic_Meter_Reading_%28AMR%29_for_MEPCO%27s_Domestic_Consumers_%2815788124987%29.jpg?utm_source=commons.wikimedia.org&utm_campaign=imageinfo&utm_content=original,Public domain,,,USAID Pakistan,,Hiàn (alt),commons:Hiàn (alt),ba6d5521bacdd91cf6a3cfc1ec2f64e52d8b419f,1280,850,Category:Automatic meter reading
images/electric_meter/commons_73878477.jpg,electric_meter,,train,labeled,4,commons,73878477,File:9480Imus City Barangays Landmarks Cavite 09.jpg,https://commons.wikimedia.org/wiki/File:9480Imus_City_Barangays_Landmarks_Cavite_09.jpg,https://upload.wikimedia.org/wikipedia/commons/9/99/9480Imus_City_Barangays_Landmarks_Cavite_09.jpg?utm_source=commons.wikimedia.org&utm_campaign=imageinfo&utm_content=original,CC0,,http://creativecommons.org/publicdomain/zero/1.0/deed.en,Judgefloro,,Judgefloro,commons:Judgefloro,a1cf9ba6d8f7248dc2abd6ebdebda68d56668f83,1280,960,Category:Smart meters
images/electric_meter/commons_74229277.jpg,electric_meter,,val,labeled,1,commons,74229277,File:Электросчетчик.jpg,https://commons.wikimedia.org/wiki/File:%D0%AD%D0%BB%D0%B5%D0%BA%D1%82%D1%80%D0%BE%D1%81%D1%87%D0%B5%D1%82%D1%87%D0%B8%D0%BA.jpg,https://upload.wikimedia.org/wikipedia/commons/8/84/%D0%AD%D0%BB%D0%B5%D0%BA%D1%82%D1%80%D0%BE%D1%81%D1%87%D0%B5%D1%82%D1%87%D0%B8%D0%BA.jpg?utm_source=commons.wikimedia.org&utm_campaign=imageinfo&utm_content=original,CC BY-SA 4.0,,https://creativecommons.org/licenses/by-sa/4.0,Tiraspolsky,,Tiraspolsky,commons:Tiraspolsky,3547ff51b38adbdaf13ee61ad8b8a6c0c206f175,1280,823,Category:Smart meters
images/electric_meter/commons_75167565.jpg,electric_meter,,train,labeled,1,commons,75167565,"File:Slimme meters van Enexis, Oude Pekela (2018) 01.jpg","https://commons.wikimedia.org/wiki/File:Slimme_meters_van_Enexis,_Oude_Pekela_(2018)_01.jpg",https://upload.wikimedia.org/wikipedia/commons/8/89/Slimme_meters_van_Enexis%2C_Oude_Pekela_%282018%29_01.jpg?utm_source=commons.wikimedia.org&utm_campaign=imageinfo&utm_content=original,CC BY-SA 4.0,,https://creativecommons.org/licenses/by-sa/4.0,Donald Trung Quoc Don (Chữ Hán: 徵國單) - Wikimedia Commons.(Want to use this image?),,Donald Trung,commons:Donald Trung,866ff789b292a5c55be0359624c3c53d5de1b3b9,720,1280,Category:Smart meters
images/electric_meter/commons_75167566.jpg,electric_meter,,train,labeled,1,commons,75167566,"File:Slimme meters van Enexis, Oude Pekela (2018) 02.jpg","https://commons.wikimedia.org/wiki/File:Slimme_meters_van_Enexis,_Oude_Pekela_(2018)_02.jpg",https://upload.wikimedia.org/wikipedia/commons/4/4a/Slimme_meters_van_Enexis%2C_Oude_Pekela_%282018%29_02.jpg?utm_source=commons.wikimedia.org&utm_campaign=imageinfo&utm_content=original,CC BY-SA 4.0,,https://creativecommons.org/licenses/by-sa/4.0,Donald Trung Quoc Don (Chữ Hán: 徵國單) - Wikimedia Commons.(Want to use this image?),,Donald Trung,commons:Donald Trung,4bcc80ac2265ef55400794ede3f89a8b83222d5d,1280,720,Category:Smart meters
images/electric_meter/commons_75167567.jpg,electric_meter,,train,labeled,1,commons,75167567,"File:Slimme meters van Enexis, Oude Pekela (2018) 03.jpg","https://commons.wikimedia.org/wiki/File:Slimme_meters_van_Enexis,_Oude_Pekela_(2018)_03.jpg",https://upload.wikimedia.org/wikipedia/commons/c/c7/Slimme_meters_van_Enexis%2C_Oude_Pekela_%282018%29_03.jpg?utm_source=commons.wikimedia.org&utm_campaign=imageinfo&utm_content=original,CC BY-SA 4.0,,https://creativecommons.org/licenses/by-sa/4.0,Donald Trung Quoc Don (Chữ Hán: 徵國單) - Wikimedia Commons.(Want to use this image?),,Donald Trung,commons:Donald Trung,0f76298300d42bca1a96e0344014a5f2775dc02a,720,1280,Category:Smart meters
images/electric_meter/commons_75167569.jpg,electric_meter,,train,labeled,1,commons,75167569,"File:Slimme meters van Enexis, Oude Pekela (2018) 05.jpg","https://commons.wikimedia.org/wiki/File:Slimme_meters_van_Enexis,_Oude_Pekela_(2018)_05.jpg",https://upload.wikimedia.org/wikipedia/commons/d/d1/Slimme_meters_van_Enexis%2C_Oude_Pekela_%282018%29_05.jpg?utm_source=commons.wikimedia.org&utm_campaign=imageinfo&utm_content=original,CC BY-SA 4.0,,https://creativecommons.org/licenses/by-sa/4.0,Donald Trung Quoc Don (Chữ Hán: 徵國單) - Wikimedia Commons.(Want to use this image?),,Donald Trung,commons:Donald Trung,ec42e684ef1cbb57a9f3742ac1ea6732f0c959dc,720,1280,Category:Smart meters
images/electric_meter/commons_75167570.jpg,electric_meter,,train,labeled,1,commons,75167570,"File:Slimme meters van Enexis, Oude Pekela (2018) 06.jpg","https://commons.wikimedia.org/wiki/File:Slimme_meters_van_Enexis,_Oude_Pekela_(2018)_06.jpg",https://upload.wikimedia.org/wikipedia/commons/0/06/Slimme_meters_van_Enexis%2C_Oude_Pekela_%282018%29_06.jpg?utm_source=commons.wikimedia.org&utm_campaign=imageinfo&utm_content=original,CC BY-SA 4.0,,https://creativecommons.org/licenses/by-sa/4.0,Donald Trung Quoc Don (Chữ Hán: 徵國單) - Wikimedia Commons.(Want to use this image?),,Donald Trung,commons:Donald Trung,6ee16d4f0d4c4cc4b68446d48a6e772eae0e9f52,1280,720,Category:Smart meters
images/electric_meter/commons_75167571.jpg,electric_meter,,train,labeled,1,commons,75167571,"File:Slimme meters van Enexis, Oude Pekela (2018) 04.jpg","https://commons.wikimedia.org/wiki/File:Slimme_meters_van_Enexis,_Oude_Pekela_(2018)_04.jpg",https://upload.wikimedia.org/wikipedia/commons/6/62/Slimme_meters_van_Enexis%2C_Oude_Pekela_%282018%29_04.jpg?utm_source=commons.wikimedia.org&utm_campaign=imageinfo&utm_content=original,CC BY-SA 4.0,,https://creativecommons.org/licenses/by-sa/4.0,Donald Trung Quoc Don (Chữ Hán: 徵國單) - Wikimedia Commons.(Want to use this image?),,Donald Trung,commons:Donald Trung,a84424b7379eb0333f0edfe36b94888429defe80,1280,720,Category:Smart meters
images/electric_meter/commons_75167574.jpg,electric_meter,,train,labeled,3,commons,75167574,"File:Slimme meters van Enexis, Oude Pekela (2018) 08.jpg","https://commons.wikimedia.org/wiki/File:Slimme_meters_van_Enexis,_Oude_Pekela_(2018)_08.jpg",https://upload.wikimedia.org/wikipedia/commons/f/fb/Slimme_meters_van_Enexis%2C_Oude_Pekela_%282018%29_08.jpg?utm_source=commons.wikimedia.org&utm_campaign=imageinfo&utm_content=original,CC BY-SA 4.0,,https://creativecommons.org/licenses/by-sa/4.0,Donald Trung Quoc Don (Chữ Hán: 徵國單) - Wikimedia Commons.(Want to use this image?),,Donald Trung,commons:Donald Trung,2147709093dcfab28c108db8e5ec7060791544f9,720,1280,Category:Smart meters
images/electric_meter/commons_75167575.jpg,electric_meter,,train,labeled,1,commons,75167575,"File:Slimme meters van Enexis, Oude Pekela (2018) 07.jpg","https://commons.wikimedia.org/wiki/File:Slimme_meters_van_Enexis,_Oude_Pekela_(2018)_07.jpg",https://upload.wikimedia.org/wikipedia/commons/e/ed/Slimme_meters_van_Enexis%2C_Oude_Pekela_%282018%29_07.jpg?utm_source=commons.wikimedia.org&utm_campaign=imageinfo&utm_content=original,CC BY-SA 4.0,,https://creativecommons.org/licenses/by-sa/4.0,Donald Trung Quoc Don (Chữ Hán: 徵國單) - Wikimedia Commons.(Want to use this image?),,Donald Trung,commons:Donald Trung,aa6cce376fbe68dab172213e0d90cf7b866e676c,720,1280,Category:Smart meters
images/electric_meter/commons_75707890.jpg,electric_meter,,train,labeled,2,commons,75707890,"File:363Sitio Baluarte, San Roque, Gapan City 35.jpg","https://commons.wikimedia.org/wiki/File:363Sitio_Baluarte,_San_Roque,_Gapan_City_35.jpg",https://upload.wikimedia.org/wikipedia/commons/d/da/363Sitio_Baluarte%2C_San_Roque%2C_Gapan_City_35.jpg?utm_source=commons.wikimedia.org&utm_campaign=imageinfo&utm_content=original,CC0,,http://creativecommons.org/publicdomain/zero/1.0/deed.en,Judgefloro,,Judgefloro,commons:Judgefloro,efa67284d6385b2e27b5e3cbd0dd96aeccf7a5ac,1280,960,Category:Electronic electricity meters
images/electric_meter/commons_75707893.jpg,electric_meter,,train,labeled,1,commons,75707893,"File:363Sitio Baluarte, San Roque, Gapan City 34.jpg","https://commons.wikimedia.org/wiki/File:363Sitio_Baluarte,_San_Roque,_Gapan_City_34.jpg",https://upload.wikimedia.org/wikipedia/commons/0/06/363Sitio_Baluarte%2C_San_Roque%2C_Gapan_City_34.jpg?utm_source=commons.wikimedia.org&utm_campaign=imageinfo&utm_content=original,CC0,,http://creativecommons.org/publicdomain/zero/1.0/deed.en,Judgefloro,,Judgefloro,commons:Judgefloro,2113f18ebae597d7da89eba9962975f637aeec43,1280,960,Category:Electronic electricity meters
images/electric_meter/commons_77123754.jpg,electric_meter,,train,labeled,14,commons,77123754,File:La Habana (27216373623).jpg,https://commons.wikimedia.org/wiki/File:La_Habana_(27216373623).jpg,https://upload.wikimedia.org/wikipedia/commons/b/b2/La_Habana_%2827216373623%29.jpg?utm_source=commons.wikimedia.org&utm_campaign=imageinfo&utm_content=original,CC BY-SA 2.0,,https://creativecommons.org/licenses/by-sa/2.0,"Antonio Schubert from Rio de Janeiro, Brasil",,Sturm,commons:Sturm,0578b5c67d4e38c807356c55a2c91ff05c03863b,1280,967,Category:Electricity meter mounts
images/electric_meter/commons_77127708.jpg,electric_meter,,train,labeled,5,commons,77127708,File:Zertifiziertes Smart Meter Gateway.jpg,https://commons.wikimedia.org/wiki/File:Zertifiziertes_Smart_Meter_Gateway.jpg,https://upload.wikimedia.org/wikipedia/commons/8/82/Zertifiziertes_Smart_Meter_Gateway.jpg?utm_source=commons.wikimedia.org&utm_campaign=imageinfo&utm_content=original,CC BY-SA 4.0,,https://creativecommons.org/licenses/by-sa/4.0,Franziska Fahrbach,,Franziska Fahrbach,commons:Franziska Fahrbach,5a232fad5aa542934d6ba3f780b0be45a034ef69,854,1280,Category:Smart meters
images/electric_meter/commons_77129894.jpg,electric_meter,,train,labeled,1,commons,77129894,File:La Habana (31833525125).jpg,https://commons.wikimedia.org/wiki/File:La_Habana_(31833525125).jpg,https://upload.wikimedia.org/wikipedia/commons/3/30/La_Habana_%2831833525125%29.jpg?utm_source=commons.wikimedia.org&utm_campaign=imageinfo&utm_content=original,CC BY-SA 2.0,,https://creativecommons.org/licenses/by-sa/2.0,"Antonio Schubert from Rio de Janeiro, Brasil",,Sturm,commons:Sturm,d6fe7b995bcc6a5cca3abf3784c96a2268876cbe,865,1280,Category:Electricity meter mounts
images/electric_meter/commons_77534681.jpg,electric_meter,,train,labeled,1,commons,77534681,File:Tatung E-31 watthour meter 20190324.jpg,https://commons.wikimedia.org/wiki/File:Tatung_E-31_watthour_meter_20190324.jpg,https://upload.wikimedia.org/wikipedia/commons/0/01/Tatung_E-31_watthour_meter_20190324.jpg?utm_source=commons.wikimedia.org&utm_campaign=imageinfo&utm_content=original,CC BY-SA 4.0,,https://creativecommons.org/licenses/by-sa/4.0,Solomon203,,Solomon203,commons:Solomon203,d8e60a772a9c3d3a2906ea1eb40e2b254b3a7a99,960,1280,Category:Electronic electricity meters
images/electric_meter/commons_78589190.jpg,electric_meter,,train,labeled,4,commons,78589190,File:Wish you webe hepe (37637502141).jpg,https://commons.wikimedia.org/wiki/File:Wish_you_webe_hepe_(37637502141).jpg,https://upload.wikimedia.org/wikipedia/commons/7/7f/Wish_you_webe_hepe_%2837637502141%29.jpg?utm_source=commons.wikimedia.org&utm_campaign=imageinfo&utm_content=original,CC BY-SA 2.0,,https://creativecommons.org/licenses/by-sa/2.0,"Coastal Elite from Halifax, Canada",,Mindmatrix,commons:Mindmatrix,a880b6b17c2ad3ff230120477e6c1c50ee2b658d,1280,799,Category:Electricity meters in Canada
images/electric_meter/commons_80202139.jpg,electric_meter,,train,labeled,14,commons,80202139,"File:2329Barangay San Antonio, Makati City 37.jpg","https://commons.wikimedia.org/wiki/File:2329Barangay_San_Antonio,_Makati_City_37.jpg",https://upload.wikimedia.org/wikipedia/commons/1/1a/2329Barangay_San_Antonio%2C_Makati_City_37.jpg?utm_source=commons.wikimedia.org&utm_campaign=imageinfo&utm_content=original,CC0,,http://creativecommons.org/publicdomain/zero/1.0/deed.en,Judgefloro,,Judgefloro,commons:Judgefloro,5c7c71087f8cb28ef1fdb8500098db2d25c235ac,1280,960,Category:Smart meters
images/electric_meter/commons_80202148.jpg,electric_meter,,train,labeled,10,commons,80202148,"File:2329Barangay San Antonio, Makati City 38.jpg","https://commons.wikimedia.org/wiki/File:2329Barangay_San_Antonio,_Makati_City_38.jpg",https://upload.wikimedia.org/wikipedia/commons/8/8e/2329Barangay_San_Antonio%2C_Makati_City_38.jpg?utm_source=commons.wikimedia.org&utm_campaign=imageinfo&utm_content=original,CC0,,http://creativecommons.org/publicdomain/zero/1.0/deed.en,Judgefloro,,Judgefloro,commons:Judgefloro,792482d11375e956697cd29bab9a95a7c738d4c6,1280,960,Category:Smart meters
images/electric_meter/commons_80202150.jpg,electric_meter,,train,labeled,8,commons,80202150,"File:2329Barangay San Antonio, Makati City 39.jpg","https://commons.wikimedia.org/wiki/File:2329Barangay_San_Antonio,_Makati_City_39.jpg",https://upload.wikimedia.org/wikipedia/commons/2/2c/2329Barangay_San_Antonio%2C_Makati_City_39.jpg?utm_source=commons.wikimedia.org&utm_campaign=imageinfo&utm_content=original,CC0,,http://creativecommons.org/publicdomain/zero/1.0/deed.en,Judgefloro,,Judgefloro,commons:Judgefloro,c5e2fb57ebcfc8798084ce43bdc293d44dadf089,1280,960,Category:Smart meters
images/electric_meter/commons_80252444.jpg,electric_meter,,train,labeled,5,commons,80252444,File:Family Road Trip to Newfoundland July 12th-28th 2017 (38763707092).jpg,https://commons.wikimedia.org/wiki/File:Family_Road_Trip_to_Newfoundland_July_12th-28th_2017_(38763707092).jpg,https://upload.wikimedia.org/wikipedia/commons/7/7d/Family_Road_Trip_to_Newfoundland_July_12th-28th_2017_%2838763707092%29.jpg?utm_source=commons.wikimedia.org&utm_campaign=imageinfo&utm_content=original,CC BY-SA 2.0,,https://creativecommons.org/licenses/by-sa/2.0,Wallace Howe from Canada,,Mindmatrix,commons:Mindmatrix,1df0e00986e5c0147cf44155ffbbe9c5054c9103,1280,857,Category:Electricity meters in Canada
images/electric_meter/commons_80254228.jpg,electric_meter,,train,labeled,2,commons,80254228,File:Around the Battery (14256365391).jpg,https://commons.wikimedia.org/wiki/File:Around_the_Battery_(14256365391).jpg,https://upload.wikimedia.org/wikipedia/commons/5/59/Around_the_Battery_%2814256365391%29.jpg?utm_source=commons.wikimedia.org&utm_campaign=imageinfo&utm_content=original,CC BY 2.0,,https://creativecommons.org/licenses/by/2.0,"Jeremy T. Hetzel from Boston, USA",,Mindmatrix,commons:Mindmatrix,31d844e73f5c7300280e7b05e234f9c39b690064,1280,853,Category:Electricity meters in Canada
images/electric_meter/commons_80303582.jpg,electric_meter,,train,labeled,1,commons,80303582,"File:San Juan, detalle arquitectónico 17.jpg","https://commons.wikimedia.org/wiki/File:San_Juan,_detalle_arquitect%C3%B3nico_17.jpg",https://upload.wikimedia.org/wikipedia/commons/1/15/San_Juan%2C_detalle_arquitect%C3%B3nico_17.jpg?utm_source=commons.wikimedia.org&utm_campaign=imageinfo&utm_content=original,CC BY-SA 4.0,,https://creativecommons.org/licenses/by-sa/4.0,LBM1948,,LBM1948,commons:LBM1948,e6a81581fa32af4c1ad79ce0fe1d47984ed94c38,861,1280,Category:Smart meters
images/electric_meter/commons_80306213.jpg,electric_meter,,,unlabeled,0,commons,80306213,"File:The Canadian General Electric Company Building plaque - 212 King Street West, Toronto, ON M5H 1K5, Canada.jpg","https://commons.wikimedia.org/wiki/File:The_Canadian_General_Electric_Company_Building_plaque_-_212_King_Street_West,_Toronto,_ON_M5H_1K5,_Canada.jpg",https://upload.wikimedia.org/wikipedia/commons/a/aa/The_Canadian_General_Electric_Company_Building_plaque_-_212_King_Street_West%2C_Toronto%2C_ON_M5H_1K5%2C_Canada.jpg?utm_source=commons.wikimedia.org&utm_campaign=imageinfo&utm_content=original,CC BY-SA 4.0,,https://creativecommons.org/licenses/by-sa/4.0,Spudgun67,,Spudgun67,commons:Spudgun67,ba56a2e7b685840c7d14644b38890995e64dfe41,1280,960,Category:Electricity meters in Canada
images/electric_meter/commons_85653618.jpg,electric_meter,,train,labeled,2,commons,85653618,"File:1958 Redfield, Arkansas Gymnasium.jpg","https://commons.wikimedia.org/wiki/File:1958_Redfield,_Arkansas_Gymnasium.jpg",https://upload.wikimedia.org/wikipedia/commons/1/1b/1958_Redfield%2C_Arkansas_Gymnasium.jpg?utm_source=commons.wikimedia.org&utm_campaign=imageinfo&utm_content=original,CC BY-SA 4.0,,https://creativecommons.org/licenses/by-sa/4.0,Linda Banks,,Linda Rinehart Banks,commons:Linda Rinehart Banks,d5e2690757357e6d801d6b791a1b357393cd77a9,1280,642,Category:Smart meters
images/electric_meter/commons_86999625.jpg,electric_meter,,train,labeled,1,commons,86999625,File:Schetchik.jpg,https://commons.wikimedia.org/wiki/File:Schetchik.jpg,https://upload.wikimedia.org/wikipedia/commons/9/9d/Schetchik.jpg?utm_source=commons.wikimedia.org&utm_campaign=imageinfo&utm_content=original,CC BY-SA 4.0,,https://creativecommons.org/licenses/by-sa/4.0,Alexeevi4,,Alexeevi4,commons:Alexeevi4,6ffca36dd10ff3631eef7ad9995574396c5d2348,1280,960,Category:Electronic electricity meters
images/electric_meter/commons_87826802.jpg,electric_meter,,train,labeled,2,commons,87826802,File:Police motorcycle in Barbados 01.jpg,https://commons.wikimedia.org/wiki/File:Police_motorcycle_in_Barbados_01.jpg,https://upload.wikimedia.org/wikipedia/commons/c/ca/Police_motorcycle_in_Barbados_01.jpg?utm_source=commons.wikimedia.org&utm_campaign=imageinfo&utm_content=original,CC BY-SA 4.0,,https://creativecommons.org/licenses/by-sa/4.0,Dickelbers,,Dickelbers,commons:Dickelbers,0c81850fc948da20be8e611ea5cf079893e18567,1280,853,Category:Smart meters
images/electric_meter/commons_8879598.jpg,electric_meter,,val,labeled,1,commons,8879598,File:CadizStNOLATooBlueToMeter.JPG,https://commons.wikimedia.org/wiki/File:CadizStNOLATooBlueToMeter.JPG,https://upload.wikimedia.org/wikipedia/commons/8/83/CadizStNOLATooBlueToMeter.JPG?utm_source=commons.wikimedia.org&utm_campaign=imageinfo&utm_content=original,CC BY-SA 3.0,,https://creativecommons.org/licenses/by-sa/3.0,Infrogmation of New Orleans,,Infrogmation,commons:Infrogmation,0775ad1aa30efead7f09c5ad94c3abc2484b1748,960,1280,Category:Smart meters
images/electric_meter/commons_89030005.jpg,electric_meter,,train,labeled,1,commons,89030005,File:Tatung TT-001 20200409.jpg,https://commons.wikimedia.org/wiki/File:Tatung_TT-001_20200409.jpg,https://upload.wikimedia.org/wikipedia/commons/f/fb/Tatung_TT-001_20200409.jpg?utm_source=commons.wikimedia.org&utm_campaign=imageinfo&utm_content=original,CC BY-SA 4.0,,https://creativecommons.org/licenses/by-sa/4.0,Solomon203,,Solomon203,commons:Solomon203,e9050a02d76a690a6462675ca0c98eea15701b18,1280,960,Category:Smart meters
images/electric_meter/commons_89897213.jpg,electric_meter,,val,labeled,1,commons,89897213,File:Начинка электронного электросчётчика.jpg,https://commons.wikimedia.org/wiki/File:%D0%9D%D0%B0%D1%87%D0%B8%D0%BD%D0%BA%D0%B0_%D1%8D%D0%BB%D0%B5%D0%BA%D1%82%D1%80%D0%BE%D0%BD%D0%BD%D0%BE%D0%B3%D0%BE_%D1%8D%D0%BB%D0%B5%D0%BA%D1%82%D1%80%D0%BE%D1%81%D1%87%D1%91%D1%82%D1%87%D0%B8%D0%BA%D0%B0.jpg,https://upload.wikimedia.org/wikipedia/commons/e/e4/%D0%9D%D0%B0%D1%87%D0%B8%D0%BD%D0%BA%D0%B0_%D1%8D%D0%BB%D0%B5%D0%BA%D1%82%D1%80%D0%BE%D0%BD%D0%BD%D0%BE%D0%B3%D0%BE_%D1%8D%D0%BB%D0%B5%D0%BA%D1%82%D1%80%D0%BE%D1%81%D1%87%D1%91%D1%82%D1%87%D0%B8%D0%BA%D0%B0.jpg?utm_source=commons.wikimedia.org&utm_campaign=imageinfo&utm_content=original,CC0,,http://creativecommons.org/publicdomain/zero/1.0/deed.en,Monoklon,,Monoklon,commons:Monoklon,dc68c3f6ce08988242425eb39e09f344bb30ecab,960,1280,Category:Electronic electricity meters
images/electric_meter/commons_89964128.jpg,electric_meter,,val,labeled,6,commons,89964128,File:АСКУЭ.JPG,https://commons.wikimedia.org/wiki/File:%D0%90%D0%A1%D0%9A%D0%A3%D0%AD.JPG,https://upload.wikimedia.org/wikipedia/commons/d/d6/%D0%90%D0%A1%D0%9A%D0%A3%D0%AD.JPG?utm_source=commons.wikimedia.org&utm_campaign=imageinfo&utm_content=original,CC BY-SA 3.0,,https://creativecommons.org/licenses/by-sa/3.0,Dmitry G,,Monoklon,commons:Monoklon,6e61b229c03c33577965f4c4b1e06c8f7675e8bb,480,640,Category:Electronic electricity meters
images/electric_meter/commons_90475499.jpg,electric_meter,,train,labeled,1,commons,90475499,File:5379Baliuag Bulacan Landmarks during the 2020 coronavirus pandemic 35.jpg,https://commons.wikimedia.org/wiki/File:5379Baliuag_Bulacan_Landmarks_during_the_2020_coronavirus_pandemic_35.jpg,https://upload.wikimedia.org/wikipedia/commons/2/20/5379Baliuag_Bulacan_Landmarks_during_the_2020_coronavirus_pandemic_35.jpg?utm_source=commons.wikimedia.org&utm_campaign=imageinfo&utm_content=original,CC0,,http://creativecommons.org/publicdomain/zero/1.0/deed.en,Judgefloro,,Judgefloro,commons:Judgefloro,2977742b16f71411473165aeda5cec563a69a722,1280,960,Category:Smart meters
images/electric_meter/commons_90475500.jpg,electric_meter,,train,labeled,1,commons,90475500,File:5379Baliuag Bulacan Landmarks during the 2020 coronavirus pandemic 36.jpg,https://commons.wikimedia.org/wiki/File:5379Baliuag_Bulacan_Landmarks_during_the_2020_coronavirus_pandemic_36.jpg,https://upload.wikimedia.org/wikipedia/commons/0/06/5379Baliuag_Bulacan_Landmarks_during_the_2020_coronavirus_pandemic_36.jpg?utm_source=commons.wikimedia.org&utm_campaign=imageinfo&utm_content=original,CC0,,http://creativecommons.org/publicdomain/zero/1.0/deed.en,Judgefloro,,Judgefloro,commons:Judgefloro,597397e7773db264ba0035121ff11b9bfe9b2f62,1280,960,Category:Smart meters
images/electric_meter/commons_91959924.jpg,electric_meter,,,unlabeled,0,commons,91959924,"File:312Photos taken during 2020 coronavirus pandemic Meycauayan, Bulacan 17.jpg","https://commons.wikimedia.org/wiki/File:312Photos_taken_during_2020_coronavirus_pandemic_Meycauayan,_Bulacan_17.jpg",https://upload.wikimedia.org/wikipedia/commons/8/8d/312Photos_taken_during_2020_coronavirus_pandemic_Meycauayan%2C_Bulacan_17.jpg?utm_source=commons.wikimedia.org&utm_campaign=imageinfo&utm_content=original,CC0,,http://creativecommons.org/publicdomain/zero/1.0/deed.en,Judgefloro,,Judgefloro,commons:Judgefloro,6d1fc1bad48f50926014d85927fb851db8719f8f,1280,960,Category:Smart meters
images/electric_meter/commons_91959938.jpg,electric_meter,,train,labeled,1,commons,91959938,"File:312Photos taken during 2020 coronavirus pandemic Meycauayan, Bulacan 18.jpg","https://commons.wikimedia.org/wiki/File:312Photos_taken_during_2020_coronavirus_pandemic_Meycauayan,_Bulacan_18.jpg",https://upload.wikimedia.org/wikipedia/commons/e/e7/312Photos_taken_during_2020_coronavirus_pandemic_Meycauayan%2C_Bulacan_18.jpg?utm_source=commons.wikimedia.org&utm_campaign=imageinfo&utm_content=original,CC0,,http://creativecommons.org/publicdomain/zero/1.0/deed.en,Judgefloro,,Judgefloro,commons:Judgefloro,9d09f3d76cbffc4889ed87af1cc4ff2a58da64ba,1280,960,Category:Smart meters
images/electric_meter/commons_91959950.jpg,electric_meter,,train,labeled,2,commons,91959950,"File:312Photos taken during 2020 coronavirus pandemic Meycauayan, Bulacan 19.jpg","https://commons.wikimedia.org/wiki/File:312Photos_taken_during_2020_coronavirus_pandemic_Meycauayan,_Bulacan_19.jpg",https://upload.wikimedia.org/wikipedia/commons/5/57/312Photos_taken_during_2020_coronavirus_pandemic_Meycauayan%2C_Bulacan_19.jpg?utm_source=commons.wikimedia.org&utm_campaign=imageinfo&utm_content=original,CC0,,http://creativecommons.org/publicdomain/zero/1.0/deed.en,Judgefloro,,Judgefloro,commons:Judgefloro,39df56429e34645ddfc7ef0654944ed9a59b0635,1280,960,Category:Smart meters
images/electric_meter/commons_92381113.jpg,electric_meter,,train,labeled,11,commons,92381113,"File:9865Poblacion Bustos, Bulacan 38.jpg","https://commons.wikimedia.org/wiki/File:9865Poblacion_Bustos,_Bulacan_38.jpg",https://upload.wikimedia.org/wikipedia/commons/0/09/9865Poblacion_Bustos%2C_Bulacan_38.jpg?utm_source=commons.wikimedia.org&utm_campaign=imageinfo&utm_content=original,CC0,,http://creativecommons.org/publicdomain/zero/1.0/deed.en,Judgefloro,,Judgefloro,commons:Judgefloro,335475707ccf2de01510c657f7ffe3409c4e4323,1280,960,Category:Smart meters
images/electric_meter/commons_92381114.jpg,electric_meter,,train,labeled,1,commons,92381114,"File:9865Poblacion Bustos, Bulacan 37.jpg","https://commons.wikimedia.org/wiki/File:9865Poblacion_Bustos,_Bulacan_37.jpg",https://upload.wikimedia.org/wikipedia/commons/9/97/9865Poblacion_Bustos%2C_Bulacan_37.jpg?utm_source=commons.wikimedia.org&utm_campaign=imageinfo&utm_content=original,CC0,,http://creativecommons.org/publicdomain/zero/1.0/deed.en,Judgefloro,,Judgefloro,commons:Judgefloro,6a1ae5716d608a72c8fbd814fe7b3116983ceca4,1280,960,Category:Smart meters
images/electric_meter/commons_92381115.jpg,electric_meter,,train,labeled,1,commons,92381115,"File:9865Poblacion Bustos, Bulacan 39.jpg","https://commons.wikimedia.org/wiki/File:9865Poblacion_Bustos,_Bulacan_39.jpg",https://upload.wikimedia.org/wikipedia/commons/c/c2/9865Poblacion_Bustos%2C_Bulacan_39.jpg?utm_source=commons.wikimedia.org&utm_campaign=imageinfo&utm_content=original,CC0,,http://creativecommons.org/publicdomain/zero/1.0/deed.en,Judgefloro,,Judgefloro,commons:Judgefloro,ff49c9ae78b99fae5175c74b9689abd1414b9ff1,1280,960,Category:Smart meters
images/electric_meter/commons_92381118.jpg,electric_meter,,train,labeled,4,commons,92381118,"File:9865Poblacion Bustos, Bulacan 41.jpg","https://commons.wikimedia.org/wiki/File:9865Poblacion_Bustos,_Bulacan_41.jpg",https://upload.wikimedia.org/wikipedia/commons/9/97/9865Poblacion_Bustos%2C_Bulacan_41.jpg?utm_source=commons.wikimedia.org&utm_campaign=imageinfo&utm_content=original,CC0,,http://creativecommons.org/publicdomain/zero/1.0/deed.en,Judgefloro,,Judgefloro,commons:Judgefloro,e2c94c85d076fbee9f20200a797199f2a15b6739,1280,960,Category:Smart meters
images/electric_meter/commons_92381119.jpg,electric_meter,,train,labeled,2,commons,92381119,"File:9865Poblacion Bustos, Bulacan 42.jpg","https://commons.wikimedia.org/wiki/File:9865Poblacion_Bustos,_Bulacan_42.jpg",https://upload.wikimedia.org/wikipedia/commons/5/58/9865Poblacion_Bustos%2C_Bulacan_42.jpg?utm_source=commons.wikimedia.org&utm_campaign=imageinfo&utm_content=original,CC0,,http://creativecommons.org/publicdomain/zero/1.0/deed.en,Judgefloro,,Judgefloro,commons:Judgefloro,4b0afa58cf1fb9e2f33e972dda3475b6f986f5ed,1280,960,Category:Smart meters
images/electric_meter/commons_92381120.jpg,electric_meter,,train,labeled,5,commons,92381120,"File:9865Poblacion Bustos, Bulacan 40.jpg","https://commons.wikimedia.org/wiki/File:9865Poblacion_Bustos,_Bulacan_40.jpg",https://upload.wikimedia.org/wikipedia/commons/5/5b/9865Poblacion_Bustos%2C_Bulacan_40.jpg?utm_source=commons.wikimedia.org&utm_campaign=imageinfo&utm_content=original,CC0,,http://creativecommons.org/publicdomain/zero/1.0/deed.en,Judgefloro,,Judgefloro,commons:Judgefloro,a4e70abd8d3949f935ffbb9c2af394feb1d696b2,1280,960,Category:Smart meters
images/electric_meter/commons_93794983.jpg,electric_meter,,train,labeled,2,commons,93794983,File:Digital Electric meter Erorr.jpg,https://commons.wikimedia.org/wiki/File:Digital_Electric_meter_Erorr.jpg,https://upload.wikimedia.org/wikipedia/commons/c/c5/Digital_Electric_meter_Erorr.jpg?utm_source=commons.wikimedia.org&utm_campaign=imageinfo&utm_content=original,CC BY-SA 4.0,,https://creativecommons.org/licenses/by-sa/4.0,KingWriter1245,,KingWriter1245,commons:KingWriter1245,a574e4b71a2f786584b6f0fd0780b7bf89c18a38,960,1280,Category:Smart meters
images/electric_meter/commons_94390508.jpg,electric_meter,,val,labeled,1,commons,94390508,File:Elektrik Meter Baharu.jpg,https://commons.wikimedia.org/wiki/File:Elektrik_Meter_Baharu.jpg,https://upload.wikimedia.org/wikipedia/commons/d/d9/Elektrik_Meter_Baharu.jpg?utm_source=commons.wikimedia.org&utm_campaign=imageinfo&utm_content=original,CC BY-SA 4.0,,https://creativecommons.org/licenses/by-sa/4.0,Encik Tekateki,,Encik Tekateki,commons:Encik Tekateki,83ae4225e697dbf0bfaa66a984846d8fc21082d5,1280,960,Category:Smart meters
images/electric_meter/commons_95041497.jpg,electric_meter,,train,labeled,1,commons,95041497,File:P 20201014 060907 vHDR On.jpg,https://commons.wikimedia.org/wiki/File:P_20201014_060907_vHDR_On.jpg,https://upload.wikimedia.org/wikipedia/commons/9/9f/P_20201014_060907_vHDR_On.jpg?utm_source=commons.wikimedia.org&utm_campaign=imageinfo&utm_content=original,CC BY-SA 4.0,,https://creativecommons.org/licenses/by-sa/4.0,Jidanni,,Jidanni,commons:Jidanni,a1de96257c70301a1c19fadfbd68a837bc8496b2,720,1280,Category:Electricity meter mounts
images/electric_meter/commons_96045804.jpg,electric_meter,,train,labeled,4,commons,96045804,File:ECG Meter 001.jpg,https://commons.wikimedia.org/wiki/File:ECG_Meter_001.jpg,https://upload.wikimedia.org/wikipedia/commons/7/7d/ECG_Meter_001.jpg?utm_source=commons.wikimedia.org&utm_campaign=imageinfo&utm_content=original,CC BY-SA 4.0,,https://creativecommons.org/licenses/by-sa/4.0,Otuo-Akyampong Boakye,,Otuo-Akyampong Boakye,commons:Otuo-Akyampong Boakye,4bb4371e50870bb35497ca0516a34511e832af61,960,1280,Category:Smart meters
images/electric_meter/commons_96717017.jpg,electric_meter,,train,labeled,1,commons,96717017,"File:0067Poblacion Baliuag, Bulacan 07.jpg","https://commons.wikimedia.org/wiki/File:0067Poblacion_Baliuag,_Bulacan_07.jpg",https://upload.wikimedia.org/wikipedia/commons/f/fa/0067Poblacion_Baliuag%2C_Bulacan_07.jpg?utm_source=commons.wikimedia.org&utm_campaign=imageinfo&utm_content=original,CC0,,http://creativecommons.org/publicdomain/zero/1.0/deed.en,Judgefloro,,Judgefloro,commons:Judgefloro,47b846fcdae09ebcfcf5e86f8c24e7377caae3be,1280,960,Category:Smart meters
images/electric_meter/commons_97279132.jpg,electric_meter,,train,labeled,3,commons,97279132,"File:Household utilities - Arlington, MA - DSC03191.jpg","https://commons.wikimedia.org/wiki/File:Household_utilities_-_Arlington,_MA_-_DSC03191.jpg",https://upload.wikimedia.org/wikipedia/commons/3/3c/Household_utilities_-_Arlington%2C_MA_-_DSC03191.jpg?utm_source=commons.wikimedia.org&utm_campaign=imageinfo&utm_content=original,CC0,,http://creativecommons.org/publicdomain/zero/1.0/deed.en,Daderot,,Daderot,commons:Daderot,54f94289e4cbe5a10b7111a72bdf71610c090c83,1280,853,Category:Smart meters
images/electric_meter/commons_98999103.jpg,electric_meter,,train,labeled,1,commons,98999103,File:Hard-Prepaid electric meter Bauer electronic-in Austria-01ASD.jpg,https://commons.wikimedia.org/wiki/File:Hard-Prepaid_electric_meter_Bauer_electronic-in_Austria-01ASD.jpg,https://upload.wikimedia.org/wikipedia/commons/5/58/Hard-Prepaid_electric_meter_Bauer_electronic-in_Austria-01ASD.jpg?utm_source=commons.wikimedia.org&utm_campaign=imageinfo&utm_content=original,CC BY-SA 4.0,,https://creativecommons.org/licenses/by-sa/4.0,Asurnipal,,Asurnipal,commons:Asurnipal,17d628e9865ce190d9429fc405fae64be9e9a0e7,750,1280,Category:Electronic electricity meters
images/electric_meter/commons_99723143.jpg,electric_meter,,train,labeled,1,commons,99723143,File:1727Cuisine of Bulacan Baliuag 02.jpg,https://commons.wikimedia.org/wiki/File:1727Cuisine_of_Bulacan_Baliuag_02.jpg,https://upload.wikimedia.org/wikipedia/commons/0/0d/1727Cuisine_of_Bulacan_Baliuag_02.jpg?utm_source=commons.wikimedia.org&utm_campaign=imageinfo&utm_content=original,CC0,,http://creativecommons.org/publicdomain/zero/1.0/deed.en,Judgefloro,,Judgefloro,commons:Judgefloro,415cb8421cdcf45668697608620d1c0939cc478b,1280,960,Category:Smart meters
images/electric_meter/openverse_021dabe6384f446c84cbcb66d11e098a.jpg,electric_meter,,train,labeled,5,openverse,021dabe6-384f-446c-84cb-cb66d11e098a,Electric Meters,https://www.flickr.com/photos/57793655@N00/13639507415,https://live.staticflickr.com/3674/13639507415_241c92fff5_b.jpg,by,2.0,https://creativecommons.org/licenses/by/2.0/,mxmstryo,https://www.flickr.com/photos/57793655@N00,57793655@N00,flickr:57793655@N00,1e1196594c9ccf34c1e684f0c9befa986665c90e,1024,683,electric meter
images/electric_meter/openverse_026e245cc9be49b1a4cc0a63c12c5721.jpg,electric_meter,,,unlabeled,0,openverse,026e245c-c9be-49b1-a4cc-0a63c12c5721,Belgium-6481 - City Hall Details,https://www.flickr.com/photos/22490717@N02/14098359406,https://live.staticflickr.com/7322/14098359406_700f5881e3_b.jpg,by-sa,2.0,https://creativecommons.org/licenses/by-sa/2.0/,archer10 (Dennis),https://www.flickr.com/photos/22490717@N02,22490717@N02,flickr:22490717@N02,2d5b4b8b92c4722bb54703863afe124097fb092b,618,1024,power meter house
images/electric_meter/openverse_02a70ffe68794094a0223b358823982a.jpg,electric_meter,,train,labeled,1,openverse,02a70ffe-6879-4094-a022-3b358823982a,service box,https://www.flickr.com/photos/55573153@N00/305985061,https://live.staticflickr.com/108/305985061_688f89e974_b.jpg,by,2.0,https://creativecommons.org/licenses/by/2.0/,joguldi,https://www.flickr.com/photos/55573153@N00,55573153@N00,flickr:55573153@N00,6081aaaf1bfb0cc6f7c7e46d24936951528c594e,766,1024,electricity meter house
images/electric_meter/openverse_03e85a0eb15441df8b9611cb52ffbfd7.jpg,electric_meter,,,unlabeled,0,openverse,03e85a0e-b154-41df-8b96-11cb52ffbfd7,Home Office #3,https://www.flickr.com/photos/8875143@N04/2396304056,https://live.staticflickr.com/2264/2396304056_52e6d37b94_b.jpg,by,2.0,https://creativecommons.org/licenses/by/2.0/,rintakumpu,https://www.flickr.com/photos/8875143@N04,8875143@N04,flickr:8875143@N04,0986245eb96c1f80252f3beccf163ca191d12eca,1023,793,meter socket
images/electric_meter/openverse_040943ad65cb45c8bcc751bc28d7e954.jpg,electric_meter,,,unlabeled,0,openverse,040943ad-65cb-45c8-bcc7-51bc28d7e954,Portland Bill. Dorset.,https://www.flickr.com/photos/15181848@N02/4792483545,https://live.staticflickr.com/4121/4792483545_8168c9f813_b.jpg,by-sa,2.0,https://creativecommons.org/licenses/by-sa/2.0/,amandabhslater,https://www.flickr.com/photos/15181848@N02,15181848@N02,flickr:15181848@N02,3e1f0045cb9219ea2fbce39fa7e47f8a02f94de5,1024,768,electricity meter house
images/electric_meter/openverse_04262aa98f9b4332bde9d21eced996d6.jpg,electric_meter,,train,labeled,1,openverse,04262aa9-8f9b-4332-bde9-d21eced996d6,Smart Meter 'Echelon',https://www.flickr.com/photos/35637563@N00/9684354999,https://live.staticflickr.com/5520/9684354999_f603d05d71_b.jpg,by,2.0,https://creativecommons.org/licenses/by/2.0/,pppspics,https://www.flickr.com/photos/35637563@N00,35637563@N00,flickr:35637563@N00,d23703d77504db2a786360168b4f2a2a85d1bb91,768,1024,smart meter
images/electric_meter/openverse_04b68fa77635436987a7f65b169c0431.jpg,electric_meter,,,unlabeled,0,openverse,04b68fa7-7635-4369-87a7-f65b169c0431,Kampong Ayer,https://www.flickr.com/photos/8721758@N06/17969886393,https://live.staticflickr.com/8899/17969886393_766c4cd029_b.jpg,by,2.0,https://creativecommons.org/licenses/by/2.0/,Jorge Lascar,https://www.flickr.com/photos/8721758@N06,8721758@N06,flickr:8721758@N06,2c124485347be5884a8c48f2926258e2a1572508,1024,683,electricity meter house
images/electric_meter/openverse_05e8e4b755204c628f5afcfc038511f5.jpg,electric_meter,,train,labeled,1,openverse,05e8e4b7-5520-4c62-8f5a-fcfc038511f5,20220129-RD-LSC-0065,https://www.flickr.com/photos/41284017@N08/51849999359,https://live.staticflickr.com/65535/51849999359_1e6b8fa636_b.jpg,pdm,1.0,https://creativecommons.org/publicdomain/mark/1.0/,USDAgov,https://www.flickr.com/photos/41284017@N08,41284017@N08,flickr:41284017@N08,8d3ec48da1cba7738ba18809f0b656fe14dd1d8d,1024,683,electricity meter house
images/electric_meter/openverse_089aeeb31f3c453c9038e6073a0f0d3c.jpg,electric_meter,,train,labeled,1,openverse,089aeeb3-1f3c-453c-9038-e6073a0f0d3c,kWh,https://www.flickr.com/photos/90963248@N00/2927254475,https://live.staticflickr.com/3200/2927254475_e7366dab4d_b.jpg,by,2.0,https://creativecommons.org/licenses/by/2.0/,Vince Alongi,https://www.flickr.com/photos/90963248@N00,90963248@N00,flickr:90963248@N00,b9d7ab275c4e1eb81092fcfd54c5520cbb1a1b1f,1024,714,kwh meter
images/electric_meter/openverse_08c24b6249814616a15f102f4f65edf1.jpg,electric_meter,,train,labeled,7,openverse,08c24b62-4981-4616-a15f-102f4f65edf1,Electric Meters,https://www.flickr.com/photos/88442983@N00/2475889815,https://live.staticflickr.com/3282/2475889815_7e4c552b3d_b.jpg,by,2.0,https://creativecommons.org/licenses/by/2.0/,taberandrew,https://www.flickr.com/photos/88442983@N00,88442983@N00,flickr:88442983@N00,35d1930e08dbe3f0dc0f0aea9814ecf87c6ff28c,1024,768,electric meter
images/electric_meter/openverse_08fd0aeb5bf14f38af635d997406e12b.jpg,electric_meter,,train,labeled,1,openverse,08fd0aeb-5bf1-4f38-af63-5d997406e12b,LEU Smart Meter,https://www.flickr.com/photos/85517748@N02/30672085544,https://live.staticflickr.com/670/30672085544_c36ba063e2_b.jpg,by,2.0,https://creativecommons.org/licenses/by/2.0/,Tonyglen14,https://www.flickr.com/photos/85517748@N02,85517748@N02,flickr:85517748@N02,a6e7d898fb624a256c0f5cfd06d1b4f86e0d993e,1024,768,smart meter
images/electric_meter/openverse_09335515ce394e53894e7d0e5073734d.jpg,electric_meter,,,unlabeled,0,openverse,09335515-ce39-4e53-894e-7d0e5073734d,Portland Bill. Dorset.,https://www.flickr.com/photos/15181848@N02/4793113146,https://live.staticflickr.com/4120/4793113146_08e21b66b8_b.jpg,by-sa,2.0,https://creativecommons.org/licenses/by-sa/2.0/,amandabhslater,https://www.flickr.com/photos/15181848@N02,15181848@N02,flickr:15181848@N02,e4acc0547489bffe54c8592fb3affe5fa017196c,768,1024,electricity meter house
images/electric_meter/openverse_09ad225168f0486c9a72afa38de4a390.jpg,electric_meter,,,unlabeled,0,openverse,09ad2251-68f0-486c-9a72-afa38de4a390,Niepce's bench (original ),https://www.flickr.com/photos/53941347@N00/3551626273,https://live.staticflickr.com/3401/3551626273_147740280c_b.jpg,by,2.0,https://creativecommons.org/licenses/by/2.0/,jonespointfilm,https://www.flickr.com/photos/53941347@N00,53941347@N00,flickr:53941347@N00,109e59ca3d6a36bbe035470df62b145f3cf487ed,1024,817,meter socket
images/electric_meter/openverse_09fa37ea7ef442d48c6a4b8e9a815aae.jpg,electric_meter,,val,labeled,1,openverse,09fa37ea-7ef4-42d4-8c6a-4b8e9a815aae,Electricity Meter,https://www.flickr.com/photos/38722562@N00/14261181182,https://live.staticflickr.com/5034/14261181182_a08d867647_b.jpg,by-sa,2.0,https://creativecommons.org/licenses/by-sa/2.0/,neepster,https://www.flickr.com/photos/38722562@N00,38722562@N00,flickr:38722562@N00,72e8520b69909ff5eedc991cf418ed4f56710d48,768,1024,electric meter
images/electric_meter/openverse_0a4527c033a349a58df3c7d00f001788.jpg,electric_meter,,,unlabeled,0,openverse,0a4527c0-33a3-49a5-8df3-c7d00f001788,Belgium-6455 - Brussels City Hall,https://www.flickr.com/photos/22490717@N02/13934803300,https://live.staticflickr.com/7397/13934803300_65480b6fc5_b.jpg,by-sa,2.0,https://creativecommons.org/licenses/by-sa/2.0/,archer10 (Dennis),https://www.flickr.com/photos/22490717@N02,22490717@N02,flickr:22490717@N02,3b2599b36ae200329a35065bb561285ab9d5dca1,683,1024,power meter house
images/electric_meter/openverse_0ad94ff82bdc4e5a95c3a568bb6bcbdf.jpg,electric_meter,,,unlabeled,0,openverse,0ad94ff8-2bdc-4e5a-95c3-a568bb6bcbdf,LIVIN' ON THE MISSISSIPPI,https://www.flickr.com/photos/40651993@N07/27982138964,https://live.staticflickr.com/8850/27982138964_97a0a8b149_b.jpg,by-sa,2.0,https://creativecommons.org/licenses/by-sa/2.0/,foto_graffiti,https://www.flickr.com/photos/40651993@N07,40651993@N07,flickr:40651993@N07,6f187795183a6f99cd626795718bfbe9bc360261,1024,576,electricity meter house
images/electric_meter/openverse_0af714270ccc466d8ad95303852d89be.jpg,electric_meter,,,unlabeled,0,openverse,0af71427-0ccc-466d-8ad9-5303852d89be,Electricity prepayment meter key,https://www.flickr.com/photos/31917220@N07/3016016875,https://live.staticflickr.com/3041/3016016875_fab1806f74_b.jpg,by,2.0,https://creativecommons.org/licenses/by/2.0/,lydia_shiningbrightly,https://www.flickr.com/photos/31917220@N07,31917220@N07,flickr:31917220@N07,8e6e6eeca1bbf10239e6fd48257a7ef4c95f9cfb,1024,768,electricity meter house
images/electric_meter/openverse_0c546a04cbcc465b9a76f4c7704b6d48.jpg,electric_meter,,,unlabeled,0,openverse,0c546a04-cbcc-465b-9a76-f4c7704b6d48,"River Rance, Dinan, Brittany, France",https://www.flickr.com/photos/27406286@N05/4587986585,https://live.staticflickr.com/4049/4587986585_b36896e82a_b.jpg,by,2.0,https://creativecommons.org/licenses/by/2.0/,Mike Cattell,https://www.flickr.com/photos/27406286@N05,27406286@N05,flickr:27406286@N05,ec501359aed86460e56799eca4f7b791a8c6c6b2,1024,768,power meter house
images/electric_meter/openverse_0df16952c0ff4263a2d61bb9328cd883.jpg,electric_meter,,train,labeled,1,openverse,0df16952-c0ff-4263-a2d6-1bb9328cd883,Electric Meter,https://www.flickr.com/photos/21518596@N00/4031021085,https://live.staticflickr.com/2639/4031021085_a05a13a30d_b.jpg,by-sa,2.0,https://creativecommons.org/licenses/by-sa/2.0/,chidorian,https://www.flickr.com/photos/21518596@N00,21518596@N00,flickr:21518596@N00,07d82f18e1b0b03c367c9bd4b3ff559b476fe98e,1024,685,electric meter
images/electric_meter/openverse_1049d7a61c1a458eac8dc5b4adb60ace.jpg,electric_meter,,,unlabeled,0,openverse,1049d7a6-1c1a-458e-ac8d-c5b4adb60ace,Chile-03510 - Ahu Ko Te Riku,https://www.flickr.com/photos/22490717@N02/49073088006,https://live.staticflickr.com/65535/49073088006_5b60433382_b.jpg,by-sa,2.0,https://creativecommons.org/licenses/by-sa/2.0/,archer10 (Dennis),https://www.flickr.com/photos/22490717@N02,22490717@N02,flickr:22490717@N02,c48304f4cc63cda2b3c35f71c00a1fd3ad736fc5,1024,683,meter socket
images/electric_meter/openverse_10d3039303494f93a7002575a77ce0d9.jpg,electric_meter,,train,labeled,6,openverse,10d30393-0349-4f93-a700-2575a77ce0d9,"utility meters, pipes and wirescape",https://www.flickr.com/photos/92842970@N00/2310818024,https://live.staticflickr.com/3038/2310818024_f944ee3f9c_b.jpg,by-sa,2.0,https://creativecommons.org/licenses/by-sa/2.0/,ivva,https://www.flickr.com/photos/92842970@N00,92842970@N00,flickr:92842970@N00,abcf14cf21607d1b388057249cf8a698ebc65619,683,1024,utility meter
images/electric_meter/openverse_123925fc0800493c93460766e0c9243b.jpg,electric_meter,,,unlabeled,0,openverse,123925fc-0800-493c-9346-0766e0c9243b,Zeiss Ikon Tenax Automatic 1960,https://www.flickr.com/photos/95012874@N00/40475169562,https://live.staticflickr.com/4710/40475169562_b9eafe9110_b.jpg,by,2.0,https://creativecommons.org/licenses/by/2.0/,Martin Pettitt,https://www.flickr.com/photos/95012874@N00,95012874@N00,flickr:95012874@N00,ce312aabd1f2c91cc34f5df993e6160c768d92f7,1024,777,meter socket
images/electric_meter/openverse_12550c32a1c341d19a7915a435ab744b.jpg,electric_meter,,,unlabeled,0,openverse,12550c32-a1c3-41d1-9a79-15a435ab744b,Lux meter,https://www.flickr.com/photos/57519914@N00/3592693331,https://live.staticflickr.com/3406/3592693331_ae8822f91d_b.jpg,by-sa,2.0,https://creativecommons.org/licenses/by-sa/2.0/,jepoirrier,https://www.flickr.com/photos/57519914@N00,57519914@N00,flickr:57519914@N00,34939c701639e33f20b0a40b5eb3415f3d7a0776,1024,768,power meter house
images/electric_meter/openverse_1290418ce5e54bdca2f74c7af9a0d006.jpg,electric_meter,,train,labeled,1,openverse,1290418c-e5e5-4bdc-a2f7-4c7af9a0d006,restored Westinghouse OB electric meter,https://www.flickr.com/photos/40615055@N00/8221237053,https://live.staticflickr.com/8344/8221237053_8e4667e2fa_b.jpg,by,2.0,https://creativecommons.org/licenses/by/2.0/,John 'Pathfinder' Lester,https://www.flickr.com/photos/40615055@N00,40615055@N00,flickr:40615055@N00,2c26f54047b5b60fbbfeb30c1b4d1c2160a835c2,819,1024,electric meter
images/electric_meter/openverse_135e13c7a08943e4a4b2839a515934de.jpg,electric_meter,,train,labeled,1,openverse,135e13c7-a089-43e4-a4b2-839a515934de,iPhone 4 testing apparatus,https://www.flickr.com/photos/24549770@N06/13945301483,https://live.staticflickr.com/7435/13945301483_81a0fa6cef_b.jpg,by,2.0,https://creativecommons.org/licenses/by/2.0/,angusgr,https://www.flickr.com/photos/24549770@N06,24549770@N06,flickr:24549770@N06,7ab7e47e67d5e81229416f0fd29acbef9ff0ceaa,1023,636,meter socket
images/electric_meter/openverse_16c16ad2415446dbb4c8e6ca2b6ac05c.jpg,electric_meter,,,unlabeled,0,openverse,16c16ad2-4154-46db-b4c8-e6ca2b6ac05c,20220125-RD-LSC-0157,https://www.flickr.com/photos/41284017@N08/51844419320,https://live.staticflickr.com/65535/51844419320_858c0ba740_b.jpg,pdm,1.0,https://creativecommons.org/publicdomain/mark/1.0/,USDAgov,https://www.flickr.com/photos/41284017@N08,41284017@N08,flickr:41284017@N08,076f7b8a402ae7bc236de3e9e4561c4295292fc4,1024,819,electricity meter house
images/electric_meter/openverse_1a090535d8d04477ab71087d0a429e9c.jpg,electric_meter,,,unlabeled,0,openverse,1a090535-d8d0-4477-ab71-087d0a429e9c,"People Power How-to-Vote, 2014 Victorian Election",https://www.flickr.com/photos/86792135@N04/17273492722,https://live.staticflickr.com/7666/17273492722_78b4873f3c_b.jpg,cc0,1.0,https://creativecommons.org/publicdomain/zero/1.0/,AS 1979,https://www.flickr.com/photos/86792135@N04,86792135@N04,flickr:86792135@N04,74a65eafbeccc1660aa2acc8b013df20202d2bb2,737,1024,smart meter
images/electric_meter/openverse_1a9b150c11674649ab44f826e31dd081.jpg,electric_meter,,train,labeled,1,openverse,1a9b150c-1167-4649-ab44-f826e31dd081,Electricity meter,https://www.flickr.com/photos/16105436@N00/397510397,https://live.staticflickr.com/188/397510397_d86b47de21_b.jpg,by,2.0,https://creativecommons.org/licenses/by/2.0/,Kai Hendry,https://www.flickr.com/photos/16105436@N00,16105436@N00,flickr:16105436@N00,2aa13cbc11de9be2e7dc77afd97a8d09b0b8cb53,1024,768,electric meter
images/electric_meter/openverse_1af6648fe96045ffaaf443006305f3ef.jpg,electric_meter,,,unlabeled,0,openverse,1af6648f-e960-45ff-aaf4-43006305f3ef,DSC00787 - Old Pugwash Lighthouse Gone,https://www.flickr.com/photos/22490717@N02/42505019645,https://live.staticflickr.com/1801/42505019645_1b820426af_b.jpg,by-sa,2.0,https://creativecommons.org/licenses/by-sa/2.0/,archer10 (Dennis),https://www.flickr.com/photos/22490717@N02,22490717@N02,flickr:22490717@N02,f5ace4552b68ddd7e4e7400cd13046f0dc43460a,1024,683,power meter house
images/electric_meter/openverse_1b203d04bdee4202b88b3cdf242cd4e7.jpg,electric_meter,,train,labeled,1,openverse,1b203d04-bdee-4202-b88b-3cdf242cd4e7,Northwestern Energy Smart Meter,https://www.flickr.com/photos/85517748@N02/27062088868,https://live.staticflickr.com/4774/27062088868_f766c28a7f_b.jpg,by,2.0,https://creativecommons.org/licenses/by/2.0/,Tonyglen14,https://www.flickr.com/photos/85517748@N02,85517748@N02,flickr:85517748@N02,86a391e821a1a9a807ca4a9819842ec551dd2c6e,1024,768,smart meter
images/electric_meter/openverse_1b8a0c94040d47c280f5521cb184e219.jpg,electric_meter,,val,labeled,3,openverse,1b8a0c94-040d-47c2-80f5-521cb184e219,Electricity Meters behind Broadway Skyte,https://www.flickr.com/photos/35034347371@N01/59025841,https://live.staticflickr.com/33/59025841_381efbd112_b.jpg,cc0,1.0,https://creativecommons.org/publicdomain/zero/1.0/,roland,https://www.flickr.com/photos/35034347371@N01,35034347371@N01,flickr:35034347371@N01,eed42ec823e48a9cafb0e4522a18232bd5f50ac8,1024,768,electric meter
images/electric_meter/openverse_1b9a7df15cb24585959926fc0043b59f.jpg,electric_meter,,train,labeled,1,openverse,1b9a7df1-5cb2-4585-9599-26fc0043b59f,electric meter-Shikhar,https://www.flickr.com/photos/53771866@N05/5372991758,https://live.staticflickr.com/5208/5372991758_bd702efd31_b.jpg,by-sa,2.0,https://creativecommons.org/licenses/by-sa/2.0/,nist6ss,https://www.flickr.com/photos/53771866@N05,53771866@N05,flickr:53771866@N05,bec8fc5e1f458dc3b3d8f3d1b7989cce0b1d102c,768,1024,electric meter
images/electric_meter/openverse_1cb1dc3b7fa940f79abe0974fa22415c.jpg,electric_meter,,train,labeled,1,openverse,1cb1dc3b-7fa9-40f7-9abe-0974fa22415c,Staff Sergeant Salvatore A. Giunta - Medal of Honor - Afghanistan - Operation Enduring Freedom - New York,https://www.flickr.com/photos/58297778@N04/5429575279,https://live.staticflickr.com/5012/5429575279_11e605a43f_b.jpg,by,2.0,https://creativecommons.org/licenses/by/2.0/,expertinfantry,https://www.flickr.com/photos/58297778@N04,58297778@N04,flickr:58297778@N04,c9fb3c4f4e25cf1421cfc1af2bcc901a917329bd,1024,683,utility meter
images/electric_meter/openverse_1fee7001b8a445fe95d48a372d92d062.jpg,electric_meter,,,unlabeled,0,openverse,1fee7001-b8a4-45fe-95d4-8a372d92d062,Minolta SR-7(a),https://www.flickr.com/photos/45032885@N04/13705953664,https://live.staticflickr.com/2835/13705953664_66a30f7a18_b.jpg,by,2.0,https://creativecommons.org/licenses/by/2.0/,s58y,https://www.flickr.com/photos/45032885@N04,45032885@N04,flickr:45032885@N04,4e2f744c5a86bca55bd2ed800c5735747eccae8f,1024,795,utility meter
images/electric_meter/openverse_2078307005574601beaecb7a48563d1d.jpg,electric_meter,,,unlabeled,0,openverse,20783070-0557-4601-beae-cb7a48563d1d,090630-F-164,https://www.flickr.com/photos/10278322@N02/3718174399,https://live.staticflickr.com/2672/3718174399_d44185aef0_b.jpg,by,2.0,https://creativecommons.org/licenses/by/2.0/,Lance Cheung,https://www.flickr.com/photos/10278322@N02,10278322@N02,flickr:10278322@N02,896d6b9563d7537702b4455c9ea221bf02fe78e0,656,1024,electricity meter house
images/electric_meter/openverse_22133ab5cb1e4e54849b09b695559e9d.jpg,electric_meter,,,unlabeled,0,openverse,22133ab5-cb1e-4e54-849b-09b695559e9d,Belgium-6487 - City Hall Details,https://www.flickr.com/photos/22490717@N02/13934905397,https://live.staticflickr.com/2902/13934905397_5e5e8529d6_b.jpg,by-sa,2.0,https://creativecommons.org/licenses/by-sa/2.0/,archer10 (Dennis),https://www.flickr.com/photos/22490717@N02,22490717@N02,flickr:22490717@N02,91120afb627d90f4974ebaab33f486075a073f62,1024,683,power meter house
images/electric_meter/openverse_2325ae005baf4f78989e4cdcfe3186c6.jpg,electric_meter,,train,labeled,2,openverse,2325ae00-5baf-4f78-989e-4cdcfe3186c6,two electrical meters,https://www.flickr.com/photos/24385323@N08/3294381086,https://live.staticflickr.com/3465/3294381086_8cc68bc95a_b.jpg,by,2.0,https://creativecommons.org/licenses/by/2.0/,johnclarkemills,https://www.flickr.com/photos/24385323@N08,24385323@N08,flickr:24385323@N08,7fc6a9b4d4deef26460280dbbf4ebe80e3d8df12,1024,768,electric meter
images/electric_meter/openverse_24dcb140a8d54e75a104c439862337c8.jpg,electric_meter,,,unlabeled,0,openverse,24dcb140-a8d5-4e75-a104-c439862337c8,Kampong Ayer,https://www.flickr.com/photos/8721758@N06/18593536531,https://live.staticflickr.com/8857/18593536531_881bdbd25b_b.jpg,by,2.0,https://creativecommons.org/licenses/by/2.0/,Jorge Lascar,https://www.flickr.com/photos/8721758@N06,8721758@N06,flickr:8721758@N06,a0d0965a2cbd147899fa817e8436ecdf8eb7388e,1024,683,electricity meter house
images/electric_meter/openverse_2579be20d32348a6ae35b65275dbc248.jpg,electric_meter,,train,labeled,1,openverse,2579be20-d323-48a6-ae35-b65275dbc248,IMG_9452,https://www.flickr.com/photos/78817000@N00/14655922846,https://live.staticflickr.com/2896/14655922846_42e5135263.jpg,by,2.0,https://creativecommons.org/licenses/by/2.0/,justine warrington,https://www.flickr.com/photos/78817000@N00,78817000@N00,flickr:78817000@N00,533c0f4c1c45812464817982089fb033da160cc9,500,500,smart meter
images/electric_meter/openverse_26b9f493423d4f95a4ee6fbbe70d44c7.jpg,electric_meter,,val,labeled,3,openverse,26b9f493-423d-4f95-a4ee-6fbbe70d44c7,,https://www.flickr.com/photos/23094783@N03/10989750835,https://live.staticflickr.com/7432/10989750835_df04f2bcaf_b.jpg,by,2.0,https://creativecommons.org/licenses/by/2.0/,eflon,https://www.flickr.com/photos/23094783@N03,23094783@N03,flickr:23094783@N03,820ea85d3df5b6f6950d0388cfb4ae74f2c916a5,1024,683,watthour meter
images/electric_meter/openverse_2702839c553842d9980899d686f754a6.jpg,electric_meter,,,unlabeled,0,openverse,2702839c-5538-42d9-9808-99d686f754a6,Remove cars from city centre and forget smart meters,https://www.flickr.com/photos/57211817@N00/14530040057,https://live.staticflickr.com/3851/14530040057_731c85c2c7_b.jpg,by,2.0,https://creativecommons.org/licenses/by/2.0/,Adrian McEwen,https://www.flickr.com/photos/57211817@N00,57211817@N00,flickr:57211817@N00,8419e91a321e4d7ab23ed85e24dfa83ba522194a,1024,768,smart meter
images/electric_meter/openverse_270f3d6eef18447885ead893c3f11688.jpg,electric_meter,,train,labeled,1,openverse,270f3d6e-ef18-4478-85ea-d893c3f11688,20120105-OC-AMW-0398,https://www.flickr.com/photos/41284017@N08/7209857302,https://live.staticflickr.com/7075/7209857302_9f6e406eda_b.jpg,pdm,1.0,https://creativecommons.org/publicdomain/mark/1.0/,USDAgov,https://www.flickr.com/photos/41284017@N08,41284017@N08,flickr:41284017@N08,e165c0d29a27a46b56e4fce52078c5bf0fce24de,680,1024,utility meter
images/electric_meter/openverse_28021a0ed36949cb894aeabee46a83e6.jpg,electric_meter,,train,labeled,1,openverse,28021a0e-d369-49cb-894a-eabee46a83e6,Southern Electricity meter,https://www.flickr.com/photos/16105436@N00/2995782055,https://live.staticflickr.com/3143/2995782055_9da129d390_b.jpg,by,2.0,https://creativecommons.org/licenses/by/2.0/,Kai Hendry,https://www.flickr.com/photos/16105436@N00,16105436@N00,flickr:16105436@N00,c02dbe0969141559ffb47efe2a3c9fa679aecef3,1024,768,electric meter
images/electric_meter/openverse_29fda212675146978cbca59566a05e45.jpg,electric_meter,,train,labeled,1,openverse,29fda212-6751-4697-8cbc-a59566a05e45,Smart Meter,https://www.flickr.com/photos/27388680@N05/6853897735,https://live.staticflickr.com/7032/6853897735_94c54f5087_b.jpg,by,2.0,https://creativecommons.org/licenses/by/2.0/,Travis Goodspeed,https://www.flickr.com/photos/27388680@N05,27388680@N05,flickr:27388680@N05,64cbce766374bc17ca78259dc89d99af45ffc8be,1024,577,smart meter
images/electric_meter/openverse_2a120b7dde104e93bb181e654b80d91a.jpg,electric_meter,,train,labeled,1,openverse,2a120b7d-de10-4e93-bb18-1e654b80d91a,electric meter sc,https://www.flickr.com/photos/53133240@N00/39198726,https://live.staticflickr.com/25/39198726_235f844d91_b.jpg,by,2.0,https://creativecommons.org/licenses/by/2.0/,Muffet,https://www.flickr.com/photos/53133240@N00,53133240@N00,flickr:53133240@N00,3e89d5f8c30afa0f134d345a2aebe1e788e6e116,1024,1024,electric meter
images/electric_meter/openverse_2a7cfe0757c54fdca64c569c72a85bdc.jpg,electric_meter,,,unlabeled,0,openverse,2a7cfe07-57c5-4fdc-a64c-569c72a85bdc,_DSC4059,https://www.flickr.com/photos/30836207@N04/10524446206,https://live.staticflickr.com/3719/10524446206_b3a14acf7d_b.jpg,by-sa,2.0,https://creativecommons.org/licenses/by-sa/2.0/,Report Verlag,https://www.flickr.com/photos/30836207@N04,30836207@N04,flickr:30836207@N04,40377fec47f35c6f8d927d49d57edc09c2fb6d95,1023,681,smart meter
images/electric_meter/openverse_32456465e3a344abb76c3b8120ea680d.jpg,electric_meter,,train,labeled,5,openverse,32456465-e3a3-44ab-b76c-3b8120ea680d,Electric service upgrade,https://www.flickr.com/photos/26670433@N07/27652552591,https://live.staticflickr.com/7672/27652552591_4a98e85c27_b.jpg,by,2.0,https://creativecommons.org/licenses/by/2.0/,davef3138,https://www.flickr.com/photos/26670433@N07,26670433@N07,flickr:26670433@N07,c6dc80081f51c9bb4346a6d6d4ed2c1ecbc77beb,1024,768,meter socket
images/electric_meter/openverse_32dfaf8e8b434d7dafcab42e909fc1e9.jpg,electric_meter,,,unlabeled,0,openverse,32dfaf8e-8b43-4d7d-afca-b42e909fc1e9,Kampong Ayer,https://www.flickr.com/photos/8721758@N06/18591348525,https://live.staticflickr.com/423/18591348525_255b309ed3_b.jpg,by,2.0,https://creativecommons.org/licenses/by/2.0/,Jorge Lascar,https://www.flickr.com/photos/8721758@N06,8721758@N06,flickr:8721758@N06,d0ab9919d19cf7e183c0776011c0452478425e60,1024,683,electricity meter house
images/electric_meter/openverse_334e24b60c1044e188313df5b4e1381b.jpg,electric_meter,,val,labeled,2,openverse,334e24b6-0c10-44e1-8831-3df5b4e1381b,"City Light employee at meter machine, circa 1970",https://www.flickr.com/photos/24256351@N04/19669750836,https://live.staticflickr.com/364/19669750836_907e64614c_b.jpg,by,2.0,https://creativecommons.org/licenses/by/2.0/,Seattle Municipal Archives,https://www.flickr.com/photos/24256351@N04,24256351@N04,flickr:24256351@N04,abbf8aef6eae19dcdb1f44e7c8a42207804c0b28,1023,713,utility meter
images/electric_meter/openverse_34160cd926174fd4816c69c888608f80.jpg,electric_meter,,train,labeled,1,openverse,34160cd9-2617-4fd4-816c-69c888608f80,Electricity meter,https://www.flickr.com/photos/16105436@N00/18523388055,https://live.staticflickr.com/8833/18523388055_e2312a1d98_b.jpg,by,2.0,https://creativecommons.org/licenses/by/2.0/,Kai Hendry,https://www.flickr.com/photos/16105436@N00,16105436@N00,flickr:16105436@N00,0ab28d2bfc3d633c362236aa28ffc8835a748a18,1024,768,electric meter
images/electric_meter/openverse_3427cae601414c0aab472e2fd383097c.jpg,electric_meter,,val,labeled,1,openverse,3427cae6-0141-4c0a-ab47-2e2fd383097c,Electricity Meter - 0927200912045,https://www.flickr.com/photos/35034347371@N01/3959991557,https://live.staticflickr.com/3475/3959991557_668e1ea2fa_b.jpg,by,2.0,https://creativecommons.org/licenses/by/2.0/,roland,https://www.flickr.com/photos/35034347371@N01,35034347371@N01,flickr:35034347371@N01,ae95874c8e44d364ce9f828f2a4a24bfc4c53ab1,768,1024,electric meter
images/electric_meter/openverse_36886da4e0b44054ba24f3b80aaddb2b.jpg,electric_meter,,,unlabeled,0,openverse,36886da4-e0b4-4054-ba24-f3b80aaddb2b,_DSC4195,https://www.flickr.com/photos/30836207@N04/10523933626,https://live.staticflickr.com/5483/10523933626_3a62485912_b.jpg,by-sa,2.0,https://creativecommons.org/licenses/by-sa/2.0/,Report Verlag,https://www.flickr.com/photos/30836207@N04,30836207@N04,flickr:30836207@N04,3500fd8ffe9f2a8b1ab62ff721583b374b928427,1023,681,smart meter
images/electric_meter/openverse_36dddaa9d9f54c4fb77d02f5629703bf.jpg,electric_meter,,train,labeled,1,openverse,36dddaa9-d9f5-4c4f-b77d-02f5629703bf,20220129-RD-LSC-0041,https://www.flickr.com/photos/41284017@N08/51850005554,https://live.staticflickr.com/65535/51850005554_60f17f3c6a_b.jpg,pdm,1.0,https://creativecommons.org/publicdomain/mark/1.0/,USDAgov,https://www.flickr.com/photos/41284017@N08,41284017@N08,flickr:41284017@N08,738c7273319ba93632103426c5a47ab91289ce33,634,1024,electricity meter house
images/electric_meter/openverse_37e6cedff799433abbdbe9d1c3988e0f.jpg,electric_meter,,,unlabeled,0,openverse,37e6cedf-f799-433a-bbdb-e9d1c3988e0f,Medeo - The Highest Skating Rink in the World,https://www.flickr.com/photos/44148409@N04/15117525951,https://live.staticflickr.com/5589/15117525951_9beb4c8c14_b.jpg,by,2.0,https://creativecommons.org/licenses/by/2.0/,torekhan,https://www.flickr.com/photos/44148409@N04,44148409@N04,flickr:44148409@N04,57a7d972d169550d60fd101b2c90823faa1df7dd,1024,768,utility meter
images/electric_meter/openverse_397133173fda47b1b71aee46ee5da985.jpg,electric_meter,,,unlabeled,0,openverse,39713317-3fda-47b1-b71a-ee46ee5da985,NB-00969 - Miscou Island Lighthouse,https://www.flickr.com/photos/22490717@N02/51445543388,https://live.staticflickr.com/65535/51445543388_cca9542180_b.jpg,by-sa,2.0,https://creativecommons.org/licenses/by-sa/2.0/,archer10 (Dennis),https://www.flickr.com/photos/22490717@N02,22490717@N02,flickr:22490717@N02,abf899d0d00a0b39819737521843fff3b10a3b61,683,1024,power meter house
images/electric_meter/openverse_399e1e663c2442ec8be94416753b24f8.jpg,electric_meter,,val,labeled,1,openverse,399e1e66-3c24-42ec-8be9-4416753b24f8,Electric Meter,https://www.flickr.com/photos/23206546@N04/33393360582,https://live.staticflickr.com/2831/33393360582_0037aa2334_b.jpg,by,2.0,https://creativecommons.org/licenses/by/2.0/,Rusty Clark ~ 100K Photos,https://www.flickr.com/photos/23206546@N04,23206546@N04,flickr:23206546@N04,629c8a58999e2241b619fe099419c0d51c502cdd,1024,768,electric meter
images/electric_meter/openverse_39e6b7ba48a740a0b7580709258baea0.jpg,electric_meter,,,unlabeled,0,openverse,39e6b7ba-48a7-40a0-b758-0709258baea0,20220125-RD-LSC-0166,https://www.flickr.com/photos/41284017@N08/51843667616,https://live.staticflickr.com/65535/51843667616_f2922503d8_b.jpg,pdm,1.0,https://creativecommons.org/publicdomain/mark/1.0/,USDAgov,https://www.flickr.com/photos/41284017@N08,41284017@N08,flickr:41284017@N08,d1b74bff369b69a62e75bffefe5086d46f4d25f7,683,1024,electricity meter house
images/electric_meter/openverse_3a48c69f091743b5ade52aac243a5743.jpg,electric_meter,,,unlabeled,0,openverse,3a48c69f-0917-43b5-ade5-2aac243a5743,Southern Electricity meter key,https://www.flickr.com/photos/16105436@N00/2995781957,https://live.staticflickr.com/3292/2995781957_48fd8e7c81_b.jpg,by,2.0,https://creativecommons.org/licenses/by/2.0/,Kai Hendry,https://www.flickr.com/photos/16105436@N00,16105436@N00,flickr:16105436@N00,352aaea77ba53304b2973a494d1bf8f11ad9d0ab,1024,768,electric meter
images/electric_meter/openverse_3aaed5941fee4a718c07ce945c37b7df.jpg,electric_meter,,,unlabeled,0,openverse,3aaed594-1fee-4a71-8c07-ce945c37b7df,Chile-03481 - Ahu Ko Te Riku,https://www.flickr.com/photos/22490717@N02/49072573168,https://live.staticflickr.com/65535/49072573168_0759b6c513_b.jpg,by-sa,2.0,https://creativecommons.org/licenses/by-sa/2.0/,archer10 (Dennis),https://www.flickr.com/photos/22490717@N02,22490717@N02,flickr:22490717@N02,6932ed9936d99f7b10aa7e61c5bd0449a02b2043,1024,683,meter socket
images/electric_meter/openverse_3ad07478cd3f428ba630473780399cbb.jpg,electric_meter,,,unlabeled,0,openverse,3ad07478-cd3f-428b-a630-473780399cbb,"kay fisker & c.f. møller: vestersøhus, copenhagen 1935-1939",https://www.flickr.com/photos/94852245@N00/4053314524,https://live.staticflickr.com/2590/4053314524_9e5f0491c2_b.jpg,by,2.0,https://creativecommons.org/licenses/by/2.0/,seier+seier,https://www.flickr.com/photos/94852245@N00,94852245@N00,flickr:94852245@N00,33025d3cf736409d7f772038e26b7ec0ccad8d3e,1023,685,power meter house
images/electric_meter/openverse_4052344897ca46109fa9980aee37fa56.jpg,electric_meter,,train,labeled,1,openverse,40523448-97ca-4610-9fa9-980aee37fa56,Two electricity meters on a painted wall. [20130917],https://www.flickr.com/photos/40849646@N02/9787104861,https://live.staticflickr.com/7363/9787104861_4fd3638bdf_b.jpg,by-sa,2.0,https://creativecommons.org/licenses/by-sa/2.0/,marjoleincc,https://www.flickr.com/photos/40849646@N02,40849646@N02,flickr:40849646@N02,6ff954960a232f75ca1b9563e95ae9dc28323ded,768,1024,electric meter
images/electric_meter/openverse_407460c2618d433ab8c3cc0904e05fd7.jpg,electric_meter,,,unlabeled,0,openverse,407460c2-618d-433a-b8c3-cc0904e05fd7,090630-F-336,https://www.flickr.com/photos/10278322@N02/3718175251,https://live.staticflickr.com/3502/3718175251_1113b6a607_b.jpg,by,2.0,https://creativecommons.org/licenses/by/2.0/,Lance Cheung,https://www.flickr.com/photos/10278322@N02,10278322@N02,flickr:10278322@N02,613858bb7816f0127da45a41eec73340c8d9dbde,1023,681,electricity meter house
images/electric_meter/openverse_43caf378f1d24328985e5d7824379496.jpg,electric_meter,,,unlabeled,0,openverse,43caf378-f1d2-4328-985e-5d7824379496,Belgium-6482 - City Hall Details,https://www.flickr.com/photos/22490717@N02/14098367856,https://live.staticflickr.com/7387/14098367856_5be9b6d2f0_b.jpg,by-sa,2.0,https://creativecommons.org/licenses/by-sa/2.0/,archer10 (Dennis),https://www.flickr.com/photos/22490717@N02,22490717@N02,flickr:22490717@N02,a83f038852ac88d7ab918aac274850c44dc49ad9,1024,683,power meter house
images/electric_meter/openverse_4665e819b5d246f4b319b28659216e7d.jpg,electric_meter,,,unlabeled,0,openverse,4665e819-b5d2-46f4-b319-b28659216e7d,Portland Bill. Dorset.,https://www.flickr.com/photos/15181848@N02/4792484895,https://live.staticflickr.com/4140/4792484895_1ea8fe5287_b.jpg,by-sa,2.0,https://creativecommons.org/licenses/by-sa/2.0/,amandabhslater,https://www.flickr.com/photos/15181848@N02,15181848@N02,flickr:15181848@N02,7bc7765bac17a012f4c0258f359a8c164d6f5a9b,768,1024,electricity meter house
images/electric_meter/openverse_467f54b01ea6447ebcd192d2dbd4ecc6.jpg,electric_meter,,,unlabeled,0,openverse,467f54b0-1ea6-447e-bcd1-92d2dbd4ecc6,Belgium-6511 - Brussels City Hall,https://www.flickr.com/photos/22490717@N02/13934996237,https://live.staticflickr.com/7435/13934996237_db8a423f9c_b.jpg,by-sa,2.0,https://creativecommons.org/licenses/by-sa/2.0/,archer10 (Dennis),https://www.flickr.com/photos/22490717@N02,22490717@N02,flickr:22490717@N02,8bc993909a723e7e517a773bca08cb70561adb85,702,1024,power meter house
images/electric_meter/openverse_477c326bd16e404aa81bee74a1b6e75e.jpg,electric_meter,,,unlabeled,0,openverse,477c326b-d16e-404a-a81b-ee74a1b6e75e,Zeiss Ikon Tenax Automatic 1960,https://www.flickr.com/photos/95012874@N00/38707570490,https://live.staticflickr.com/4659/38707570490_e322c1d256_b.jpg,by,2.0,https://creativecommons.org/licenses/by/2.0/,Martin Pettitt,https://www.flickr.com/photos/95012874@N00,95012874@N00,flickr:95012874@N00,c42df1eeb0965b81212241faaa656b1efe76d7dd,1024,679,meter socket
images/electric_meter/openverse_47b4bfef9b79471d9ff7382707d8b0d0.jpg,electric_meter,,,unlabeled,0,openverse,47b4bfef-9b79-471d-9ff7-382707d8b0d0,Hungary-02534 - Bell Tower,https://www.flickr.com/photos/22490717@N02/32235380040,https://live.staticflickr.com/625/32235380040_e29f242e36_b.jpg,by-sa,2.0,https://creativecommons.org/licenses/by-sa/2.0/,archer10 (Dennis),https://www.flickr.com/photos/22490717@N02,22490717@N02,flickr:22490717@N02,680cd85b49729b7ec3e4230734e285d93be6c1c5,683,1024,smart meter
images/electric_meter/openverse_47f57b1bc9654c6a8f525891d2573ac8.jpg,electric_meter,,,unlabeled,0,openverse,47f57b1b-c965-4c6a-8f52-5891d2573ac8,Kampong Ayer,https://www.flickr.com/photos/8721758@N06/17969861133,https://live.staticflickr.com/369/17969861133_8944b143eb_b.jpg,by,2.0,https://creativecommons.org/licenses/by/2.0/,Jorge Lascar,https://www.flickr.com/photos/8721758@N06,8721758@N06,flickr:8721758@N06,fbfa1c5775b91405a43aca1fbe2b186939ed27c0,1024,683,electricity meter house
images/electric_meter/openverse_49868cbd2f1742199b27d5d64a91e8b2.jpg,electric_meter,,train,labeled,1,openverse,49868cbd-2f17-4219-9b27-d5d64a91e8b2,Fortis Alberta Smart Meter,https://www.flickr.com/photos/85517748@N02/31075507124,https://live.staticflickr.com/406/31075507124_abdaa53fac_b.jpg,by,2.0,https://creativecommons.org/licenses/by/2.0/,Tonyglen14,https://www.flickr.com/photos/85517748@N02,85517748@N02,flickr:85517748@N02,cd688faacaa639756c298ec5e1f78f7b98fcaa72,1024,768,smart meter
images/electric_meter/openverse_4c30efff930a4fa5aeac89d66ad2bbb2.jpg,electric_meter,,val,labeled,1,openverse,4c30efff-930a-4fa5-aeac-89d66ad2bbb2,For Ye Olde Rusty Laptops,https://www.flickr.com/photos/69135870@N00/3490038111,https://live.staticflickr.com/3646/3490038111_537dc3517f_b.jpg,by-sa,2.0,https://creativecommons.org/licenses/by-sa/2.0/,mendhak,https://www.flickr.com/photos/69135870@N00,69135870@N00,flickr:69135870@N00,260026b1a1525a8896adbadf81deebcaa58321cf,1024,681,meter socket
images/electric_meter/openverse_4c71186d40364842ad0aedc01572a4cb.jpg,electric_meter,,,unlabeled,0,openverse,4c71186d-4036-4842-ad0a-edc01572a4cb,Hong Kong City Transport,https://www.flickr.com/photos/88123769@N02/8657120528,https://live.staticflickr.com/8114/8657120528_e88bbb1cc5_b.jpg,cc0,1.0,https://creativecommons.org/publicdomain/zero/1.0/,Bernard Spragg,https://www.flickr.com/photos/88123769@N02,88123769@N02,flickr:88123769@N02,b43c447b0b0b1f2a565d80f8c0d7d927c7206575,1024,558,smart meter
images/electric_meter/openverse_4d23806f9fe341edb49a489ea9b8db01.jpg,electric_meter,,train,labeled,2,openverse,4d23806f-9fe3-41ed-b49a-489ea9b8db01,electric meters,https://www.flickr.com/photos/80365963@N00/10548219013,https://live.staticflickr.com/5545/10548219013_9f27bde970_b.jpg,by,2.0,https://creativecommons.org/licenses/by/2.0/,jasonwoodhead23,https://www.flickr.com/photos/80365963@N00,80365963@N00,flickr:80365963@N00,c21959785c9c7a2bfc7d68a0fcdca7a36b11d249,1024,768,electric meter
images/electric_meter/openverse_4fd717e715a346459508a56b000d76b7.jpg,electric_meter,,train,labeled,1,openverse,4fd717e7-15a3-4645-9508-a56b000d76b7,"Boiler, Electric Meter for Thomas Hall",https://www.flickr.com/photos/41894169422@N01/73120778,https://live.staticflickr.com/20/73120778_0c431ec45b_b.jpg,by-sa,2.0,https://creativecommons.org/licenses/by-sa/2.0/,skyfaller,https://www.flickr.com/photos/41894169422@N01,41894169422@N01,flickr:41894169422@N01,c2c1b7a06c6009137bdeaaa49656d863bf9a42ff,1024,768,electric meter
images/electric_meter/openverse_5001f219aa4d4a25b7fcff3332c69140.jpg,electric_meter,,,unlabeled,0,openverse,5001f219-aa4d-4a25-b7fc-ff3332c69140,Webb Mirrors on Wheels,https://www.flickr.com/photos/50785054@N03/8003588313,https://live.staticflickr.com/8455/8003588313_9b3e049cfa_b.jpg,by,2.0,https://creativecommons.org/licenses/by/2.0/,James Webb Space Telescope,https://www.flickr.com/photos/50785054@N03,50785054@N03,flickr:50785054@N03,8e41dd47e05a9921cb424bcf58c76ba00d75f4db,1023,608,power meter house
images/electric_meter/openverse_50fd338daa634a90a9acd0006272479a.jpg,electric_meter,,train,labeled,1,openverse,50fd338d-aa63-4a90-a9ac-d0006272479a,Historic electricity meter,https://www.flickr.com/photos/66926737@N08/33952079500,https://live.staticflickr.com/4156/33952079500_814e4a7c89_b.jpg,by,2.0,https://creativecommons.org/licenses/by/2.0/,Falling Outside The Normal Moral Constraints,https://www.flickr.com/photos/66926737@N08,66926737@N08,flickr:66926737@N08,f06df51085e89f03570a6c3b1fc025736ed1d009,1024,683,electric meter
images/electric_meter/openverse_5299f3b5e4ed49b99a5615a1148c756b.jpg,electric_meter,,,unlabeled,0,openverse,5299f3b5-e4ed-49b9-9a56-15a1148c756b,Central Asia 105,https://www.flickr.com/photos/65638600@N05/6086936850,https://live.staticflickr.com/6200/6086936850_b09ebf867c_b.jpg,by,2.0,https://creativecommons.org/licenses/by/2.0/,rapidtravelchai,https://www.flickr.com/photos/65638600@N05,65638600@N05,flickr:65638600@N05,00cc8c0077f2da9a8195004250b6d3f90d2d315c,768,1024,smart meter
images/electric_meter/openverse_53a76229d3c6458d836eaf059e59a5ab.jpg,electric_meter,,,unlabeled,0,openverse,53a76229-d3c6-458d-836e-af059e59a5ab,Staff Sergeant Salvatore A. Giunta - Medal of Honor - Afghanistan - Operation Enduring Freedom - Hall of Heroes address,https://www.flickr.com/photos/58297778@N04/5429566485,https://live.staticflickr.com/5259/5429566485_f959ac6627_b.jpg,by,2.0,https://creativecommons.org/licenses/by/2.0/,expertinfantry,https://www.flickr.com/photos/58297778@N04,58297778@N04,flickr:58297778@N04,abc596609e1d37d03371fa1ae5edff5901bff8d8,1023,681,utility meter
images/electric_meter/openverse_57b41ccd933048f9b9800dabf8c57cdb.jpg,electric_meter,,train,labeled,1,openverse,57b41ccd-9330-48f9-b980-0dabf8c57cdb,"Early Research on Privacy Helping to Fast Track Smart Meters presented by Simone Fischer-Hübner, Karlstad University, Sweden",https://www.flickr.com/photos/145577965@N05/30422009973,https://live.staticflickr.com/5486/30422009973_a180caa530_b.jpg,by,2.0,https://creativecommons.org/licenses/by/2.0/,scienceeurope,https://www.flickr.com/photos/145577965@N05,145577965@N05,flickr:145577965@N05,4ed4669630f401bcdcb8166750a86e7efc0c2608,1024,722,smart meter
images/electric_meter/openverse_57d255d8f00a48a593b4fa7a583ca6a0.jpg,electric_meter,,train,labeled,1,openverse,57d255d8-f00a-48a5-93b4-fa7a583ca6a0,Electricity meter?,https://www.flickr.com/photos/12708857@N00/5629064152,https://live.staticflickr.com/5027/5629064152_04a9a8399e_b.jpg,by,2.0,https://creativecommons.org/licenses/by/2.0/,zimpenfish,https://www.flickr.com/photos/12708857@N00,12708857@N00,flickr:12708857@N00,91fdefbba06d0b78849e9247e16759e6c8c296a5,765,1024,electric meter
images/electric_meter/openverse_57eaf26c0b15400a969631436d9b5464.jpg,electric_meter,,train,labeled,1,openverse,57eaf26c-0b15-400a-9696-31436d9b5464,Charged electricity meter,https://www.flickr.com/photos/16105436@N00/2995782665,https://live.staticflickr.com/3028/2995782665_e16fd960f6_b.jpg,by,2.0,https://creativecommons.org/licenses/by/2.0/,Kai Hendry,https://www.flickr.com/photos/16105436@N00,16105436@N00,flickr:16105436@N00,02b49617acfefc232e7f7a4297a2daf15b60af4b,1024,768,electric meter
images/electric_meter/openverse_583f97d1d29a4d5a9b97e2d447f49e73.jpg,electric_meter,,train,labeled,1,openverse,583f97d1-d29a-4d5a-9b97-e2d447f49e73,"Verbrauchsmessung: Mac und Monitor laufen, Rest: Standby: 130 Watt",https://www.flickr.com/photos/87569910@N00/3271835433,https://live.staticflickr.com/3530/3271835433_4a4d018049_b.jpg,by-sa,2.0,https://creativecommons.org/licenses/by-sa/2.0/,schoschie,https://www.flickr.com/photos/87569910@N00,87569910@N00,flickr:87569910@N00,15bd35180a3771182dbf2bd6ff0cd34bd356a8cf,1024,768,kwh meter
images/electric_meter/openverse_588a8e9a88eb4f69a78fe1e63dd6366d.jpg,electric_meter,,,unlabeled,0,openverse,588a8e9a-88eb-4f69-a78f-e1e63dd6366d,Voigtländer VF101,https://www.flickr.com/photos/29271559@N02/3567354368,https://live.staticflickr.com/2483/3567354368_8c83c7f879_b.jpg,by,2.0,https://creativecommons.org/licenses/by/2.0/,say_cheddar,https://www.flickr.com/photos/29271559@N02,29271559@N02,flickr:29271559@N02,2c97cdbb89d56b2626fef1a89f401b8aeb6139bc,1024,754,meter socket
images/electric_meter/openverse_594e63db451d47348f1a0bc6008b122c.jpg,electric_meter,,train,labeled,1,openverse,594e63db-451d-4734-8f1a-0bc6008b122c,broken,https://www.flickr.com/photos/42741557@N05/7032242423,https://live.staticflickr.com/7045/7032242423_e0502c158c_b.jpg,by-sa,2.0,https://creativecommons.org/licenses/by-sa/2.0/,Vassilis Online,https://www.flickr.com/photos/42741557@N05,42741557@N05,flickr:42741557@N05,2bb839e5c187d87f3d288e37a1c68705a8aeaecb,1024,1024,electricity meter house
images/electric_meter/openverse_5b571e09c9574859991fc285d53d33be.jpg,electric_meter,,,unlabeled,0,openverse,5b571e09-c957-4859-991f-c285d53d33be,Chile-03482 - Ahu Ko Te Riku,https://www.flickr.com/photos/22490717@N02/49073097221,https://live.staticflickr.com/65535/49073097221_9f8c916ae9_b.jpg,by-sa,2.0,https://creativecommons.org/licenses/by-sa/2.0/,archer10 (Dennis),https://www.flickr.com/photos/22490717@N02,22490717@N02,flickr:22490717@N02,81051e5dc165c54808ee4b09e705b6385ce6e263,1024,683,meter socket
images/electric_meter/openverse_5b77304885dc48de8183de7adbb1aa92.jpg,electric_meter,,train,labeled,1,openverse,5b773048-85dc-48de-8183-de7adbb1aa92,"October 1st, 2012 Put that light out!!",https://www.flickr.com/photos/11569642@N00/8050695206,https://live.staticflickr.com/8316/8050695206_58a171c520_b.jpg,by-sa,2.0,https://creativecommons.org/licenses/by-sa/2.0/,karenblakeman,https://www.flickr.com/photos/11569642@N00,11569642@N00,flickr:11569642@N00,cb6b78c7bb20aa3d316e470bf881d940984bd6c5,747,1024,smart meter
images/electric_meter/openverse_5bd99dee50cd4b11b521ef7beba4eaaa.jpg,electric_meter,,,unlabeled,0,openverse,5bd99dee-50cd-4b11-b521-ef7beba4eaaa,"Calixtlahuaca, Temple of Ehecatl - Quetzalcoatl",https://www.flickr.com/photos/67769030@N07/20499853349,https://live.staticflickr.com/741/20499853349_2cf3c9d24e_b.jpg,by,2.0,https://creativecommons.org/licenses/by/2.0/,Arian Zwegers,https://www.flickr.com/photos/67769030@N07,67769030@N07,flickr:67769030@N07,05eb473b28eba2f746483d3f6b2466de8219e94e,1024,683,power meter house
images/electric_meter/openverse_5d89f4ae92134c8aacaa35bf622ea795.jpg,electric_meter,,train,labeled,1,openverse,5d89f4ae-9213-4c8a-acaa-35bf622ea795,HECO Smart Meter,https://www.flickr.com/photos/85517748@N02/31136842260,https://live.staticflickr.com/180/31136842260_4e2307f513_b.jpg,by,2.0,https://creativecommons.org/licenses/by/2.0/,Tonyglen14,https://www.flickr.com/photos/85517748@N02,85517748@N02,flickr:85517748@N02,b501a91c2856640b17fb81e1c835923a5b00af0c,1024,768,smart meter
images/electric_meter/openverse_5e5fb86165b0419cb1f1719a6bfb3203.jpg,electric_meter,,val,labeled,1,openverse,5e5fb861-65b0-419c-b1f1-719a6bfb3203,Watthour Meter,https://www.flickr.com/photos/53332339@N00/339162225,https://live.staticflickr.com/124/339162225_3213865829_b.jpg,by,2.0,https://creativecommons.org/licenses/by/2.0/,Beige Alert,https://www.flickr.com/photos/53332339@N00,53332339@N00,flickr:53332339@N00,ebf9f3b91779114880629e0ba1fbb2e87ac2b281,1024,682,watthour meter
images/electric_meter/openverse_607aa5d68588496788600ca0987c5d5e.jpg,electric_meter,,,unlabeled,0,openverse,607aa5d6-8588-4967-8860-0ca0987c5d5e,Staff Sergeant Salvatore A. Giunta - Medal of Honor - Afghanistan - Operation Enduring Freedom - Medal of Honor flag,https://www.flickr.com/photos/58297778@N04/5430172134,https://live.staticflickr.com/5215/5430172134_f03ab2986d_b.jpg,by,2.0,https://creativecommons.org/licenses/by/2.0/,expertinfantry,https://www.flickr.com/photos/58297778@N04,58297778@N04,flickr:58297778@N04,ce82625622cea4c113573668af0e065fbe8052bd,1023,681,utility meter
images/electric_meter/openverse_6231762a0fd742f885d3c79d8a083e3b.jpg,electric_meter,,train,labeled,5,openverse,6231762a-0fd7-42f8-85d3-c79d8a083e3b,Electrical Meters,https://www.flickr.com/photos/27283274@N00/19172576391,https://live.staticflickr.com/286/19172576391_7d069654c5_b.jpg,by,2.0,https://creativecommons.org/licenses/by/2.0/,celesteh,https://www.flickr.com/photos/27283274@N00,27283274@N00,flickr:27283274@N00,097936d883df581654152135793d9bb61ad8d76e,768,1024,electric meter
images/electric_meter/openverse_62dcbfb12b77456c919b7eee4a09d258.jpg,electric_meter,,train,labeled,1,openverse,62dcbfb1-2b77-456c-919b-7eee4a09d258,Outdoor Utility Meter Protected Box,https://www.flickr.com/photos/184885952@N07/52450242452,https://live.staticflickr.com/65535/52450242452_007fd21c6e_b.jpg,by-sa,2.0,https://creativecommons.org/licenses/by-sa/2.0/,artisanalpv,https://www.flickr.com/photos/184885952@N07,184885952@N07,flickr:184885952@N07,68edbc283df4d92ecbd30acbae1714dd0f770ad9,1024,768,utility meter
images/electric_meter/openverse_6454162dad8a4db29da7306f80248f31.jpg,electric_meter,,train,labeled,1,openverse,6454162d-ad8a-4db2-9da7-306f80248f31,20220129-RD-LSC-0130,https://www.flickr.com/photos/41284017@N08/51849656261,https://live.staticflickr.com/65535/51849656261_8338a3e540_b.jpg,pdm,1.0,https://creativecommons.org/publicdomain/mark/1.0/,USDAgov,https://www.flickr.com/photos/41284017@N08,41284017@N08,flickr:41284017@N08,919eceec2943024e9eaac5e8183cf9b6fa25b7bc,1024,655,meter socket
images/electric_meter/openverse_66b079011d4d4635a6e0a25af7c11806.jpg,electric_meter,,train,labeled,1,openverse,66b07901-1d4d-4635-a6e0-a25af7c11806,"'No smart meters' sign on house, Ormond",https://www.flickr.com/photos/122687277@N03/49685696637,https://live.staticflickr.com/65535/49685696637_c5d7bb8b77_b.jpg,by-sa,2.0,https://creativecommons.org/licenses/by-sa/2.0/,philip.mallis,https://www.flickr.com/photos/122687277@N03,122687277@N03,flickr:122687277@N03,2be45727d781c37434cb3af1c05585fe86ab4487,1024,768,smart meter
images/electric_meter/openverse_67f0a31de0ed4041b11ff6401dc70b78.jpg,electric_meter,,train,labeled,5,openverse,67f0a31d-e0ed-4041-b11f-f6401dc70b78,20220129-RD-LSC-0150,https://www.flickr.com/photos/41284017@N08/51849981584,https://live.staticflickr.com/65535/51849981584_d7dc105f5e_b.jpg,pdm,1.0,https://creativecommons.org/publicdomain/mark/1.0/,USDAgov,https://www.flickr.com/photos/41284017@N08,41284017@N08,flickr:41284017@N08,0eb77f2fdb145d2e1166b1f11de4433f00f1f389,1024,683,meter socket
images/electric_meter/openverse_6aa5793f07e44275828368957ae570ba.jpg,electric_meter,,train,labeled,2,openverse,6aa5793f-07e4-4275-8283-68957ae570ba,Electricity Meters,https://www.flickr.com/photos/89165847@N00/14093876163,https://live.staticflickr.com/7182/14093876163_4bc7e1c175_b.jpg,by-sa,2.0,https://creativecommons.org/licenses/by-sa/2.0/,mikecogh,https://www.flickr.com/photos/89165847@N00,89165847@N00,flickr:89165847@N00,59a2d04a06782497eb935669d2290fcf568e9b1a,1024,768,electric meter
images/electric_meter/openverse_7258758cf95c4c2891474704ba333992.jpg,electric_meter,,,unlabeled,0,openverse,7258758c-f95c-4c28-9147-4704ba333992,Mural Covers Utility Meters,https://www.flickr.com/photos/53301297@N00/9628036391,https://live.staticflickr.com/7431/9628036391_017ac13bc3_b.jpg,by,2.0,https://creativecommons.org/licenses/by/2.0/,pasa47,https://www.flickr.com/photos/53301297@N00,53301297@N00,flickr:53301297@N00,e2cd649f321421c75c8cbd1083a39af9c60702a3,1024,768,utility meter
images/electric_meter/openverse_73c72e3cf19140d08cc96f37d2c0724f.jpg,electric_meter,,train,labeled,2,openverse,73c72e3c-f191-40d0-8cc9-6f37d2c0724f,electricity meters,https://www.flickr.com/photos/18259771@N00/2062694148,https://live.staticflickr.com/2005/2062694148_b806539bf0_b.jpg,by,2.0,https://creativecommons.org/licenses/by/2.0/,Paul Keller,https://www.flickr.com/photos/18259771@N00,18259771@N00,flickr:18259771@N00,96a7edeb8a3be21268a20559bf03d36eda0d4deb,1023,685,electric meter
images/electric_meter/openverse_75108d61daba47579120d08c93c06e70.jpg,electric_meter,,,unlabeled,0,openverse,75108d61-daba-4757-9120-d08c93c06e70,Rows of electric meters in walls in front of apartment building across the street,https://www.flickr.com/photos/24431382@N03/33468303261,https://live.staticflickr.com/2916/33468303261_56827d46c0_b.jpg,by,2.0,https://creativecommons.org/licenses/by/2.0/,Eric Fischer,https://www.flickr.com/photos/24431382@N03,24431382@N03,flickr:24431382@N03,e130b619648b02de3291d21d8003705e4b610ec7,1024,768,electric meter
images/electric_meter/openverse_76a4e417da284d71be5c71e958db4c83.jpg,electric_meter,,train,labeled,9,openverse,76a4e417-da28-4d71-be5c-71e958db4c83,Electricity meters in Sighisoara,https://www.flickr.com/photos/104985387@N08/15146273147,https://live.staticflickr.com/3910/15146273147_ac64d75d89_b.jpg,by,2.0,https://creativecommons.org/licenses/by/2.0/,Una_Clara,https://www.flickr.com/photos/104985387@N08,104985387@N08,flickr:104985387@N08,97a46299a8df9922f4f9d4c731ebdfcfce963f79,1024,683,electric meter
images/electric_meter/openverse_77228db9efd84bfa84115f3550a41f30.jpg,electric_meter,,,unlabeled,0,openverse,77228db9-efd8-4bfa-8411-5f3550a41f30,_DSC4190,https://www.flickr.com/photos/30836207@N04/10523933155,https://live.staticflickr.com/2862/10523933155_407c190a9f_b.jpg,by-sa,2.0,https://creativecommons.org/licenses/by-sa/2.0/,Report Verlag,https://www.flickr.com/photos/30836207@N04,30836207@N04,flickr:30836207@N04,1aeb7a48de445c056973054d3a8b7c67e86f4052,681,1023,smart meter
images/electric_meter/openverse_77a1029fd3c84cc58f3c22d76e53ddd3.jpg,electric_meter,,train,labeled,1,openverse,77a1029f-d3c8-4cc5-8f3c-22d76e53ddd3,Electricity meters,https://www.flickr.com/photos/21829715@N08/5130475491,https://live.staticflickr.com/4064/5130475491_924c805bcb_b.jpg,by-sa,2.0,https://creativecommons.org/licenses/by-sa/2.0/,Drew Stefani,https://www.flickr.com/photos/21829715@N08,21829715@N08,flickr:21829715@N08,a7860f544a2f6e046738adb1a2bdd3dc96c290a7,1024,768,electric meter
images/electric_meter/openverse_79c43361cfa441ea99c3ddb1455cd1f2.jpg,electric_meter,,train,labeled,1,openverse,79c43361-cfa4-41ea-99c3-ddb1455cd1f2,(not) smart-meter,https://www.flickr.com/photos/40923255@N00/6547764641,https://live.staticflickr.com/7150/6547764641_97646775e4_b.jpg,by,2.0,https://creativecommons.org/licenses/by/2.0/,triviaqueen,https://www.flickr.com/photos/40923255@N00,40923255@N00,flickr:40923255@N00,2ab2c57bf25d697185d278048833ff2d586e78bf,1018,1024,smart meter
images/electric_meter/openverse_7ab86a5e5e054258bda6aec231ba6785.jpg,electric_meter,,train,labeled,1,openverse,7ab86a5e-5e05-4258-bda6-aec231ba6785,20220129-RD-LSC-0106,https://www.flickr.com/photos/41284017@N08/51850332055,https://live.staticflickr.com/65535/51850332055_82a1688799_b.jpg,pdm,1.0,https://creativecommons.org/publicdomain/mark/1.0/,USDAgov,https://www.flickr.com/photos/41284017@N08,41284017@N08,flickr:41284017@N08,a914710d95be49b1e71e9cd1ccc6cd67ae5f9c68,1024,683,meter socket
images/electric_meter/openverse_7bddf43b7c654dceb1f7aedd97504115.jpg,electric_meter,,train,labeled,1,openverse,7bddf43b-7c65-4dce-b1f7-aedd97504115,Meter,https://www.flickr.com/photos/11018968@N00/3593057922,https://live.staticflickr.com/3658/3593057922_8c5b495dcb_b.jpg,by,2.0,https://creativecommons.org/licenses/by/2.0/,Editor B,https://www.flickr.com/photos/11018968@N00,11018968@N00,flickr:11018968@N00,cdd8622da3c8972ad19f3c04b00d84e1b1ba8739,1024,1024,electricity meter house
images/electric_meter/openverse_7c05f373090a4717b850d5f46273d1b5.jpg,electric_meter,,val,labeled,2,openverse,7c05f373-090a-4717-b850-d5f46273d1b5,VCN Electrical meter pedestals,https://www.flickr.com/photos/20214151@N00/52299292,https://live.staticflickr.com/31/52299292_86dd30af0b_b.jpg,by,2.0,https://creativecommons.org/licenses/by/2.0/,Young in Panama,https://www.flickr.com/photos/20214151@N00,20214151@N00,flickr:20214151@N00,b195e2145510bd1af05a3be2024c2d21f8f7a66d,1024,768,electric meter
images/electric_meter/openverse_7e075eb9747748aa9e11190ae65e4f57.jpg,electric_meter,,,unlabeled,0,openverse,7e075eb9-7477-48aa-9e11-190ae65e4f57,Trinity House Flag and Light. Portland Bill. Dorset.,https://www.flickr.com/photos/15181848@N02/4792482681,https://live.staticflickr.com/4114/4792482681_1ce59a1628_b.jpg,by-sa,2.0,https://creativecommons.org/licenses/by-sa/2.0/,amandabhslater,https://www.flickr.com/photos/15181848@N02,15181848@N02,flickr:15181848@N02,876d3718b46d21ddc33008dad6a68caa74d943f7,1024,768,electricity meter house
images/electric_meter/openverse_7f23a4601cc04b74b4a73925e434b22a.jpg,electric_meter,,train,labeled,1,openverse,7f23a460-1cc0-4b74-b4a7-3925e434b22a,"Verbrauchsmessung: Mac wird geladen, alles andere in Standby: 100 Watt",https://www.flickr.com/photos/87569910@N00/3272655080,https://live.staticflickr.com/3534/3272655080_317048b0f7_b.jpg,by-sa,2.0,https://creativecommons.org/licenses/by-sa/2.0/,schoschie,https://www.flickr.com/photos/87569910@N00,87569910@N00,flickr:87569910@N00,7ae2ea9340e8201fc4c87dfc8cde564f66e1d0ff,1024,768,kwh meter
images/electric_meter/openverse_805d2190454d41d99b8560f58912f89b.jpg,electric_meter,,,unlabeled,0,openverse,805d2190-454d-41d9-9b85-60f58912f89b,Belgium-6453 - Brussels City Hall,https://www.flickr.com/photos/22490717@N02/14098246156,https://live.staticflickr.com/7373/14098246156_b55d7ced16_b.jpg,by-sa,2.0,https://creativecommons.org/licenses/by-sa/2.0/,archer10 (Dennis),https://www.flickr.com/photos/22490717@N02,22490717@N02,flickr:22490717@N02,4a66ebcf07977d25d8d1771179f7ebc41448b7c9,589,1024,power meter house
images/electric_meter/openverse_823ceedf3c014290abaa0dcd62a22ca4.jpg,electric_meter,,,unlabeled,0,openverse,823ceedf-3c01-4290-abaa-0dcd62a22ca4,DSC09013 - Coal Furnace,https://www.flickr.com/photos/22490717@N02/37049491022,https://live.staticflickr.com/4396/37049491022_b220d02535_b.jpg,by-sa,2.0,https://creativecommons.org/licenses/by-sa/2.0/,archer10 (Dennis),https://www.flickr.com/photos/22490717@N02,22490717@N02,flickr:22490717@N02,d7ff65b752ee52b5472e932eeca338aa315bf914,1024,683,utility meter
images/electric_meter/openverse_8281c4988218442698c52aae32f9e96e.jpg,electric_meter,,train,labeled,1,openverse,8281c498-8218-4426-98c5-2aae32f9e96e,Columbia Customers Avoiding New Utility Fee,https://www.flickr.com/photos/12801018@N00/10047076125,https://live.staticflickr.com/7396/10047076125_1cebef57f0_b.jpg,by,2.0,https://creativecommons.org/licenses/by/2.0/,KOMUnews,https://www.flickr.com/photos/12801018@N00,12801018@N00,flickr:12801018@N00,738feb831ac02e3fb0dda702088baadb5ec5bb3b,1024,683,utility meter
images/electric_meter/openverse_8319d33aee734b90b2a47db55bbd36e1.jpg,electric_meter,,,unlabeled,0,openverse,8319d33a-ee73-4b90-b2a4-7db55bbd36e1,_DSC4062,https://www.flickr.com/photos/30836207@N04/10524417315,https://live.staticflickr.com/2845/10524417315_e86efc60ee_b.jpg,by-sa,2.0,https://creativecommons.org/licenses/by-sa/2.0/,Report Verlag,https://www.flickr.com/photos/30836207@N04,30836207@N04,flickr:30836207@N04,c7194e6beb1422bcfb50f803ccc6943e65444866,1023,681,smart meter
images/electric_meter/openverse_8492ffce0a3a4c60abccd490bc5ed398.jpg,electric_meter,,train,labeled,1,openverse,8492ffce-0a3a-4c60-abcc-d490bc5ed398,Old Utility,https://www.flickr.com/photos/126219266@N06/14753197279,https://live.staticflickr.com/3844/14753197279_90f8f876f4_b.jpg,by-sa,2.0,https://creativecommons.org/licenses/by-sa/2.0/,gliak00,https://www.flickr.com/photos/126219266@N06,126219266@N06,flickr:126219266@N06,ad9425aada3523deddc818372b161bd3bc548ee5,1024,768,electricity meter house
images/electric_meter/openverse_84c0602bd28d4c2daf53f9e8e0e0b3d7.jpg,electric_meter,,,unlabeled,0,openverse,84c0602b-d28d-4c2d-af53-f9e8e0e0b3d7,"LG Smart Meter - CES 2011 - Consumer Electronics Show - Las Vegas, NV",https://www.flickr.com/photos/25897810@N00/5343785495,https://live.staticflickr.com/5090/5343785495_4360b8e76d_b.jpg,by,2.0,https://creativecommons.org/licenses/by/2.0/,David Berkowitz,https://www.flickr.com/photos/25897810@N00,25897810@N00,flickr:25897810@N00,a96718f83cdd04b9523078e3724f782282fcf8ff,1024,768,smart meter
images/electric_meter/openverse_85b8e004439a4e47875655e1fed3c8db.jpg,electric_meter,,train,labeled,1,openverse,85b8e004-439a-4e47-8756-55e1fed3c8db,Electric Meter,https://www.flickr.com/photos/88442983@N00/2322219796,https://live.staticflickr.com/2269/2322219796_05e433cce5_b.jpg,by,2.0,https://creativecommons.org/licenses/by/2.0/,taberandrew,https://www.flickr.com/photos/88442983@N00,88442983@N00,flickr:88442983@N00,5578b6284554b74e3c0bac4adc57fd00feaa3120,1024,681,electric meter
images/electric_meter/openverse_87ac7b94727c4b52adfbf7a471eb5827.jpg,electric_meter,,,unlabeled,0,openverse,87ac7b94-727c-4b52-adfb-f7a471eb5827,NB-00966 - Foghorn Building,https://www.flickr.com/photos/22490717@N02/51445301316,https://live.staticflickr.com/65535/51445301316_f55ff5786f_b.jpg,by-sa,2.0,https://creativecommons.org/licenses/by-sa/2.0/,archer10 (Dennis),https://www.flickr.com/photos/22490717@N02,22490717@N02,flickr:22490717@N02,d17d5807502779f7c07df30a2e1fecf591716cad,1023,697,power meter house
images/electric_meter/openverse_88d6999cab54444ab03a4cd62ac7f49a.jpg,electric_meter,,train,labeled,2,openverse,88d6999c-ab54-444a-b03a-4cd62ac7f49a,"Meter Reading, Hanoi, Vietnam",https://www.flickr.com/photos/94735786@N00/6971521764,https://live.staticflickr.com/7267/6971521764_cf140b4f8c_b.jpg,by,2.0,https://creativecommons.org/licenses/by/2.0/,David McKelvey,https://www.flickr.com/photos/94735786@N00,94735786@N00,flickr:94735786@N00,c31d341193f8f09da661667a96bdfffcbdd13cc8,1023,577,electricity meter house
images/electric_meter/openverse_8c7779858f454b00b5d7ce8cde9dd372.jpg,electric_meter,,val,labeled,1,openverse,8c777985-8f45-4b00-b5d7-ce8cde9dd372,"Immigration and Naturalization Services building, Seattle",https://www.flickr.com/photos/27119837@N06/7123265543,https://live.staticflickr.com/7108/7123265543_f885f9a65c_b.jpg,by,2.0,https://creativecommons.org/licenses/by/2.0/,Cargo Cult,https://www.flickr.com/photos/27119837@N06,27119837@N06,flickr:27119837@N06,6a45a4020c225791c83205283117d9fbc9a285f7,683,1024,electricity meter house
images/electric_meter/openverse_8e3fe9f491314bceaaa13605203e20cb.jpg,electric_meter,,val,labeled,1,openverse,8e3fe9f4-9131-4bce-aaa1-3605203e20cb,new digital electric meter,https://www.flickr.com/photos/23206546@N04/8013362749,https://live.staticflickr.com/8300/8013362749_a2576e462c_b.jpg,by,2.0,https://creativecommons.org/licenses/by/2.0/,Rusty Clark ~ 100K Photos,https://www.flickr.com/photos/23206546@N04,23206546@N04,flickr:23206546@N04,1883a1f54bc3353d9fa456d0193048116535e745,768,1024,electric meter
images/electric_meter/openverse_8f42312514264f439300591dd2da5cb5.jpg,electric_meter,,train,labeled,2,openverse,8f423125-1426-4f43-9300-591dd2da5cb5,five hydro meters,https://www.flickr.com/photos/82072056@N00/2810148884,https://live.staticflickr.com/3266/2810148884_b117151656_b.jpg,by,2.0,https://creativecommons.org/licenses/by/2.0/,PinkMoose,https://www.flickr.com/photos/82072056@N00,82072056@N00,flickr:82072056@N00,cab83a55142d9cbca90314136b9628ee033509d3,851,1024,electricity meter house
images/electric_meter/openverse_8f8ba23971404cafb0cbf10f0c20600f.jpg,electric_meter,,val,labeled,1,openverse,8f8ba239-7140-4caf-b0cb-f10f0c20600f,Electric Meters,https://www.flickr.com/photos/53332339@N00/578435576,https://live.staticflickr.com/1231/578435576_5ea4bfa04c_b.jpg,by,2.0,https://creativecommons.org/licenses/by/2.0/,Beige Alert,https://www.flickr.com/photos/53332339@N00,53332339@N00,flickr:53332339@N00,4a92bcb480629aa16f2f4a9e2f81038e03257c74,490,1023,electric meter
images/electric_meter/openverse_8f94661fa57944ea9422bec7c0a1904e.jpg,electric_meter,,val,labeled,1,openverse,8f94661f-a579-44ea-9422-bec7c0a1904e,before!,https://www.flickr.com/photos/41808955@N00/2303440018,https://live.staticflickr.com/3208/2303440018_bba733826a_b.jpg,by,2.0,https://creativecommons.org/licenses/by/2.0/,bkusler,https://www.flickr.com/photos/41808955@N00,41808955@N00,flickr:41808955@N00,111b13c98262e566202166faaa363aecc2d770ec,1024,768,electricity meter house
images/electric_meter/openverse_8fb9f72edb894df0b1188b124dc809e4.jpg,electric_meter,,train,labeled,1,openverse,8fb9f72e-db89-4df0-b118-8b124dc809e4,PayPoint,https://www.flickr.com/photos/31917220@N07/3030508152,https://live.staticflickr.com/3033/3030508152_6416c16893_b.jpg,by,2.0,https://creativecommons.org/licenses/by/2.0/,lydia_shiningbrightly,https://www.flickr.com/photos/31917220@N07,31917220@N07,flickr:31917220@N07,1b77f389fee007951736a31883b65007248a3dfb,768,1024,electricity meter house
images/electric_meter/openverse_8ff5911478c940838dc2d36bda22fc23.jpg,electric_meter,,,unlabeled,0,openverse,8ff59114-78c9-4083-8dc2-d36bda22fc23,Webb Mirrors Get Canned Check-In,https://www.flickr.com/photos/50785054@N03/8006286710,https://live.staticflickr.com/8178/8006286710_f615afd80d_b.jpg,by,2.0,https://creativecommons.org/licenses/by/2.0/,James Webb Space Telescope,https://www.flickr.com/photos/50785054@N03,50785054@N03,flickr:50785054@N03,2c79bea3fc21ada21b6d87d69fc8de784f3d3895,1023,681,power meter house
images/electric_meter/openverse_915fe802941a48bda2663740d8698c22.jpg,electric_meter,,,unlabeled,0,openverse,915fe802-941a-48bd-a266-3740d8698c22,Portland Bill. Dorset.,https://www.flickr.com/photos/15181848@N02/4793114748,https://live.staticflickr.com/4075/4793114748_1cdd276082_b.jpg,by-sa,2.0,https://creativecommons.org/licenses/by-sa/2.0/,amandabhslater,https://www.flickr.com/photos/15181848@N02,15181848@N02,flickr:15181848@N02,eeb657b2c1ff0fa9c3c7ad60b48798beb50467a5,1024,768,electricity meter house
images/electric_meter/openverse_930fae61859242c7bd6ebe678f04cc09.jpg,electric_meter,,,unlabeled,0,openverse,930fae61-8592-42c7-bd6e-be678f04cc09,Free Electric Hour - 8.98KW - Octopus Home Mini beside Smart Meter,https://www.flickr.com/photos/54549113@N00/53967815471,https://live.staticflickr.com/65535/53967815471_bb33910582_b.jpg,by-sa,2.0,https://creativecommons.org/licenses/by-sa/2.0/,Haydn Blackey,https://www.flickr.com/photos/54549113@N00,54549113@N00,flickr:54549113@N00,0028f9fb23e0a9958266d8280a381ac27c287cff,1024,888,smart meter
images/electric_meter/openverse_93177c9ada2643d49c3d66ddd8a1692b.jpg,electric_meter,,train,labeled,1,openverse,93177c9a-da26-43d4-9c3d-66ddd8a1692b,electric meter-Shikhar (2),https://www.flickr.com/photos/53771866@N05/5372991752,https://live.staticflickr.com/5168/5372991752_09d7550448_b.jpg,by-sa,2.0,https://creativecommons.org/licenses/by-sa/2.0/,nist6ss,https://www.flickr.com/photos/53771866@N05,53771866@N05,flickr:53771866@N05,28ee195e48b3adbdc572059b581892747f041b8c,768,1024,electric meter
images/electric_meter/openverse_9398c771652c43e687993d941778d57e.jpg,electric_meter,,train,labeled,1,openverse,9398c771-652c-43e6-8799-3d941778d57e,single phase ceb energy meter from 1979,https://www.flickr.com/photos/96739039@N00/2239846724,https://live.staticflickr.com/2003/2239846724_58122b150b_b.jpg,by,2.0,https://creativecommons.org/licenses/by/2.0/,shehal,https://www.flickr.com/photos/96739039@N00,96739039@N00,flickr:96739039@N00,df9a1607c0cf370af5ad91d9cd79807fc11ba536,681,1024,kwh meter
images/electric_meter/openverse_95f0004ed80e4cd59df19cdcbf1c6eff.jpg,electric_meter,,val,labeled,1,openverse,95f0004e-d80e-4cd5-9df1-9cdcbf1c6eff,DSC01169 - Toll Collector's House,https://www.flickr.com/photos/22490717@N02/29629878407,https://live.staticflickr.com/1841/29629878407_abf71ebac5_b.jpg,by-sa,2.0,https://creativecommons.org/licenses/by-sa/2.0/,archer10 (Dennis),https://www.flickr.com/photos/22490717@N02,22490717@N02,flickr:22490717@N02,23b05f747bb6a3b3cb5cf93b3afa10f0250ea7c8,1024,683,power meter house
images/electric_meter/openverse_971a1d133e9d4d92aa5f6b086b28e4d9.jpg,electric_meter,,,unlabeled,0,openverse,971a1d13-3e9d-4d92-aa5f-6b086b28e4d9,Smart Meter Kimberley Kamper,https://www.flickr.com/photos/68132273@N00/16141023482,https://live.staticflickr.com/7505/16141023482_a695977933_b.jpg,by,2.0,https://creativecommons.org/licenses/by/2.0/,sridgway,https://www.flickr.com/photos/68132273@N00,68132273@N00,flickr:68132273@N00,5398ebabbc44ea5bcdef959b81809e56fde1f97b,768,1024,smart meter
images/electric_meter/openverse_97ff100dfdac4daabd216d3c004a6c97.jpg,electric_meter,,,unlabeled,0,openverse,97ff100d-fdac-4daa-bd21-6d3c004a6c97,May Day - Smart Meter Ripoff,https://www.flickr.com/photos/83633366@N00/7001486776,https://live.staticflickr.com/8168/7001486776_ac7b12c3ae_b.jpg,by-sa,2.0,https://creativecommons.org/licenses/by-sa/2.0/,jfantenb,https://www.flickr.com/photos/83633366@N00,83633366@N00,flickr:83633366@N00,cc29fc3c41ebf7ac8a49fecacf4fb1ee929870a2,683,1024,smart meter
images/electric_meter/openverse_993d3e6caa474793989f0455ffcaae30.jpg,electric_meter,,,unlabeled,0,openverse,993d3e6c-aa47-4793-989f-0455ffcaae30,_DSC4202,https://www.flickr.com/photos/30836207@N04/10524100373,https://live.staticflickr.com/7387/10524100373_98a15befd4_b.jpg,by-sa,2.0,https://creativecommons.org/licenses/by-sa/2.0/,Report Verlag,https://www.flickr.com/photos/30836207@N04,30836207@N04,flickr:30836207@N04,fb1557f69c85e1662aebcdc4d7e01e57616510af,1023,681,smart meter
images/electric_meter/openverse_99f4135ea0694d1abe7daf460f54b31a.jpg,electric_meter,,,unlabeled,0,openverse,99f4135e-a069-4d1a-be7d-af460f54b31a,Kampong Ayer,https://www.flickr.com/photos/8721758@N06/18403648148,https://live.staticflickr.com/8840/18403648148_f559ac754a_b.jpg,by,2.0,https://creativecommons.org/licenses/by/2.0/,Jorge Lascar,https://www.flickr.com/photos/8721758@N06,8721758@N06,flickr:8721758@N06,fcd14a413340c3c133f8107669ee0076c80dd312,1024,683,electricity meter house
images/electric_meter/openverse_9a87f94e883c4eff939d6b812a828716.jpg,electric_meter,,,unlabeled,0,openverse,9a87f94e-883c-4eff-939d-6b812a828716,Light. Portland Bill. Dorset.,https://www.flickr.com/photos/15181848@N02/4793115592,https://live.staticflickr.com/4100/4793115592_9a759e22d6_b.jpg,by-sa,2.0,https://creativecommons.org/licenses/by-sa/2.0/,amandabhslater,https://www.flickr.com/photos/15181848@N02,15181848@N02,flickr:15181848@N02,07cee4f8f798be233031278a00614598a82dbba8,1024,768,electricity meter house
images/electric_meter/openverse_9ab529e1c7c5456b92be4dd813be032b.jpg,electric_meter,,,unlabeled,0,openverse,9ab529e1-c7c5-456b-92be-4dd813be032b,Tochal Hotel,https://www.flickr.com/photos/44124425616@N01/3685240796,https://live.staticflickr.com/3624/3685240796_c089308a9a_b.jpg,by,2.0,https://creativecommons.org/licenses/by/2.0/,Hamed Saber,https://www.flickr.com/photos/44124425616@N01,44124425616@N01,flickr:44124425616@N01,d4dbd8fd48b3950bde593aa95648cb119eb9877d,1024,683,electricity meter house
images/electric_meter/openverse_9e075955fe0947dc9e0fe33a2107b8ac.jpg,electric_meter,,train,labeled,1,openverse,9e075955-fe09-47dc-9e0f-e33a2107b8ac,IMG_0034,https://www.flickr.com/photos/97857475@N00/2305272011,https://live.staticflickr.com/3207/2305272011_c7aea5e777_b.jpg,by-sa,2.0,https://creativecommons.org/licenses/by-sa/2.0/,Miss Efficiency,https://www.flickr.com/photos/97857475@N00,97857475@N00,flickr:97857475@N00,8b74fe0e10cffba1165dc7a5ef25c0f5528bc1d4,1024,768,smart meter
images/electric_meter/openverse_9f2d7f3c762c4c148c758faa34a2f178.jpg,electric_meter,,,unlabeled,0,openverse,9f2d7f3c-762c-4c14-8c75-8faa34a2f178,Lower Old Lighthouse. Portland Bill. Dorset.,https://www.flickr.com/photos/15181848@N02/4793118080,https://live.staticflickr.com/4074/4793118080_0010c4a8b5_b.jpg,by-sa,2.0,https://creativecommons.org/licenses/by-sa/2.0/,amandabhslater,https://www.flickr.com/photos/15181848@N02,15181848@N02,flickr:15181848@N02,ceb161c33425c35eed5364f0a9e4eb1d50f4e83f,1024,768,electricity meter house
images/electric_meter/openverse_9fddd3595d4e4987abfb99af332e5d3f.jpg,electric_meter,,,unlabeled,0,openverse,9fddd359-5d4e-4987-abfb-99af332e5d3f,RED setter,https://www.flickr.com/photos/48770310@N05/51599522889,https://live.staticflickr.com/65535/51599522889_935bc4219d_b.jpg,by,2.0,https://creativecommons.org/licenses/by/2.0/,Cityswift - Ireland,https://www.flickr.com/photos/48770310@N05,48770310@N05,flickr:48770310@N05,7daac6a58007824487135d40657e55b7ec110da7,1024,683,meter socket
images/electric_meter/openverse_a0353022c493422b8571edeacbfe98ee.jpg,electric_meter,,val,labeled,1,openverse,a0353022-c493-422b-8571-edeacbfe98ee,13 8/9 kilowatthours,https://www.flickr.com/photos/51176304@N00/34934507,https://live.staticflickr.com/23/34934507_4b95cbd7db_b.jpg,by,2.0,https://creativecommons.org/licenses/by/2.0/,delgaudm,https://www.flickr.com/photos/51176304@N00,51176304@N00,flickr:51176304@N00,f664d059ba5504a2541aa04ad05d6e1a3788d05a,1024,681,watthour meter
images/electric_meter/openverse_a0740a1b3fd34935b7340093f0406194.jpg,electric_meter,,,unlabeled,0,openverse,a0740a1b-3fd3-4935-b734-0093f0406194,Utilities Meters,https://stocksnap.io/photo/utilities-meters-77695777DD,https://cdn.stocksnap.io/img-thumbs/960w/77695777DD.jpg,cc0,1.0,https://creativecommons.org/publicdomain/zero/1.0/,Leeroy,https://www.lifeofpix.com,www.lifeofpix.com,stocksnap:www.lifeofpix.com,6f42e290e53ea6762b767725db1fc75e3df5394e,960,640,utility meter
images/electric_meter/openverse_a07f0c5202974ac8860827305911b425.jpg,electric_meter,,,unlabeled,0,openverse,a07f0c52-0297-4ac8-8608-27305911b425,Chile-03483 - Ahu Ko Te Riku,https://www.flickr.com/photos/22490717@N02/49072571698,https://live.staticflickr.com/65535/49072571698_75018373d6_b.jpg,by-sa,2.0,https://creativecommons.org/licenses/by-sa/2.0/,archer10 (Dennis),https://www.flickr.com/photos/22490717@N02,22490717@N02,flickr:22490717@N02,d4b6983817b59e10769dd829e970f4bd4696d5d9,695,1024,meter socket
images/electric_meter/openverse_a0f96452591647049d783c377d23d28a.jpg,electric_meter,,train,labeled,1,openverse,a0f96452-5916-4704-9d78-3c377d23d28a,Electric Meter,https://www.flickr.com/photos/10710442@N08/5046268196,https://live.staticflickr.com/4103/5046268196_117c70dcb0_b.jpg,by,2.0,https://creativecommons.org/licenses/by/2.0/,Steve Snodgrass,https://www.flickr.com/photos/10710442@N08,10710442@N08,flickr:10710442@N08,dcb7932711cd2991963741031665c3c528a8e6b7,1024,681,electric meter
images/electric_meter/openverse_a14859498035496fbc790c2e59d018fe.jpg,electric_meter,,,unlabeled,0,openverse,a1485949-8035-496f-bc79-0c2e59d018fe,Kampong Ayer,https://www.flickr.com/photos/8721758@N06/18405220659,https://live.staticflickr.com/8853/18405220659_8e115acd77_b.jpg,by,2.0,https://creativecommons.org/licenses/by/2.0/,Jorge Lascar,https://www.flickr.com/photos/8721758@N06,8721758@N06,flickr:8721758@N06,4c583515dd205aa9d461fd9b5352f248274a9219,1024,683,electricity meter house
images/electric_meter/openverse_a3128a347e7540e58da4a91b78d64667.jpg,electric_meter,,,unlabeled,0,openverse,a3128a34-7e75-40e5-8da4-a91b78d64667,"Cleaning Webb Primary, Secondary Mirror Canisters",https://www.flickr.com/photos/50785054@N03/8164225579,https://live.staticflickr.com/7117/8164225579_99aa3f5003_b.jpg,by,2.0,https://creativecommons.org/licenses/by/2.0/,James Webb Space Telescope,https://www.flickr.com/photos/50785054@N03,50785054@N03,flickr:50785054@N03,6252efb0494a6f1b1c5be8dbdaa850934aa8816b,1024,659,power meter house
images/electric_meter/openverse_a5b4213b91db4a1387fedf803508b781.jpg,electric_meter,,train,labeled,1,openverse,a5b4213b-91db-4a13-87fe-df803508b781,GE Watthour Meter,https://www.flickr.com/photos/60436871@N03/8149730405,https://live.staticflickr.com/8193/8149730405_2ebcd5aa8b_b.jpg,by,2.0,https://creativecommons.org/licenses/by/2.0/,DannonL,https://www.flickr.com/photos/60436871@N03,60436871@N03,flickr:60436871@N03,f8500a79a30a67518edbdf4055d7798637a33542,1024,768,watthour meter
images/electric_meter/openverse_a6291bf44eaf425ab9a90c5fbd1cfd67.jpg,electric_meter,,,unlabeled,0,openverse,a6291bf4-4eaf-425a-b9a9-0c5fbd1cfd67,"'Green' NTT Docomo Yoyogi Building NTTドコモ代々木ビル in Shibuya, Tokyo, Japan.",https://www.flickr.com/photos/42102924@N02/23927050238,https://live.staticflickr.com/4463/23927050238_9a15d615c6_b.jpg,by,2.0,https://creativecommons.org/licenses/by/2.0/,Arjan Richter,https://www.flickr.com/photos/42102924@N02,42102924@N02,flickr:42102924@N02,eb30d71ade69c0e733c6df52ee1ac84ad8eda04a,576,1024,power meter house
images/electric_meter/openverse_a69a812821b444869ca2c5b8f902f4c9.jpg,electric_meter,,,unlabeled,0,openverse,a69a8128-21b4-4486-9ca2-c5b8f902f4c9,Chile-03476 - Ahu Ko Te Riku,https://www.flickr.com/photos/22490717@N02/49072575303,https://live.staticflickr.com/65535/49072575303_328d737eb1_b.jpg,by-sa,2.0,https://creativecommons.org/licenses/by-sa/2.0/,archer10 (Dennis),https://www.flickr.com/photos/22490717@N02,22490717@N02,flickr:22490717@N02,92d96ce28a9f867ca939daf2368e24d02076b007,695,1024,meter socket
images/electric_meter/openverse_a76e14749fc94d6799e310e3ee997f0b.jpg,electric_meter,,train,labeled,1,openverse,a76e1474-9fc9-4d67-99e3-10e3ee997f0b,Electric service upgrade,https://www.flickr.com/photos/26670433@N07/27114817534,https://live.staticflickr.com/7375/27114817534_ba8cec5a5f_b.jpg,by,2.0,https://creativecommons.org/licenses/by/2.0/,davef3138,https://www.flickr.com/photos/26670433@N07,26670433@N07,flickr:26670433@N07,f8d1056df136af393a855e535c808653eb11c102,768,1024,meter socket
images/electric_meter/openverse_a833a93176cc4fc2939837391084cae2.jpg,electric_meter,,train,labeled,1,openverse,a833a931-76cc-4fc2-9398-37391084cae2,single phase ceb energy meter from 1979,https://www.flickr.com/photos/96739039@N00/2239841246,https://live.staticflickr.com/2040/2239841246_49950d3cab_b.jpg,by,2.0,https://creativecommons.org/licenses/by/2.0/,shehal,https://www.flickr.com/photos/96739039@N00,96739039@N00,flickr:96739039@N00,efbfcbedb599821e4dd43fc4507aa4764c631024,682,1024,kwh meter
images/electric_meter/openverse_a88483264a094672aa7177e3d45a313f.jpg,electric_meter,,,unlabeled,0,openverse,a8848326-4a09-4672-aa71-77e3d45a313f,Medeo - The Highest Skating Rink in the World,https://www.flickr.com/photos/44148409@N04/15120520775,https://live.staticflickr.com/3914/15120520775_08d155b8e0_b.jpg,by,2.0,https://creativecommons.org/licenses/by/2.0/,torekhan,https://www.flickr.com/photos/44148409@N04,44148409@N04,flickr:44148409@N04,5e3bf2b6088db25349ac9a8e1bb7126915231b86,1024,768,utility meter
images/electric_meter/openverse_a98f76e5c0284dbba2d3a1c2f82a0bdb.jpg,electric_meter,,train,labeled,9,openverse,a98f76e5-c028-4dbb-a2d3-a1c2f82a0bdb,Electricity Meters on Pole,https://www.flickr.com/photos/89165847@N00/18270823031,https://live.staticflickr.com/8842/18270823031_2368ff6b62_b.jpg,by-sa,2.0,https://creativecommons.org/licenses/by-sa/2.0/,mikecogh,https://www.flickr.com/photos/89165847@N00,89165847@N00,flickr:89165847@N00,a36412f4c972805b7b9c9c3cd02b5be8e8be281f,757,1024,electric meter
images/electric_meter/openverse_aa6379eb6cc5433da38c288fc2f0af2e.jpg,electric_meter,,,unlabeled,0,openverse,aa6379eb-6cc5-433d-a38c-288fc2f0af2e,Zeiss Ikon Tenax Automatic 1960,https://www.flickr.com/photos/95012874@N00/40475145432,https://live.staticflickr.com/4622/40475145432_5f7a777c20_b.jpg,by,2.0,https://creativecommons.org/licenses/by/2.0/,Martin Pettitt,https://www.flickr.com/photos/95012874@N00,95012874@N00,flickr:95012874@N00,f8d3324e448cb85d0d6567c2dde4433137d68720,1024,685,meter socket
images/electric_meter/openverse_aba0948a22714bb0bd8b4ae4c2eadedc.jpg,electric_meter,,,unlabeled,0,openverse,aba0948a-2271-4bb0-bd8b-4ae4c2eadedc,DSC01170 - First Carillon Canal Lock,https://www.flickr.com/photos/22490717@N02/44568009421,https://live.staticflickr.com/1841/44568009421_9f4f373838_b.jpg,by-sa,2.0,https://creativecommons.org/licenses/by-sa/2.0/,archer10 (Dennis),https://www.flickr.com/photos/22490717@N02,22490717@N02,flickr:22490717@N02,671589a9e26b33d0c5515d48a5e790a06d585929,1024,683,power meter house
images/electric_meter/openverse_ad1ed5702fe54a1486f24da65ce9772c.jpg,electric_meter,,,unlabeled,0,openverse,ad1ed570-2fe5-4a14-86f2-4da65ce9772c,Staff Sergeant Salvatore A. Giunta - Medal of Honor - Afghanistan - Operation Enduring Freedom - Standing ovation,https://www.flickr.com/photos/58297778@N04/5430172602,https://live.staticflickr.com/5172/5430172602_a40633fe1d_b.jpg,by,2.0,https://creativecommons.org/licenses/by/2.0/,expertinfantry,https://www.flickr.com/photos/58297778@N04,58297778@N04,flickr:58297778@N04,9c2db6f418c2c2f8eba71f66c9844d7585955d5c,1023,681,utility meter
images/electric_meter/openverse_b148c23923474d89b570b3eac9a684eb.jpg,electric_meter,,train,labeled,2,openverse,b148c239-2347-4d89-b570-b3eac9a684eb,Electric Meter,https://www.flickr.com/photos/110671496@N06/14350375895,https://live.staticflickr.com/5532/14350375895_2b68ceb7ef_b.jpg,by,2.0,https://creativecommons.org/licenses/by/2.0/,Jonathan Rolande,https://www.flickr.com/photos/110671496@N06,110671496@N06,flickr:110671496@N06,b98ed31817aa4f4876de3c724ad20308e9409743,768,1024,electric meter
images/electric_meter/openverse_b251f18d4e6141e996b38f07b801578d.jpg,electric_meter,,train,labeled,1,openverse,b251f18d-4e61-41e9-96b3-8f07b801578d,Electrical Meter Damage 2,https://www.flickr.com/photos/28592327@N04/2669234356,https://live.staticflickr.com/3070/2669234356_94f77fb14f_b.jpg,by-sa,2.0,https://creativecommons.org/licenses/by-sa/2.0/,thomas maki,https://www.flickr.com/photos/28592327@N04,28592327@N04,flickr:28592327@N04,ebbb8aeca2c81247113eb54ecadebe3128c7d639,1024,768,electric meter
images/electric_meter/openverse_b7218e6abd4540f1b9b58f1bdce58c34.jpg,electric_meter,,,unlabeled,0,openverse,b7218e6a-bd45-40f1-b9b5-8f1bdce58c34,Canonflex R2000,https://www.flickr.com/photos/45032885@N04/14107941145,https://live.staticflickr.com/7407/14107941145_cde60cab19_b.jpg,by,2.0,https://creativecommons.org/licenses/by/2.0/,s58y,https://www.flickr.com/photos/45032885@N04,45032885@N04,flickr:45032885@N04,0c3693c0909387b2ff13be891ba46bc35af6016f,1024,868,utility meter
images/electric_meter/openverse_b92b0128949e4cbcad4fe29b9bac48d7.jpg,electric_meter,,train,labeled,1,openverse,b92b0128-949e-4cbc-ad4f-e29b9bac48d7,"Two new electric meters, 2013 04 27 -b.JPG",https://www.flickr.com/photos/55289779@N00/8687862495,https://live.staticflickr.com/7049/8687862495_2b1b575242_b.jpg,cc0,1.0,https://creativecommons.org/publicdomain/zero/1.0/,booledozer,https://www.flickr.com/photos/55289779@N00,55289779@N00,flickr:55289779@N00,6f43d8bc902775e7a31d4028c3580a8a666765f7,1024,768,electric meter
images/electric_meter/openverse_b9c5023fe85f40428d0812f9923254a3.jpg,electric_meter,,train,labeled,3,openverse,b9c5023f-e85f-4042-8d08-12f9923254a3,20220129-RD-LSC-0149,https://www.flickr.com/photos/41284017@N08/51849722178,https://live.staticflickr.com/65535/51849722178_3def7a6214_b.jpg,pdm,1.0,https://creativecommons.org/publicdomain/mark/1.0/,USDAgov,https://www.flickr.com/photos/41284017@N08,41284017@N08,flickr:41284017@N08,b88b5dd70f4cabcc5cb43ad9e46e81f51c2abba0,1024,683,meter socket
images/electric_meter/openverse_be47ac44febb488793f4217b6e85715c.jpg,electric_meter,,,unlabeled,0,openverse,be47ac44-febb-4887-93f4-217b6e85715c,Belgium-6503B - Brussels City Hall,https://www.flickr.com/photos/22490717@N02/13934980137,https://live.staticflickr.com/5342/13934980137_8060986120_b.jpg,by-sa,2.0,https://creativecommons.org/licenses/by-sa/2.0/,archer10 (Dennis),https://www.flickr.com/photos/22490717@N02,22490717@N02,flickr:22490717@N02,3b131512f3b841627621fbd5151de22eb8381340,683,1024,power meter house
images/electric_meter/openverse_be7b185c130a4b74941e93177c767fb8.jpg,electric_meter,,train,labeled,1,openverse,be7b185c-130a-4b74-941e-93177c767fb8,Cutoff switch,https://www.flickr.com/photos/35034363486@N01/1446252840,https://live.staticflickr.com/1228/1446252840_cb5ad3380d_b.jpg,by,2.0,https://creativecommons.org/licenses/by/2.0/,Mike Weston,https://www.flickr.com/photos/35034363486@N01,35034363486@N01,flickr:35034363486@N01,5fb907ea9a09daeeca9a60b2bcb49d16ac88aedc,768,1024,electricity meter house
images/electric_meter/openverse_bf584a9228664e96a55ce099256d5a6b.jpg,electric_meter,,train,labeled,2,openverse,bf584a92-2866-4e96-a55c-e099256d5a6b,Electricity meter,https://www.flickr.com/photos/12836528@N00/17027433107,https://live.staticflickr.com/7591/17027433107_359401cef9_b.jpg,by,2.0,https://creativecommons.org/licenses/by/2.0/,kevin dooley,https://www.flickr.com/photos/12836528@N00,12836528@N00,flickr:12836528@N00,a6de292eb26deb64de2e842a51a239808d732069,1024,1024,electric meter
images/electric_meter/openverse_c23cf31bc2a34e44931edf4773d7aec1.jpg,electric_meter,,,unlabeled,0,openverse,c23cf31b-c2a3-4e44-931e-df4773d7aec1,090630-F-293,https://www.flickr.com/photos/10278322@N02/3718987178,https://live.staticflickr.com/2647/3718987178_c1d053fe3e_b.jpg,by,2.0,https://creativecommons.org/licenses/by/2.0/,Lance Cheung,https://www.flickr.com/photos/10278322@N02,10278322@N02,flickr:10278322@N02,a40c733e37442bbaa011ed40cb2f11deca9e1015,1023,681,electricity meter house
images/electric_meter/openverse_c2934ad216094d4494579aca5694a8c4.jpg,electric_meter,,,unlabeled,0,openverse,c2934ad2-1609-4d44-9457-9aca5694a8c4,Stars and Stripes,https://www.flickr.com/photos/9482888@N06/7435896414,https://live.staticflickr.com/5321/7435896414_c2f4dded5a_b.jpg,by-sa,2.0,https://creativecommons.org/licenses/by-sa/2.0/,Time.Captured.,https://www.flickr.com/photos/9482888@N06,9482888@N06,flickr:9482888@N06,072330147138aed900c98511f8fbecd37b99155d,1024,684,smart meter
images/electric_meter/openverse_c306da85047e4ac88246c6cf5f0a36a8.jpg,electric_meter,,,unlabeled,0,openverse,c306da85-047e-4ac8-8246-c6cf5f0a36a8,Staff Sergeant Salvatore A. Giunta - Medal of Honor - Afghanistan - Operation Enduring Freedom -,https://www.flickr.com/photos/58297778@N04/5429551099,https://live.staticflickr.com/5018/5429551099_338b73916c_b.jpg,by,2.0,https://creativecommons.org/licenses/by/2.0/,expertinfantry,https://www.flickr.com/photos/58297778@N04,58297778@N04,flickr:58297778@N04,2c0a5fb54d5c41ebbfcf5a088a209abf11ea0071,768,1024,utility meter
images/electric_meter/openverse_c3bfdcccd4354b5c956bed7a1b5d1a94.jpg,electric_meter,,train,labeled,1,openverse,c3bfdccc-d435-4b5c-956b-ed7a1b5d1a94,Electric Meters,https://www.flickr.com/photos/21518596@N00/7253426216,https://live.staticflickr.com/8023/7253426216_8d593b913a_b.jpg,by-sa,2.0,https://creativecommons.org/licenses/by-sa/2.0/,chidorian,https://www.flickr.com/photos/21518596@N00,21518596@N00,flickr:21518596@N00,91cc6aef5a0087777970337c2546bc14a3c2c437,1024,684,electric meter
images/electric_meter/openverse_c512b4cee7074c28b1408fcaa3f2bdcf.jpg,electric_meter,,train,labeled,1,openverse,c512b4ce-e707-4c28-b140-8fcaa3f2bdcf,Electric service upgrade,https://www.flickr.com/photos/26670433@N07/27114816654,https://live.staticflickr.com/7293/27114816654_99c9eb082e_b.jpg,by,2.0,https://creativecommons.org/licenses/by/2.0/,davef3138,https://www.flickr.com/photos/26670433@N07,26670433@N07,flickr:26670433@N07,773f3c01863bc4d1d2d5271a892d485cefb9d33c,768,1024,meter socket
images/electric_meter/openverse_c642d2c9500f44248650d76e0ddaa812.jpg,electric_meter,,,unlabeled,0,openverse,c642d2c9-500f-4424-8650-d76e0ddaa812,Zeiss Ikon Tenax Automatic 1960,https://www.flickr.com/photos/95012874@N00/38707555330,https://live.staticflickr.com/4747/38707555330_2564b5c148_b.jpg,by,2.0,https://creativecommons.org/licenses/by/2.0/,Martin Pettitt,https://www.flickr.com/photos/95012874@N00,95012874@N00,flickr:95012874@N00,96d0f46ebd89812107f25280c7c72ec3c6b0b26a,1024,546,meter socket
images/electric_meter/openverse_c6a48275b5084a39bd66b32eeffcd6dd.jpg,electric_meter,,,unlabeled,0,openverse,c6a48275-b508-4a39-bd66-b32eeffcd6dd,Getting Around Phnom Penh,https://www.flickr.com/photos/40225648@N00/2345107017,https://live.staticflickr.com/3046/2345107017_52f413bdcb_b.jpg,by-sa,2.0,https://creativecommons.org/licenses/by-sa/2.0/,Seth Mazow,https://www.flickr.com/photos/40225648@N00,40225648@N00,flickr:40225648@N00,e75ffb3d908528c8e3cab191c443d2e4a9a02327,1024,768,utility meter
images/electric_meter/openverse_c743b4b35ab8488b8dc4224a787fac96.jpg,electric_meter,,,unlabeled,0,openverse,c743b4b3-5ab8-488b-8dc4-224a787fac96,_DSC4070,https://www.flickr.com/photos/30836207@N04/10524615983,https://live.staticflickr.com/7416/10524615983_c99b65bdcc_b.jpg,by-sa,2.0,https://creativecommons.org/licenses/by-sa/2.0/,Report Verlag,https://www.flickr.com/photos/30836207@N04,30836207@N04,flickr:30836207@N04,b316b3641f7d339e7f056228e8c10dc21f655284,1023,681,smart meter
images/electric_meter/openverse_c8d674e79ff645908fed38f130bdb5e2.jpg,electric_meter,,,unlabeled,0,openverse,c8d674e7-9ff6-4590-8fed-38f130bdb5e2,CAMPUS - Military Data Center,https://www.flickr.com/photos/70981241@N00/52106762896,https://live.staticflickr.com/65535/52106762896_7a0a3cc87a_b.jpg,by,2.0,https://creativecommons.org/licenses/by/2.0/,Welcome to Switzerland backstage!,https://www.flickr.com/photos/70981241@N00,70981241@N00,flickr:70981241@N00,1b7ea70cb0bb027a5bd8d0b0f8f0ca5896dccb9e,1024,576,meter socket
images/electric_meter/openverse_c950fca30c384ab4aff7ab1931a80e22.jpg,electric_meter,,train,labeled,1,openverse,c950fca3-0c38-4ab4-aff7-ab1931a80e22,IMG_9432,https://www.flickr.com/photos/78817000@N00/14492463787,https://live.staticflickr.com/3902/14492463787_625d9d5c83.jpg,by,2.0,https://creativecommons.org/licenses/by/2.0/,justine warrington,https://www.flickr.com/photos/78817000@N00,78817000@N00,flickr:78817000@N00,7e56ffe31ce20cf66f15c42ffa238acf00852a95,500,500,smart meter
images/electric_meter/openverse_cabd6dcc552042c7bfd5a207bfd759ea.jpg,electric_meter,,,unlabeled,0,openverse,cabd6dcc-5520-42c7-bfd5-a207bfd759ea,Staff Sergeant Salvatore A. Giunta - Medal of Honor - Afghanistan - Operation Enduring Freedom - SSG Giunta,https://www.flickr.com/photos/58297778@N04/5429576209,https://live.staticflickr.com/5136/5429576209_ac84581336_b.jpg,by,2.0,https://creativecommons.org/licenses/by/2.0/,expertinfantry,https://www.flickr.com/photos/58297778@N04,58297778@N04,flickr:58297778@N04,863540df7f397fc66de3880509d4bdf369dbc246,683,1024,utility meter
images/electric_meter/openverse_cacfb91cda1f474ba7b969590559019c.jpg,electric_meter,,train,labeled,1,openverse,cacfb91c-da1f-474b-a7b9-69590559019c,Tequis Up Close (Electric Meter) II,https://www.flickr.com/photos/10404073@N05/44388117945,https://live.staticflickr.com/1905/44388117945_f0d639a03a_b.jpg,by-sa,2.0,https://creativecommons.org/licenses/by-sa/2.0/,Carl Campbell,https://www.flickr.com/photos/10404073@N05,10404073@N05,flickr:10404073@N05,9021be96cfeae3093bd88c3e9ba684c014db79a8,1023,576,electric meter
images/electric_meter/openverse_ccb3e0e34265466d9924ced87300ca81.jpg,electric_meter,,,unlabeled,0,openverse,ccb3e0e3-4265-466d-9924-ced87300ca81,"How I accidentally fell in love with and married another man, or: Kenneth plays The Sims 2 Mobile Edition",https://www.flickr.com/photos/24226200@N00/2619895727,https://live.staticflickr.com/3266/2619895727_559eca7879_b.jpg,by,2.0,https://creativecommons.org/licenses/by/2.0/,ToastyKen,https://www.flickr.com/photos/24226200@N00,24226200@N00,flickr:24226200@N00,d3647f1a68c6160f8efa5d4fefc69ce918fb61f8,768,1024,smart meter
images/electric_meter/openverse_ce958c92224546e5a4ba63dcc0bcb1f6.jpg,electric_meter,,train,labeled,1,openverse,ce958c92-2245-46e5-a4ba-63dcc0bcb1f6,Couch,https://www.flickr.com/photos/196301716@N03/52349377453,https://live.staticflickr.com/65535/52349377453_13583b7e66_b.jpg,cc0,1.0,https://creativecommons.org/publicdomain/zero/1.0/,ospp0,https://www.flickr.com/photos/196301716@N03,196301716@N03,flickr:196301716@N03,4b5303dae0646d9958c9258f5ad13787d0f88310,1024,768,electricity meter house
images/electric_meter/openverse_ce98f630654c42e6885573b599b28cfa.jpg,electric_meter,,,unlabeled,0,openverse,ce98f630-654c-42e6-8855-73b599b28cfa,DSC00786 - Old Pugwash Lighthouse Gone,https://www.flickr.com/photos/22490717@N02/43361112962,https://live.staticflickr.com/1784/43361112962_5c14ec5eb6_b.jpg,by-sa,2.0,https://creativecommons.org/licenses/by-sa/2.0/,archer10 (Dennis),https://www.flickr.com/photos/22490717@N02,22490717@N02,flickr:22490717@N02,e7af0cd5461e8c98d2580c91a74921641f2ddc5b,683,1024,power meter house
images/electric_meter/openverse_d59c38617e3548da82871730df821427.jpg,electric_meter,,,unlabeled,0,openverse,d59c3861-7e35-48da-8287-1730df821427,Вилия-Vilia,https://www.flickr.com/photos/167851365@N07/49964283526,https://live.staticflickr.com/65535/49964283526_8833998bf0_b.jpg,pdm,1.0,https://creativecommons.org/publicdomain/mark/1.0/,安德烈 巴尔哈托夫,https://www.flickr.com/photos/167851365@N07,167851365@N07,flickr:167851365@N07,858b346a76e0779f4995872230fe33821a38cb8b,1024,1024,meter socket
images/electric_meter/openverse_d6a58d084e14452c8d2d2f85ba3a0b4b.jpg,electric_meter,,,unlabeled,0,openverse,d6a58d08-4e14-452c-8d2d-2f85ba3a0b4b,NB-00977 - Miscou Island Lighthouse,https://www.flickr.com/photos/22490717@N02/51446040789,https://live.staticflickr.com/65535/51446040789_dcf2104c44_b.jpg,by-sa,2.0,https://creativecommons.org/licenses/by-sa/2.0/,archer10 (Dennis),https://www.flickr.com/photos/22490717@N02,22490717@N02,flickr:22490717@N02,03570cbc20538b71232efd08ada728363f489bf8,1024,683,power meter house
images/electric_meter/openverse_d915538a87ae49c8a9d6d357b46a6829.jpg,electric_meter,,train,labeled,1,openverse,d915538a-87ae-49c8-a9d6-d357b46a6829,New electricity supply,https://www.flickr.com/photos/12394349@N06/3131287506,https://live.staticflickr.com/3262/3131287506_56f8dd066c_b.jpg,by,2.0,https://creativecommons.org/licenses/by/2.0/,Bryn Pinzgauer,https://www.flickr.com/photos/12394349@N06,12394349@N06,flickr:12394349@N06,01eaec384010166d62b696d912ef8eb805bbac5a,1024,768,electricity meter house
images/electric_meter/openverse_d948b30df4d0489f85b7ee7b4673f122.jpg,electric_meter,,train,labeled,1,openverse,d948b30d-f4d0-489f-85b7-ee7b4673f122,Power Meter,https://www.flickr.com/photos/86639298@N02/8560774978,https://live.staticflickr.com/8377/8560774978_1a13becc74_b.jpg,by,2.0,https://creativecommons.org/licenses/by/2.0/,HomeSpot HQ,https://www.flickr.com/photos/86639298@N02,86639298@N02,flickr:86639298@N02,7e0d72067b0485f6f8bb850bfa3f07255e20d3a2,768,1024,utility meter
images/electric_meter/openverse_da71b52cbdbb4430b5597bad44316e60.jpg,electric_meter,,val,labeled,2,openverse,da71b52c-bdbb-4430-b559-7bad44316e60,NB-00961 - Miscou Island Lighthouse,https://www.flickr.com/photos/22490717@N02/51445301736,https://live.staticflickr.com/65535/51445301736_5262157b86_b.jpg,by-sa,2.0,https://creativecommons.org/licenses/by-sa/2.0/,archer10 (Dennis),https://www.flickr.com/photos/22490717@N02,22490717@N02,flickr:22490717@N02,9591a22baa7c8007ac0cf2d2aefade14125b587f,683,1024,power meter house
images/electric_meter/openverse_da9c9c597733498791d23d4f9817e652.jpg,electric_meter,,,unlabeled,0,openverse,da9c9c59-7733-4987-91d2-3d4f9817e652,_DSC4167,https://www.flickr.com/photos/30836207@N04/10524285453,https://live.staticflickr.com/5506/10524285453_b363d23182_b.jpg,by-sa,2.0,https://creativecommons.org/licenses/by-sa/2.0/,Report Verlag,https://www.flickr.com/photos/30836207@N04,30836207@N04,flickr:30836207@N04,5655eca473bc8cb5357fff114a9016b2ef3df11a,1023,681,smart meter
images/electric_meter/openverse_dad4db5639d04551a48953200fb6bd83.jpg,electric_meter,,,unlabeled,0,openverse,dad4db56-39d0-4551-a489-53200fb6bd83,20220129-RD-LSC-0023,https://www.flickr.com/photos/41284017@N08/51849747458,https://live.staticflickr.com/65535/51849747458_5491068300_b.jpg,pdm,1.0,https://creativecommons.org/publicdomain/mark/1.0/,USDAgov,https://www.flickr.com/photos/41284017@N08,41284017@N08,flickr:41284017@N08,21ae88faaff824be04307a54fbd6cf1bd18a3cac,1024,683,electricity meter house
images/electric_meter/openverse_dbd6096b9c914813a2bdeec8e98699f0.jpg,electric_meter,,,unlabeled,0,openverse,dbd6096b-9c91-4813-a2bd-eec8e98699f0,Computer lab tool kit phase 3 IMG_2136 (1),https://www.flickr.com/photos/9998127@N06/26093095008,https://live.staticflickr.com/4659/26093095008_8a4d7b2564_b.jpg,by-sa,2.0,https://creativecommons.org/licenses/by-sa/2.0/,wbaiv,https://www.flickr.com/photos/9998127@N06,9998127@N06,flickr:9998127@N06,1437371f83f349e8662b69089dee5d6463289a13,1024,768,meter socket
images/electric_meter/openverse_dc8810f49d054f2cb8c3269e0c450176.jpg,electric_meter,,,unlabeled,0,openverse,dc8810f4-9d05-4f2c-b8c3-269e0c450176,NB-00973 - Miscou Island Lighthouse,https://www.flickr.com/photos/22490717@N02/51444539162,https://live.staticflickr.com/65535/51444539162_46de633575_b.jpg,by-sa,2.0,https://creativecommons.org/licenses/by-sa/2.0/,archer10 (Dennis),https://www.flickr.com/photos/22490717@N02,22490717@N02,flickr:22490717@N02,f599990f4ec0a79ff005b4d35391a2e3a1ce1605,721,1024,power meter house
images/electric_meter/openverse_ddc227b6997742ba94b79b4caa497362.jpg,electric_meter,,,unlabeled,0,openverse,ddc227b6-9977-42ba-94b7-9b4caa497362,Staff Sergeant Salvatore A. Giunta - Medal of Honor - Afghanistan - Operation Enduring Freedom - Flag presentation,https://www.flickr.com/photos/58297778@N04/5429578949,https://live.staticflickr.com/5137/5429578949_be2241dc94_b.jpg,by,2.0,https://creativecommons.org/licenses/by/2.0/,expertinfantry,https://www.flickr.com/photos/58297778@N04,58297778@N04,flickr:58297778@N04,a427d58de65241fc578158b2ffc27b031f7edbaf,1024,680,utility meter
images/electric_meter/openverse_e12d4c4d3c1e405fb20556883593bdc2.jpg,electric_meter,,,unlabeled,0,openverse,e12d4c4d-3c1e-405f-b205-56883593bdc2,Zeiss Ikon Tenax Automatic 1960,https://www.flickr.com/photos/95012874@N00/40475156252,https://live.staticflickr.com/4700/40475156252_eda6985354_b.jpg,by,2.0,https://creativecommons.org/licenses/by/2.0/,Martin Pettitt,https://www.flickr.com/photos/95012874@N00,95012874@N00,flickr:95012874@N00,48ef3b39221f5a7af54e20681a3ed1176e44c880,937,1023,meter socket
images/electric_meter/openverse_e13c062dbb3b498f8026cf0351432629.jpg,electric_meter,,,unlabeled,0,openverse,e13c062d-bb3b-498f-8026-cf0351432629,Zeiss Ikon Tenax Automatic 1960,https://www.flickr.com/photos/95012874@N00/38707560960,https://live.staticflickr.com/4766/38707560960_77150c5da8_b.jpg,by,2.0,https://creativecommons.org/licenses/by/2.0/,Martin Pettitt,https://www.flickr.com/photos/95012874@N00,95012874@N00,flickr:95012874@N00,c1e820f0148deb4a363f1d3fd489ffdfa8a40e12,1000,1024,meter socket
images/electric_meter/openverse_e23bf517e41c4d0fa43c076063436229.jpg,electric_meter,,val,labeled,1,openverse,e23bf517-e41c-4d0f-a43c-076063436229,3D Dominion Electric Meters,https://www.flickr.com/photos/51625243@N06/5844032848,https://live.staticflickr.com/5073/5844032848_0d20835cff_b.jpg,by,2.0,https://creativecommons.org/licenses/by/2.0/,Gamma Man,https://www.flickr.com/photos/51625243@N06,51625243@N06,flickr:51625243@N06,0ae0edf713bb200cd3ff9b743c68ff6ed6a302e2,1024,579,electric meter
images/electric_meter/openverse_e34fd497c23746efb0f460f71215c2bb.jpg,electric_meter,,,unlabeled,0,openverse,e34fd497-c237-46ef-b0f4-60f71215c2bb,May Day - Stop Smart Meters,https://www.flickr.com/photos/83633366@N00/7147572187,https://live.staticflickr.com/5451/7147572187_95490300f2_b.jpg,by-sa,2.0,https://creativecommons.org/licenses/by-sa/2.0/,jfantenb,https://www.flickr.com/photos/83633366@N00,83633366@N00,flickr:83633366@N00,1176f3e07091afe9a4e7f0c52e8fa161409b1b80,683,1024,smart meter
images/electric_meter/openverse_e45d9c7492ea4400b784eb8eed53b382.jpg,electric_meter,,,unlabeled,0,openverse,e45d9c74-92ea-4400-b784-eb8eed53b382,Fake mains meter,https://www.flickr.com/photos/89056504@N00/4789433117,https://live.staticflickr.com/4076/4789433117_aeddbb46cd_b.jpg,by,2.0,https://creativecommons.org/licenses/by/2.0/,tristanf,https://www.flickr.com/photos/89056504@N00,89056504@N00,flickr:89056504@N00,0e78ab4897370bf466f0b4278e8cd2c6f4297ca4,768,1024,meter socket
images/electric_meter/openverse_e54ea0a2e91c4b0c960a9579362b0a3f.jpg,electric_meter,,train,labeled,8,openverse,e54ea0a2-e91c-4b0c-960a-9579362b0a3f,Apartment Utility Meters Wall,https://www.flickr.com/photos/53313745@N00/4444903908,https://live.staticflickr.com/2761/4444903908_ee0ae9e627_b.jpg,by,2.0,https://creativecommons.org/licenses/by/2.0/,cdsessums,https://www.flickr.com/photos/53313745@N00,53313745@N00,flickr:53313745@N00,5c4db988491b3dbc0d3050f8525d8773a2f5dfeb,1024,768,utility meter
images/electric_meter/openverse_e5c00cceb05a41f8889de845e9fed9d6.jpg,electric_meter,,train,labeled,1,openverse,e5c00cce-b05a-41f8-889d-e845e9fed9d6,Electricity meter,https://www.flickr.com/photos/16105436@N00/2795984721,https://live.staticflickr.com/3234/2795984721_236c066739_b.jpg,by,2.0,https://creativecommons.org/licenses/by/2.0/,Kai Hendry,https://www.flickr.com/photos/16105436@N00,16105436@N00,flickr:16105436@N00,a116e8df568e658c2daa0defc3af965fb1663e27,1024,768,electric meter
images/electric_meter/openverse_e66d9bc2d6b446528d94256ba3e7a2de.jpg,electric_meter,,train,labeled,1,openverse,e66d9bc2-d6b4-4652-8d94-256ba3e7a2de,electricity meters,https://www.flickr.com/photos/18259771@N00/2062692110,https://live.staticflickr.com/2309/2062692110_a6b3e06d60_b.jpg,by,2.0,https://creativecommons.org/licenses/by/2.0/,Paul Keller,https://www.flickr.com/photos/18259771@N00,18259771@N00,flickr:18259771@N00,165c1ad052075e37a7088c9059d85a6011512b55,1023,685,electric meter
images/electric_meter/openverse_ea18cfa01def4f3084c904ea4d3202f2.jpg,electric_meter,,train,labeled,3,openverse,ea18cfa0-1def-4f30-84c9-04ea4d3202f2,Electric meter,https://www.flickr.com/photos/61338164@N02/18488593585,https://live.staticflickr.com/343/18488593585_785a1d07e4_b.jpg,by-sa,2.0,https://creativecommons.org/licenses/by-sa/2.0/,haru__q,https://www.flickr.com/photos/61338164@N02,61338164@N02,flickr:61338164@N02,6592efa0d463d4597c86ba81d9800e56e98f9994,1024,683,electric meter
images/electric_meter/openverse_eaadfeaa7007425f810a872ce27c830b.jpg,electric_meter,,val,labeled,1,openverse,eaadfeaa-7007-425f-810a-872ce27c830b,Close-up of a vintage electricity meter,https://www.flickr.com/photos/26344495@N05/49985150136,https://live.staticflickr.com/65535/49985150136_a10b73f916_b.jpg,by,2.0,https://creativecommons.org/licenses/by/2.0/,Ivan Radic,https://www.flickr.com/photos/26344495@N05,26344495@N05,flickr:26344495@N05,b48513e677bab0e4ae8497dc3edde98fec1b0134,683,1024,electric meter
images/electric_meter/openverse_edfecb541295445f81989e7a168183e1.jpg,electric_meter,,,unlabeled,0,openverse,edfecb54-1295-445f-8198-9e7a168183e1,Staff Sergeant Salvatore A. Giunta - Medal of Honor - Afghanistan - Operation Enduring Freedom - New York Stock Exchange,https://www.flickr.com/photos/58297778@N04/5430182310,https://live.staticflickr.com/5179/5430182310_c6c31698d9_b.jpg,by,2.0,https://creativecommons.org/licenses/by/2.0/,expertinfantry,https://www.flickr.com/photos/58297778@N04,58297778@N04,flickr:58297778@N04,7d6865f8788c1021d96a396a87b4bcaa315abdf1,1023,682,utility meter
images/electric_meter/openverse_ee5702a149c848c59ec6c17a7f653813.jpg,electric_meter,,train,labeled,1,openverse,ee5702a1-49c8-48c5-9ec6-c17a7f653813,Why not decorate your electricity meter?,https://www.flickr.com/photos/89165847@N00/8383617364,https://live.staticflickr.com/8232/8383617364_d64072334a_b.jpg,by-sa,2.0,https://creativecommons.org/licenses/by-sa/2.0/,mikecogh,https://www.flickr.com/photos/89165847@N00,89165847@N00,flickr:89165847@N00,ed4194c3927b49619b9f4d1d4c1d68ffae205321,768,1024,electric meter
images/electric_meter/openverse_f0c42ba22d5240f3af9991daf42ae539.jpg,electric_meter,,train,labeled,1,openverse,f0c42ba2-2d52-40f3-af99-91daf42ae539,Electricity meter,https://www.flickr.com/photos/28379997@N00/860807671,https://live.staticflickr.com/1259/860807671_c4e831d7a3_b.jpg,by,2.0,https://creativecommons.org/licenses/by/2.0/,jturn,https://www.flickr.com/photos/28379997@N00,28379997@N00,flickr:28379997@N00,57b073350bcc181075a8bb95e9bb58b15be6a6ce,681,1024,electric meter
images/electric_meter/openverse_f0efad1e56ed423a9f0e222be3af22d3.jpg,electric_meter,,,unlabeled,0,openverse,f0efad1e-56ed-423a-9f0e-222be3af22d3,IMG_9451,https://www.flickr.com/photos/78817000@N00/14492469847,https://live.staticflickr.com/3874/14492469847_7a01dd3a0e.jpg,by,2.0,https://creativecommons.org/licenses/by/2.0/,justine warrington,https://www.flickr.com/photos/78817000@N00,78817000@N00,flickr:78817000@N00,f8b567ac8dce780c322623c022dbd9df5eba8f4a,500,500,smart meter
images/electric_meter/openverse_f19b516b35ec412381b32b92f7223a34.jpg,electric_meter,,,unlabeled,0,openverse,f19b516b-35ec-4123-81b3-2b92f7223a34,An Unbearable Tidiness of Cans,https://www.flickr.com/photos/53921762@N00/16260619907,https://live.staticflickr.com/8636/16260619907_5c525f672a_b.jpg,by-sa,2.0,https://creativecommons.org/licenses/by-sa/2.0/,Alan Stanton,https://www.flickr.com/photos/53921762@N00,53921762@N00,flickr:53921762@N00,ccca74cbfdd0c4e55d191fe84e1a32bef4155937,1024,1024,utility meter
images/electric_meter/openverse_f40d15da760645728778c3fa9b3c931a.jpg,electric_meter,,train,labeled,1,openverse,f40d15da-7606-4572-8778-c3fa9b3c931a,Utility meter,https://www.flickr.com/photos/61025241@N00/4656355286,https://live.staticflickr.com/4031/4656355286_dd2712fe46_b.jpg,by,2.0,https://creativecommons.org/licenses/by/2.0/,bumeister1,https://www.flickr.com/photos/61025241@N00,61025241@N00,flickr:61025241@N00,3c7e3f5a8309400329578dcb4b676ca6e687dd25,681,1024,utility meter
images/electric_meter/openverse_f6230a208fb1452890a80dd8df7c3694.jpg,electric_meter,,train,labeled,6,openverse,f6230a20-8fb1-4528-90a8-0dd8df7c3694,Electric Meter,https://www.flickr.com/photos/97402086@N00/14137596527,https://live.staticflickr.com/2925/14137596527_73eaea20ab_b.jpg,by,2.0,https://creativecommons.org/licenses/by/2.0/,nan palmero,https://www.flickr.com/photos/97402086@N00,97402086@N00,flickr:97402086@N00,20b6471d67868568a5ffa22d8014dc42b3b7a306,683,1024,electric meter
images/electric_meter/openverse_f628021bdce1474788ec028086adbbfc.jpg,electric_meter,,,unlabeled,0,openverse,f628021b-dce1-4747-88ec-028086adbbfc,Guadeloupe (Pont du Galion depuis le Fort Louis Delgrès à Basse-Terre).,https://www.flickr.com/photos/26082117@N07/5610663127,https://live.staticflickr.com/5150/5610663127_b996d98263_b.jpg,by,2.0,https://creativecommons.org/licenses/by/2.0/,sybarite48,https://www.flickr.com/photos/26082117@N07,26082117@N07,flickr:26082117@N07,1d157aeb5f266c3ec0e3359135137926017d0b51,1024,768,power meter house
images/electric_meter/openverse_f840e3f191fb4cd69ae402444e117460.jpg,electric_meter,,,unlabeled,0,openverse,f840e3f1-91fb-4cd6-9ae4-02444e117460,Zeiss Ikon Tenax Automatic 1960,https://www.flickr.com/photos/95012874@N00/26646749288,https://live.staticflickr.com/4605/26646749288_3bffd7213f_b.jpg,by,2.0,https://creativecommons.org/licenses/by/2.0/,Martin Pettitt,https://www.flickr.com/photos/95012874@N00,95012874@N00,flickr:95012874@N00,2cfac1d61c8eff09adad6c84740d1cf790ef5d63,1024,680,meter socket
images/electric_meter/openverse_f9db465f2a5e469fbdffc985d6a79561.jpg,electric_meter,,,unlabeled,0,openverse,f9db465f-2a5e-469f-bdff-c985d6a79561,_DSC4192,https://www.flickr.com/photos/30836207@N04/10523924275,https://live.staticflickr.com/2875/10523924275_240303b515_b.jpg,by-sa,2.0,https://creativecommons.org/licenses/by-sa/2.0/,Report Verlag,https://www.flickr.com/photos/30836207@N04,30836207@N04,flickr:30836207@N04,90a2d1c88761ba4bd7655e572831706ffa160d20,1023,681,smart meter
images/electric_meter/openverse_fa01e3ecf4ad4d3ea5d914f5daeae460.jpg,electric_meter,,,unlabeled,0,openverse,fa01e3ec-f4ad-4d3e-a5d9-14f5daeae460,Belgium-6474 - Brussels City Hall,https://www.flickr.com/photos/22490717@N02/13934860428,https://live.staticflickr.com/7305/13934860428_df71e55840_b.jpg,by-sa,2.0,https://creativecommons.org/licenses/by-sa/2.0/,archer10 (Dennis),https://www.flickr.com/photos/22490717@N02,22490717@N02,flickr:22490717@N02,1925f2f8edb7b276aab6423e48f9fd16e0a90c69,598,1024,power meter house
images/electric_meter/openverse_fb2df040302e4be3be4f9ea8737e7eaf.jpg,electric_meter,,,unlabeled,0,openverse,fb2df040-302e-4be3-be4f-9ea8737e7eaf,"Anti-smart meter notices, Warrandyte",https://www.flickr.com/photos/122687277@N03/24357317888,https://live.staticflickr.com/4565/24357317888_5462dfbe76_b.jpg,by-sa,2.0,https://creativecommons.org/licenses/by-sa/2.0/,philip.mallis,https://www.flickr.com/photos/122687277@N03,122687277@N03,flickr:122687277@N03,018ad90fa02ec7011e762f611ee608005a8fae1e,768,1024,smart meter
images/electric_meter/openverse_fbcc7fbacc5d48b495bcbeff294710b1.jpg,electric_meter,,,unlabeled,0,openverse,fbcc7fba-cc5d-48b4-95bc-beff294710b1,"People Power How-to-Vote, 2014 Victorian Election",https://www.flickr.com/photos/86792135@N04/17274790861,https://live.staticflickr.com/8720/17274790861_d3d243829b_b.jpg,cc0,1.0,https://creativecommons.org/publicdomain/zero/1.0/,AS 1979,https://www.flickr.com/photos/86792135@N04,86792135@N04,flickr:86792135@N04,05c38ca6139f364a572aef405f6c5d7f1bc71c56,726,1023,smart meter
images/electric_meter/openverse_fbf81ad87c5742a6ac095533b43c00e7.jpg,electric_meter,,train,labeled,1,openverse,fbf81ad8-7c57-42a6-ac09-5533b43c00e7,Smart Meter,https://www.flickr.com/photos/27388680@N05/6853898305,https://live.staticflickr.com/7175/6853898305_372e618948_b.jpg,by,2.0,https://creativecommons.org/licenses/by/2.0/,Travis Goodspeed,https://www.flickr.com/photos/27388680@N05,27388680@N05,flickr:27388680@N05,acf6ee973badc6adc3fe883bcb3c71e8ac182cdd,577,1024,smart meter
images/electric_meter/openverse_fc080ea83d30424d8023103215720c1c.jpg,electric_meter,,train,labeled,2,openverse,fc080ea8-3d30-424d-8023-103215720c1c,Electric meters in wall at edge of sidewalk,https://www.flickr.com/photos/24431382@N03/33467161661,https://live.staticflickr.com/2867/33467161661_1068365703_b.jpg,by,2.0,https://creativecommons.org/licenses/by/2.0/,Eric Fischer,https://www.flickr.com/photos/24431382@N03,24431382@N03,flickr:24431382@N03,63dab434ef6af71efd7d5737cff4f65ee0403d33,768,1024,electric meter
images/electric_meter/openverse_fc4243083b394cef8272880ced30cc7e.jpg,electric_meter,,train,labeled,5,openverse,fc424308-3b39-4cef-8272-880ced30cc7e,"Flower Avenue Meters (Silver Spring, MD)",https://www.flickr.com/photos/38782010@N00/1346460944,https://live.staticflickr.com/1018/1346460944_3741f6be27_b.jpg,by,2.0,https://creativecommons.org/licenses/by/2.0/,takomabibelot,https://www.flickr.com/photos/38782010@N00,38782010@N00,flickr:38782010@N00,3875f263d6ab66d1746cda8f9aabbb158b0d0436,1024,760,electricity meter house
images/electric_meter/openverse_fc5e36ee934042b1a3f9f92069c9f08b.jpg,electric_meter,,,unlabeled,0,openverse,fc5e36ee-9340-42b1-a3f9-f92069c9f08b,Regula Sprinty CC 300,https://www.flickr.com/photos/10456228@N00/5455517079,https://live.staticflickr.com/5055/5455517079_478575ba1b_b.jpg,cc0,1.0,https://creativecommons.org/publicdomain/zero/1.0/,Akairom,https://www.flickr.com/photos/10456228@N00,10456228@N00,flickr:10456228@N00,8b0a7a0e9a26098afa585db6db9e7a4784dc53d3,1024,969,meter socket
images/electric_meter/openverse_fdda91649717487ca8020cf0c01eb66e.jpg,electric_meter,,,unlabeled,0,openverse,fdda9164-9717-487c-a802-0cf0c01eb66e,2S9 Nona. САУ 2С9 'Нона',https://www.flickr.com/photos/25554263@N04/3714447042,https://live.staticflickr.com/3423/3714447042_d515cbf6e5_b.jpg,by-sa,2.0,https://creativecommons.org/licenses/by-sa/2.0/,Peer.Gynt,https://www.flickr.com/photos/25554263@N04,25554263@N04,flickr:25554263@N04,805ef4c76016cb64103aa69ed810b882e6b3d600,1024,678,utility meter
images/electric_meter/openverse_fe9284e08f6d457cbc2427eac82da9bd.jpg,electric_meter,,,unlabeled,0,openverse,fe9284e0-8f6d-457c-bc24-27eac82da9bd,Mil Mi-8T,https://www.flickr.com/photos/44400809@N07/4262477038,https://live.staticflickr.com/4010/4262477038_23ab9ac305_b.jpg,by-sa,2.0,https://creativecommons.org/licenses/by-sa/2.0/,Dmitry Terekhov,https://www.flickr.com/photos/44400809@N07,44400809@N07,flickr:44400809@N07,7e457dbf965d18717527b11989a6876cecefdce8,1024,731,utility meter
images/electric_meter/openverse_ff5c73981931452e800af6f46c8d1ce3.jpg,electric_meter,,,unlabeled,0,openverse,ff5c7398-1931-452e-800a-f6f46c8d1ce3,_DSC4323,https://www.flickr.com/photos/30836207@N04/10523433066,https://live.staticflickr.com/5531/10523433066_9c9d465ca7_b.jpg,by-sa,2.0,https://creativecommons.org/licenses/by-sa/2.0/,Report Verlag,https://www.flickr.com/photos/30836207@N04,30836207@N04,flickr:30836207@N04,3686bdf45af0f7b802ea1adf6295f388d4f52efb,1023,681,smart meter
images/gas_meter/commons_101226747.jpg,gas_meter,,,unlabeled,0,commons,101226747,File:Kromschröder BK6 - case removed-9038.jpg,https://commons.wikimedia.org/wiki/File:Kromschr%C3%B6der_BK6_-_case_removed-9038.jpg,https://upload.wikimedia.org/wikipedia/commons/9/99/Kromschr%C3%B6der_BK6_-_case_removed-9038.jpg?utm_source=commons.wikimedia.org&utm_campaign=imageinfo&utm_content=original,CC BY-SA 4.0,,https://creativecommons.org/licenses/by-sa/4.0,Raimond Spekking,,Raymond,commons:Raymond,6749e86d245b707605f990c66d777ae3d620a4c7,1280,1280,Category:Gas meters
images/gas_meter/commons_101226748.jpg,gas_meter,,,unlabeled,0,commons,101226748,File:Kromschröder BK6 - case removed-9040.jpg,https://commons.wikimedia.org/wiki/File:Kromschr%C3%B6der_BK6_-_case_removed-9040.jpg,https://upload.wikimedia.org/wikipedia/commons/a/a1/Kromschr%C3%B6der_BK6_-_case_removed-9040.jpg?utm_source=commons.wikimedia.org&utm_campaign=imageinfo&utm_content=original,CC BY-SA 4.0,,https://creativecommons.org/licenses/by-sa/4.0,Raimond Spekking,,Raymond,commons:Raymond,19197c74a99fa71cc6a7ea61fd68c02c72188208,1280,1280,Category:Gas meters
images/gas_meter/commons_101226756.jpg,gas_meter,,,unlabeled,0,commons,101226756,File:Kromschröder BK6 - case removed-9041.jpg,https://commons.wikimedia.org/wiki/File:Kromschr%C3%B6der_BK6_-_case_removed-9041.jpg,https://upload.wikimedia.org/wikipedia/commons/6/64/Kromschr%C3%B6der_BK6_-_case_removed-9041.jpg?utm_source=commons.wikimedia.org&utm_campaign=imageinfo&utm_content=original,CC BY-SA 4.0,,https://creativecommons.org/licenses/by-sa/4.0,Raimond Spekking,,Raymond,commons:Raymond,ab07322d841d1abc09957548677af4764f24c35d,1280,720,Category:Gas meters
images/gas_meter/commons_101226762.jpg,gas_meter,,train,labeled,1,commons,101226762,File:Kromschröder BK6 - case removed-9042.jpg,https://commons.wikimedia.org/wiki/File:Kromschr%C3%B6der_BK6_-_case_removed-9042.jpg,https://upload.wikimedia.org/wikipedia/commons/7/7e/Kromschr%C3%B6der_BK6_-_case_removed-9042.jpg?utm_source=commons.wikimedia.org&utm_campaign=imageinfo&utm_content=original,CC BY-SA 4.0,,https://creativecommons.org/licenses/by-sa/4.0,Raimond Spekking,,Raymond,commons:Raymond,b7be853ef12062ae615c072e07a8741f707e7cbe,1280,1280,Category:Gas meters
images/gas_meter/commons_101226765.jpg,gas_meter,,train,labeled,1,commons,101226765,File:Kromschröder BK6 - case removed-9044.jpg,https://commons.wikimedia.org/wiki/File:Kromschr%C3%B6der_BK6_-_case_removed-9044.jpg,https://upload.wikimedia.org/wikipedia/commons/b/b6/Kromschr%C3%B6der_BK6_-_case_removed-9044.jpg?utm_source=commons.wikimedia.org&utm_campaign=imageinfo&utm_content=original,CC BY-SA 4.0,,https://creativecommons.org/licenses/by-sa/4.0,Raimond Spekking,,Raymond,commons:Raymond,ebc9b0d9bdf2655b5797beb5fca71b884bba4d04,1280,960,Category:Gas meters
images/gas_meter/commons_101226774.jpg,gas_meter,,,unlabeled,0,commons,101226774,File:Kromschröder BK6 - case removed-9045.jpg,https://commons.wikimedia.org/wiki/File:Kromschr%C3%B6der_BK6_-_case_removed-9045.jpg,https://upload.wikimedia.org/wikipedia/commons/f/f6/Kromschr%C3%B6der_BK6_-_case_removed-9045.jpg?utm_source=commons.wikimedia.org&utm_campaign=imageinfo&utm_content=original,CC BY-SA 4.0,,https://creativecommons.org/licenses/by-sa/4.0,Raimond Spekking,,Raymond,commons:Raymond,2c36f317bb6da36f01d60818187018727de99433,1280,720,Category:Gas meters
images/gas_meter/commons_104017429.jpg,gas_meter,,train,labeled,3,commons,104017429,File:Gas Meters - geograph.org.uk - 1900623.jpg,https://commons.wikimedia.org/wiki/File:Gas_Meters_-_geograph.org.uk_-_1900623.jpg,https://upload.wikimedia.org/wikipedia/commons/c/c4/Gas_Meters_-_geograph.org.uk_-_1900623.jpg?utm_source=commons.wikimedia.org&utm_campaign=imageinfo&utm_content=original,CC BY-SA 2.0,,https://creativecommons.org/licenses/by-sa/2.0,Ashley Dace,,GeographBot,commons:GeographBot,a26071ecc91a64326153d89ea40b6209b6b5a6ef,800,531,Category:Gas meters
images/gas_meter/commons_105049122.jpg,gas_meter,,train,labeled,1,commons,105049122,File:Kromschröder BK6 - case removed-0301.jpg,https://commons.wikimedia.org/wiki/File:Kromschr%C3%B6der_BK6_-_case_removed-0301.jpg,https://upload.wikimedia.org/wikipedia/commons/4/46/Kromschr%C3%B6der_BK6_-_case_removed-0301.jpg?utm_source=commons.wikimedia.org&utm_campaign=imageinfo&utm_content=original,CC BY-SA 4.0,,https://creativecommons.org/licenses/by-sa/4.0,Raimond Spekking,,Raymond,commons:Raymond,9c2a12042927d60c5ee6d088615aeff884b0057d,1280,1280,Category:Gas meters
images/gas_meter/commons_105049140.jpg,gas_meter,,train,labeled,1,commons,105049140,File:Kromschröder BK6 - case removed-0303.jpg,https://commons.wikimedia.org/wiki/File:Kromschr%C3%B6der_BK6_-_case_removed-0303.jpg,https://upload.wikimedia.org/wikipedia/commons/c/c7/Kromschr%C3%B6der_BK6_-_case_removed-0303.jpg?utm_source=commons.wikimedia.org&utm_campaign=imageinfo&utm_content=original,CC BY-SA 4.0,,https://creativecommons.org/licenses/by-sa/4.0,Raimond Spekking,,Raymond,commons:Raymond,db90a0bee8c94cf507ab1f96298c6bf04758ea38,1280,1280,Category:Gas meters
images/gas_meter/commons_105049145.jpg,gas_meter,,train,labeled,1,commons,105049145,File:Kromschröder BK6 - case removed-0304.jpg,https://commons.wikimedia.org/wiki/File:Kromschr%C3%B6der_BK6_-_case_removed-0304.jpg,https://upload.wikimedia.org/wikipedia/commons/a/a9/Kromschr%C3%B6der_BK6_-_case_removed-0304.jpg?utm_source=commons.wikimedia.org&utm_campaign=imageinfo&utm_content=original,CC BY-SA 4.0,,https://creativecommons.org/licenses/by-sa/4.0,Raimond Spekking,,Raymond,commons:Raymond,f793a74d5e1054f6ec80bd99f6c1edab4e348a6a,1280,1280,Category:Gas meters
images/gas_meter/commons_105456605.jpg,gas_meter,,,unlabeled,0,commons,105456605,File:Counting the amount of gas (48506345531).jpg,https://commons.wikimedia.org/wiki/File:Counting_the_amount_of_gas_(48506345531).jpg,https://upload.wikimedia.org/wikipedia/commons/4/44/Counting_the_amount_of_gas_%2848506345531%29.jpg?utm_source=commons.wikimedia.org&utm_campaign=imageinfo&utm_content=original,CC BY-SA 2.0,,https://creativecommons.org/licenses/by-sa/2.0,Magnus Hagdorn from UK,,Flickr refugee,commons:Flickr refugee,1145cea65c9326068b4d1969f2d6cffbec7ad060,1280,854,Category:Gas meters
images/gas_meter/commons_10984837.jpg,gas_meter,,train,labeled,2,commons,10984837,File:Semba-Curry Osaka Tennmanngu.jpg,https://commons.wikimedia.org/wiki/File:Semba-Curry_Osaka_Tennmanngu.jpg,https://upload.wikimedia.org/wikipedia/commons/d/dc/Semba-Curry_Osaka_Tennmanngu.jpg?utm_source=commons.wikimedia.org&utm_campaign=imageinfo&utm_content=original,CC BY-SA 3.0,,https://creativecommons.org/licenses/by-sa/3.0,MASA (talk)（投稿者本人撮影）,,Mr.ちゅらさん,commons:Mr.ちゅらさん,f681eba68f254fd41c0fec419804f408e4141817,960,1280,Category:Gas meters
images/gas_meter/commons_109999005.jpg,gas_meter,,train,labeled,1,commons,109999005,File:Membranoj eligantaj heliumon el tergaso en Ĉajanda minejo 04.jpg,https://commons.wikimedia.org/wiki/File:Membranoj_eligantaj_heliumon_el_tergaso_en_%C4%88ajanda_minejo_04.jpg,https://upload.wikimedia.org/wikipedia/commons/3/3d/Membranoj_eligantaj_heliumon_el_tergaso_en_%C4%88ajanda_minejo_04.jpg?utm_source=commons.wikimedia.org&utm_campaign=imageinfo&utm_content=original,CC BY-SA 4.0,,https://creativecommons.org/licenses/by-sa/4.0,RG72,,RG72,commons:RG72,7d8fb0dbf32daeb796bd330371b6581728e878ca,1280,720,Category:Gas meters
images/gas_meter/commons_109999537.jpg,gas_meter,,train,labeled,1,commons,109999537,File:Ĉajanda minejo 33.jpg,https://commons.wikimedia.org/wiki/File:%C4%88ajanda_minejo_33.jpg,https://upload.wikimedia.org/wikipedia/commons/3/3d/%C4%88ajanda_minejo_33.jpg?utm_source=commons.wikimedia.org&utm_campaign=imageinfo&utm_content=original,CC BY-SA 4.0,,https://creativecommons.org/licenses/by-sa/4.0,RG72,,RG72,commons:RG72,58afaa6257d445d356db6322e0ca8ca8f6a38f11,1280,720,Category:Gas meters
images/gas_meter/commons_11010453.jpg,gas_meter,,train,labeled,1,commons,11010453,File:Gaszähler.JPG,https://commons.wikimedia.org/wiki/File:Gasz%C3%A4hler.JPG,https://upload.wikimedia.org/wikipedia/commons/4/42/Gasz%C3%A4hler.JPG?utm_source=commons.wikimedia.org&utm_campaign=imageinfo&utm_content=original,CC BY-SA 3.0,,https://creativecommons.org/licenses/by-sa/3.0,ChNPP,,ChNPP,commons:ChNPP,ce71ebf37552ca00888e39256f3e4493b1c64d78,1280,960,Category:Gas meters
images/gas_meter/commons_11116721.jpg,gas_meter,,train,labeled,6,commons,11116721,File:Gas Meters Display 01.JPG,https://commons.wikimedia.org/wiki/File:Gas_Meters_Display_01.JPG,https://upload.wikimedia.org/wikipedia/commons/3/34/Gas_Meters_Display_01.JPG?utm_source=commons.wikimedia.org&utm_campaign=imageinfo&utm_content=original,Public domain,,,Chemical Engineer,,Chemical Engineer,commons:Chemical Engineer,5cb624f29fd62317cb594e6890116998348b7b53,1280,960,Category:Gas meters
images/gas_meter/commons_113047497.jpg,gas_meter,,train,labeled,2,commons,113047497,File:Compteur GAZPAR.jpg,https://commons.wikimedia.org/wiki/File:Compteur_GAZPAR.jpg,https://upload.wikimedia.org/wikipedia/commons/9/9d/Compteur_GAZPAR.jpg?utm_source=commons.wikimedia.org&utm_campaign=imageinfo&utm_content=original,CC BY-SA 4.0,,https://creativecommons.org/licenses/by-sa/4.0,Jolipixel,,Jolipixel,commons:Jolipixel,b06831b8620c2b07000ccc016e4e6c1a376aac29,1280,991,Category:Gas meters
images/gas_meter/commons_113576837.jpg,gas_meter,,,unlabeled,0,commons,113576837,File:Gas Installation - Governor Meter House - Studio Road - geograph.org.uk - 2922965.jpg,https://commons.wikimedia.org/wiki/File:Gas_Installation_-_Governor_Meter_House_-_Studio_Road_-_geograph.org.uk_-_2922965.jpg,https://upload.wikimedia.org/wikipedia/commons/f/f8/Gas_Installation_-_Governor_Meter_House_-_Studio_Road_-_geograph.org.uk_-_2922965.jpg?utm_source=commons.wikimedia.org&utm_campaign=imageinfo&utm_content=original,CC BY-SA 2.0,,https://creativecommons.org/licenses/by-sa/2.0,Betty Longbottom,,GeographBot,commons:GeographBot,7942b2b049649e3c3aca0620f04e135aca1e266d,640,480,search:gas meter house
images/gas_meter/commons_114439158.jpg,gas_meter,,,unlabeled,0,commons,114439158,"File:Gas meter house, Avondale Road, Pontypool - geograph.org.uk - 3087808.jpg","https://commons.wikimedia.org/wiki/File:Gas_meter_house,_Avondale_Road,_Pontypool_-_geograph.org.uk_-_3087808.jpg",https://upload.wikimedia.org/wikipedia/commons/9/9d/Gas_meter_house%2C_Avondale_Road%2C_Pontypool_-_geograph.org.uk_-_3087808.jpg?utm_source=commons.wikimedia.org&utm_campaign=imageinfo&utm_content=original,CC BY-SA 2.0,,https://creativecommons.org/licenses/by-sa/2.0,Jaggery,,GeographBot,commons:GeographBot,597ac1ab69c2bb5a0e49700558f81a7540743d9a,640,480,search:gas meter house
images/gas_meter/commons_115163899.jpg,gas_meter,,,unlabeled,0,commons,115163899,"File:ELMŰ Umspannwerk, Gebäude, 2021 Kaszásdűlő.jpg","https://commons.wikimedia.org/wiki/File:ELM%C5%B0_Umspannwerk,_Geb%C3%A4ude,_2021_Kasz%C3%A1sd%C5%B1l%C5%91.jpg",https://upload.wikimedia.org/wikipedia/commons/e/e8/ELM%C5%B0_Umspannwerk%2C_Geb%C3%A4ude%2C_2021_Kasz%C3%A1sd%C5%B1l%C5%91.jpg?utm_source=commons.wikimedia.org&utm_campaign=imageinfo&utm_content=original,CC BY-SA 3.0,,https://creativecommons.org/licenses/by-sa/3.0,Globetrotter19,,Globetrotter19,commons:Globetrotter19,748052caa3591855993521839e3e50518df3f4dc,960,1280,search:gas meter house
images/gas_meter/commons_115804514.jpg,gas_meter,,val,labeled,3,commons,115804514,File:DominosPizzaRichmondHill5.jpg,https://commons.wikimedia.org/wiki/File:DominosPizzaRichmondHill5.jpg,https://upload.wikimedia.org/wikipedia/commons/5/55/DominosPizzaRichmondHill5.jpg?utm_source=commons.wikimedia.org&utm_campaign=imageinfo&utm_content=original,CC0,,http://creativecommons.org/publicdomain/zero/1.0/deed.en,Raysonho @ Open Grid Scheduler / Scalable Grid Engine,,Raysonho,commons:Raysonho,2d12665c2415f8fc5a5b2d9ecc7fe88837e32434,1280,848,Category:Gas meters
images/gas_meter/commons_11638266.jpg,gas_meter,,train,labeled,2,commons,11638266,File:Midegas V.JPG,https://commons.wikimedia.org/wiki/File:Midegas_V.JPG,https://upload.wikimedia.org/wikipedia/commons/6/66/Midegas_V.JPG?utm_source=commons.wikimedia.org&utm_campaign=imageinfo&utm_content=original,CC BY-SA 4.0,,https://creativecommons.org/licenses/by-sa/4.0,Jorge Enriquez,,JorgeEnriquez,commons:JorgeEnriquez,dc120fbeaf8de8f55714f6591e9274799953236a,749,720,Category:Gas meters
images/gas_meter/commons_118873071.jpg,gas_meter,,,unlabeled,0,commons,118873071,File:PuckMagazine15Feb1905.jpg,https://commons.wikimedia.org/wiki/File:PuckMagazine15Feb1905.jpg,https://upload.wikimedia.org/wikipedia/commons/3/30/PuckMagazine15Feb1905.jpg?utm_source=commons.wikimedia.org&utm_campaign=imageinfo&utm_content=original,Public domain,,,"Pughe, J. S. (John S.), 1870-1909, artist",,PDMagazineCoverUploading,commons:PDMagazineCoverUploading,130dae903ee77aee25682d479dbf0323cd8f8765,933,1280,Category:Gas meters
images/gas_meter/commons_12034247.jpg,gas_meter,,train,labeled,1,commons,12034247,File:Gasmätare 1935.jpg,https://commons.wikimedia.org/wiki/File:Gasm%C3%A4tare_1935.jpg,https://upload.wikimedia.org/wikipedia/commons/f/f2/Gasm%C3%A4tare_1935.jpg?utm_source=commons.wikimedia.org&utm_campaign=imageinfo&utm_content=original,CC BY-SA 3.0,,https://creativecommons.org/licenses/by-sa/3.0,Holger.Ellgaard,,Holger.Ellgaard,commons:Holger.Ellgaard,7923d1a74c8564672794f3803bee4cd649ee97f9,960,1043,Category:Gas meters
images/gas_meter/commons_121301591.jpg,gas_meter,,train,labeled,17,commons,121301591,File:Individual gas meters.jpg,https://commons.wikimedia.org/wiki/File:Individual_gas_meters.jpg,https://upload.wikimedia.org/wikipedia/commons/e/e9/Individual_gas_meters.jpg?utm_source=commons.wikimedia.org&utm_campaign=imageinfo&utm_content=original,CC BY-SA 4.0,,https://creativecommons.org/licenses/by-sa/4.0,Downtowngal,,Downtowngal,commons:Downtowngal,5642e92c68435e850e5c78fabc49416e95feb07d,1280,960,Category:Gas meters
images/gas_meter/commons_12196103.jpg,gas_meter,,train,labeled,1,commons,12196103,File:Ancient gas meter.jpg,https://commons.wikimedia.org/wiki/File:Ancient_gas_meter.jpg,https://upload.wikimedia.org/wikipedia/commons/8/8b/Ancient_gas_meter.jpg?utm_source=commons.wikimedia.org&utm_campaign=imageinfo&utm_content=original,CC BY-SA 3.0,,https://creativecommons.org/licenses/by-sa/3.0,Sgridò,,Sgridò,commons:Sgridò,880909549c055431e916ce5903a76e6986b024cb,960,1280,Category:Gas meters
images/gas_meter/commons_12196213.jpg,gas_meter,,train,labeled,1,commons,12196213,File:Wheel gas meter.jpg,https://commons.wikimedia.org/wiki/File:Wheel_gas_meter.jpg,https://upload.wikimedia.org/wikipedia/commons/0/0e/Wheel_gas_meter.jpg?utm_source=commons.wikimedia.org&utm_campaign=imageinfo&utm_content=original,CC BY-SA 3.0,,https://creativecommons.org/licenses/by-sa/3.0,Sgridò,,Sgridò,commons:Sgridò,27670f79c7c7f14a2f51326cf593cfa0cd1d9125,826,638,Category:Gas meters
images/gas_meter/commons_12196237.jpg,gas_meter,,train,labeled,1,commons,12196237,File:Rotary gas meter.jpg,https://commons.wikimedia.org/wiki/File:Rotary_gas_meter.jpg,https://upload.wikimedia.org/wikipedia/commons/7/75/Rotary_gas_meter.jpg?utm_source=commons.wikimedia.org&utm_campaign=imageinfo&utm_content=original,CC BY-SA 3.0,,https://creativecommons.org/licenses/by-sa/3.0,Sgridò,,Sgridò,commons:Sgridò,ffa3ed01fcf95b39e68fcbff763bccea8bba5640,1060,1280,Category:Gas meters
images/gas_meter/commons_124576158.jpg,gas_meter,,train,labeled,2,commons,124576158,"File:Northeast at Roswell Darius Bird Sr. House, Mar 17.jpg","https://commons.wikimedia.org/wiki/File:Northeast_at_Roswell_Darius_Bird_Sr._House,_Mar_17.jpg",https://upload.wikimedia.org/wikipedia/commons/e/e6/Northeast_at_Roswell_Darius_Bird_Sr._House%2C_Mar_17.jpg?utm_source=commons.wikimedia.org&utm_campaign=imageinfo&utm_content=original,CC BY-SA 4.0,,https://creativecommons.org/licenses/by-sa/4.0,An Errant Knight,,An Errant Knight,commons:An Errant Knight,17ac8e1c206c3bedb2c396109d1c6c56bb960803,1280,960,Category:Gas meters
images/gas_meter/commons_12859164.jpg,gas_meter,,,unlabeled,0,commons,12859164,File:Toulouse - Rue Gramat - 20110130 (1).jpg,https://commons.wikimedia.org/wiki/File:Toulouse_-_Rue_Gramat_-_20110130_(1).jpg,https://upload.wikimedia.org/wikipedia/commons/1/1e/Toulouse_-_Rue_Gramat_-_20110130_%281%29.jpg?utm_source=commons.wikimedia.org&utm_campaign=imageinfo&utm_content=original,CC0,,http://creativecommons.org/publicdomain/zero/1.0/deed.en,Olybrius,,Olybrius,commons:Olybrius,759cbe76c2ce61797bc116408981751c10c031a3,1280,960,Category:Gas meters
images/gas_meter/commons_133803737.jpg,gas_meter,,,unlabeled,0,commons,133803737,File:2018 Kilauea East Rift Zone Eruption (ASTER).jpg,https://commons.wikimedia.org/wiki/File:2018_Kilauea_East_Rift_Zone_Eruption_(ASTER).jpg,https://upload.wikimedia.org/wikipedia/commons/3/32/2018_Kilauea_East_Rift_Zone_Eruption_%28ASTER%29.jpg?utm_source=commons.wikimedia.org&utm_campaign=imageinfo&utm_content=original,Public domain,,,"NASA/METI/AIST/Japan Space Systems, and U.S./Japan ASTER Science Team",,OptimusPrimeBot,commons:OptimusPrimeBot,2a1cff174ab7c9e0dc1a5c2f35992f2b16f40fdb,1280,904,search:gas meter house
images/gas_meter/commons_134289039.jpg,gas_meter,,,unlabeled,0,commons,134289039,"File:Michigan Consolidated Gas Company Building (One Woodward), Woodward Avenue, Detroit, MI.jpg","https://commons.wikimedia.org/wiki/File:Michigan_Consolidated_Gas_Company_Building_(One_Woodward),_Woodward_Avenue,_Detroit,_MI.jpg",https://upload.wikimedia.org/wikipedia/commons/9/93/Michigan_Consolidated_Gas_Company_Building_%28One_Woodward%29%2C_Woodward_Avenue%2C_Detroit%2C_MI.jpg?utm_source=commons.wikimedia.org&utm_campaign=imageinfo&utm_content=original,CC BY-SA 2.0,,https://creativecommons.org/licenses/by-sa/2.0,w_lemay,,Ser Amantio di Nicolao,commons:Ser Amantio di Nicolao,ef9a84a4036710a50eec0a379bd3a37178b0e15e,960,1280,search:gas meter house
images/gas_meter/commons_134289486.jpg,gas_meter,,,unlabeled,0,commons,134289486,"File:Michigan Consolidated Gas Company Building (One Woodward), Woodward Avenue, Detroit, MI - 53027062206.jpg","https://commons.wikimedia.org/wiki/File:Michigan_Consolidated_Gas_Company_Building_(One_Woodward),_Woodward_Avenue,_Detroit,_MI_-_53027062206.jpg",https://upload.wikimedia.org/wikipedia/commons/a/a4/Michigan_Consolidated_Gas_Company_Building_%28One_Woodward%29%2C_Woodward_Avenue%2C_Detroit%2C_MI_-_53027062206.jpg?utm_source=commons.wikimedia.org&utm_campaign=imageinfo&utm_content=original,CC BY-SA 2.0,,https://creativecommons.org/licenses/by-sa/2.0,w_lemay,,Ser Amantio di Nicolao,commons:Ser Amantio di Nicolao,f4c1972a48f2797554bd596fc8afc9133bf6c123,960,1280,search:gas meter house
images/gas_meter/commons_134289488.jpg,gas_meter,,,unlabeled,0,commons,134289488,"File:Michigan Consolidated Gas Company Building (One Woodward), Woodward Avenue, Detroit, MI - 53027548028.jpg","https://commons.wikimedia.org/wiki/File:Michigan_Consolidated_Gas_Company_Building_(One_Woodward),_Woodward_Avenue,_Detroit,_MI_-_53027548028.jpg",https://upload.wikimedia.org/wikipedia/commons/6/6a/Michigan_Consolidated_Gas_Company_Building_%28One_Woodward%29%2C_Woodward_Avenue%2C_Detroit%2C_MI_-_53027548028.jpg?utm_source=commons.wikimedia.org&utm_campaign=imageinfo&utm_content=original,CC BY-SA 2.0,,https://creativecommons.org/licenses/by-sa/2.0,w_lemay,,Ser Amantio di Nicolao,commons:Ser Amantio di Nicolao,d8e56911deadb3edb36dbdd270cd159b3a2428c5,960,1280,search:gas meter house
images/gas_meter/commons_135183862.jpg,gas_meter,,train,labeled,1,commons,135183862,File:מונה גז מרכזי.jpg,https://commons.wikimedia.org/wiki/File:%D7%9E%D7%95%D7%A0%D7%94_%D7%92%D7%96_%D7%9E%D7%A8%D7%9B%D7%96%D7%99.jpg,https://upload.wikimedia.org/wikipedia/commons/2/2e/%D7%9E%D7%95%D7%A0%D7%94_%D7%92%D7%96_%D7%9E%D7%A8%D7%9B%D7%96%D7%99.jpg?utm_source=commons.wikimedia.org&utm_campaign=imageinfo&utm_content=original,CC BY-SA 4.0,,https://creativecommons.org/licenses/by-sa/4.0,Yoram Shoval,,Mr.Shoval,commons:Mr.Shoval,89c28221b9c948f2cde15d68d4339d07624c2fa8,960,1280,Category:Gas meters
images/gas_meter/commons_141194340.jpg,gas_meter,,,unlabeled,0,commons,141194340,File:GaszaehlerH2a.jpg,https://commons.wikimedia.org/wiki/File:GaszaehlerH2a.jpg,https://upload.wikimedia.org/wikipedia/commons/7/78/GaszaehlerH2a.jpg?utm_source=commons.wikimedia.org&utm_campaign=imageinfo&utm_content=original,CC0,,http://creativecommons.org/publicdomain/zero/1.0/deed.en,HelgeRieder,,HelgeRieder,commons:HelgeRieder,717374e5cf6e62fc6b948ec920b730e2a3f8d8c9,1280,724,Category:Gas meters
images/gas_meter/commons_143319957.jpg,gas_meter,,train,labeled,1,commons,143319957,File:Gaszähler 20201217 155347.jpg,https://commons.wikimedia.org/wiki/File:Gasz%C3%A4hler_20201217_155347.jpg,https://upload.wikimedia.org/wikipedia/commons/9/95/Gasz%C3%A4hler_20201217_155347.jpg?utm_source=commons.wikimedia.org&utm_campaign=imageinfo&utm_content=original,CC BY-SA 4.0,,https://creativecommons.org/licenses/by-sa/4.0,Der Bauernseufzer,,Der X an alle Rahm,commons:Der X an alle Rahm,91b485cbb41c342ff7845c71de33cd97f946c2c8,960,1280,Category:Gas meters
images/gas_meter/commons_143814483.jpg,gas_meter,,train,labeled,4,commons,143814483,File:Shibuya (53134160359).jpg,https://commons.wikimedia.org/wiki/File:Shibuya_(53134160359).jpg,https://upload.wikimedia.org/wikipedia/commons/f/f3/Shibuya_%2853134160359%29.jpg?utm_source=commons.wikimedia.org&utm_campaign=imageinfo&utm_content=original,CC BY 2.0,,https://creativecommons.org/licenses/by/2.0,"Dick Thomas Johnson from Tokyo, Japan",,Yacàwotçã,commons:Yacàwotçã,dc633347beda09e3d17efd2b76add727eaeb7464,853,1280,Category:Gas meters
images/gas_meter/commons_148318834.jpg,gas_meter,,train,labeled,2,commons,148318834,File:Gazpar (1).jpg,https://commons.wikimedia.org/wiki/File:Gazpar_(1).jpg,https://upload.wikimedia.org/wikipedia/commons/a/a4/Gazpar_%281%29.jpg?utm_source=commons.wikimedia.org&utm_campaign=imageinfo&utm_content=original,CC BY-SA 4.0,,https://creativecommons.org/licenses/by-sa/4.0,Cjp24,,Cjp24,commons:Cjp24,e12339ec545a30a4874dbdaf1ef998c66487f43d,960,1062,Category:Gas meters
images/gas_meter/commons_148318837.jpg,gas_meter,,train,labeled,1,commons,148318837,File:Gazpar (2).jpg,https://commons.wikimedia.org/wiki/File:Gazpar_(2).jpg,https://upload.wikimedia.org/wikipedia/commons/4/4a/Gazpar_%282%29.jpg?utm_source=commons.wikimedia.org&utm_campaign=imageinfo&utm_content=original,CC BY-SA 4.0,,https://creativecommons.org/licenses/by-sa/4.0,Cjp24,,Cjp24,commons:Cjp24,d8c454727995b28d46b040ef423923c5ec641186,960,1063,Category:Gas meters
images/gas_meter/commons_149209597.jpg,gas_meter,,,unlabeled,0,commons,149209597,"File:Lobby, Mid-Continent Tower, 4th Street and Boston Avenue, Tulsa, OK.jpg","https://commons.wikimedia.org/wiki/File:Lobby,_Mid-Continent_Tower,_4th_Street_and_Boston_Avenue,_Tulsa,_OK.jpg",https://upload.wikimedia.org/wikipedia/commons/8/8b/Lobby%2C_Mid-Continent_Tower%2C_4th_Street_and_Boston_Avenue%2C_Tulsa%2C_OK.jpg?utm_source=commons.wikimedia.org&utm_campaign=imageinfo&utm_content=original,CC BY-SA 2.0,,https://creativecommons.org/licenses/by-sa/2.0,w_lemay,,Ser Amantio di Nicolao,commons:Ser Amantio di Nicolao,178198abf285a7c9381ab1e174a00ce8622a2627,1280,960,search:gas meter house
images/gas_meter/commons_15087281.jpg,gas_meter,,train,labeled,4,commons,15087281,File:Massy Essonne 020.jpg,https://commons.wikimedia.org/wiki/File:Massy_Essonne_020.jpg,https://upload.wikimedia.org/wikipedia/commons/8/89/Massy_Essonne_020.jpg?utm_source=commons.wikimedia.org&utm_campaign=imageinfo&utm_content=original,CC BY-SA 3.0,,https://creativecommons.org/licenses/by-sa/3.0,Lionel Allorge,,Lionel Allorge,commons:Lionel Allorge,bbaad3294b658de0a80bc6633df7bf15491b0724,1280,853,Category:Gas meters
images/gas_meter/commons_151824010.jpg,gas_meter,,train,labeled,4,commons,151824010,File:2024 08 25 IMG 6746.JPG,https://commons.wikimedia.org/wiki/File:2024_08_25_IMG_6746.JPG,https://upload.wikimedia.org/wikipedia/commons/9/96/2024_08_25_IMG_6746.JPG?utm_source=commons.wikimedia.org&utm_campaign=imageinfo&utm_content=original,CC BY-SA 4.0,,https://creativecommons.org/licenses/by-sa/4.0,Tanbir M-05,,Dfsjlk1,commons:Dfsjlk1,64b37522975f4a29416636b053394c963778fbd2,720,480,Category:Gas meters
images/gas_meter/commons_15183535.jpg,gas_meter,,train,labeled,1,commons,15183535,File:Compteur Gaz Fun Bissardon Caluire.JPG,https://commons.wikimedia.org/wiki/File:Compteur_Gaz_Fun_Bissardon_Caluire.JPG,https://upload.wikimedia.org/wikipedia/commons/c/ca/Compteur_Gaz_Fun_Bissardon_Caluire.JPG?utm_source=commons.wikimedia.org&utm_campaign=imageinfo&utm_content=original,CC BY-SA 3.0,,https://creativecommons.org/licenses/by-sa/3.0,"This picture belongs to Xavier Caré. Please credit : Xavier Caré / Wikimedia Commons / CC-BY-SA. If you would like special permission to use, license, or purchase the image please contact me to negoti",,Rexcornot,commons:Rexcornot,8e9db094f4b39b2f1293508cc737d71d7164d180,960,1280,Category:Gas meters
images/gas_meter/commons_151929802.jpg,gas_meter,,,unlabeled,0,commons,151929802,File:2024 08 25 IMG 6472.JPG,https://commons.wikimedia.org/wiki/File:2024_08_25_IMG_6472.JPG,https://upload.wikimedia.org/wikipedia/commons/7/7a/2024_08_25_IMG_6472.JPG?utm_source=commons.wikimedia.org&utm_campaign=imageinfo&utm_content=original,CC BY-SA 4.0,,https://creativecommons.org/licenses/by-sa/4.0,Tanbir M-05,,Dfsjlk1,commons:Dfsjlk1,9eb37505ce8b7ba3a48755a6914ed5d112cc4ffb,720,480,Category:Gas meters
images/gas_meter/commons_151938124.jpg,gas_meter,,train,labeled,1,commons,151938124,File:2024 08 26 IMG 7073.JPG,https://commons.wikimedia.org/wiki/File:2024_08_26_IMG_7073.JPG,https://upload.wikimedia.org/wikipedia/commons/2/29/2024_08_26_IMG_7073.JPG?utm_source=commons.wikimedia.org&utm_campaign=imageinfo&utm_content=original,CC BY-SA 4.0,,https://creativecommons.org/licenses/by-sa/4.0,Tanbir M-05,,Dfsjlk1,commons:Dfsjlk1,c6dacaa417e3edc0b1a528e4483640dd57998bc5,720,480,Category:Gas meters
images/gas_meter/commons_155277350.jpg,gas_meter,,val,labeled,2,commons,155277350,File:Gas Meter (8845661187).jpg,https://commons.wikimedia.org/wiki/File:Gas_Meter_(8845661187).jpg,https://upload.wikimedia.org/wikipedia/commons/7/7b/Gas_Meter_%288845661187%29.jpg?utm_source=commons.wikimedia.org&utm_campaign=imageinfo&utm_content=original,CC BY 2.0,,https://creativecommons.org/licenses/by/2.0,HomeSpot HQ,,TaurusEmerald,commons:TaurusEmerald,d9a01715908870947c6a146e9c1da412d86216e5,1280,1206,Category:Gas meters
images/gas_meter/commons_158118703.jpg,gas_meter,,val,labeled,1,commons,158118703,"File:Meter on the brick Wall, Niagara Mohawk Power Corporation, Syracuse.jpg","https://commons.wikimedia.org/wiki/File:Meter_on_the_brick_Wall,_Niagara_Mohawk_Power_Corporation,_Syracuse.jpg",https://upload.wikimedia.org/wikipedia/commons/2/2a/Meter_on_the_brick_Wall%2C_Niagara_Mohawk_Power_Corporation%2C_Syracuse.jpg?utm_source=commons.wikimedia.org&utm_campaign=imageinfo&utm_content=original,CC BY 2.0,,https://creativecommons.org/licenses/by/2.0,Michael Scialdone,,Kiran891,commons:Kiran891,574912afc652a4f4517dcc1e5d028d70c6db3874,1280,1280,Category:Gas meters
images/gas_meter/commons_159024156.jpg,gas_meter,,,unlabeled,0,commons,159024156,File:Cover ~25a06ueb.jpg,https://commons.wikimedia.org/wiki/File:Cover_~25a06ueb.jpg,https://upload.wikimedia.org/wikipedia/commons/2/26/Cover_~25a06ueb.jpg?utm_source=commons.wikimedia.org&utm_campaign=imageinfo&utm_content=original,CC BY-SA 4.0,,https://creativecommons.org/licenses/by-sa/4.0,Grzegorz W. Tężycki,,Grzexs,commons:Grzexs,d35f1720762fcd4dd394f0b618a5ae2b0b88280b,853,1280,Category:Gas meters
images/gas_meter/commons_159683394.jpg,gas_meter,,train,labeled,1,commons,159683394,File:Cat-nazawa.jpg,https://commons.wikimedia.org/wiki/File:Cat-nazawa.jpg,https://upload.wikimedia.org/wikipedia/commons/9/9d/Cat-nazawa.jpg?utm_source=commons.wikimedia.org&utm_campaign=imageinfo&utm_content=original,CC BY 2.0,,https://creativecommons.org/licenses/by/2.0,sergejf,,Jesper Vire,commons:Jesper Vire,02f5d63365e0ce923d8dd2c172484dac00198960,1280,989,Category:Gas meters
images/gas_meter/commons_159700110.jpg,gas_meter,,train,labeled,1,commons,159700110,File:2025-02-09 25 & 27 Giorgi Shatberashvili 2nd Lane.jpg,https://commons.wikimedia.org/wiki/File:2025-02-09_25_%26_27_Giorgi_Shatberashvili_2nd_Lane.jpg,https://upload.wikimedia.org/wikipedia/commons/5/5b/2025-02-09_25_%26_27_Giorgi_Shatberashvili_2nd_Lane.jpg?utm_source=commons.wikimedia.org&utm_campaign=imageinfo&utm_content=original,CC BY-SA 4.0,,https://creativecommons.org/licenses/by-sa/4.0,Yuri Samoylov,,Yuri Samoylov,commons:Yuri Samoylov,e198a68ac289d7ce919659fb75f43291017a25b4,1280,977,Category:Gas meters
images/gas_meter/commons_168568068.jpg,gas_meter,,train,labeled,4,commons,168568068,File:Historical Gas meters.jpg,https://commons.wikimedia.org/wiki/File:Historical_Gas_meters.jpg,https://upload.wikimedia.org/wikipedia/commons/2/2a/Historical_Gas_meters.jpg?utm_source=commons.wikimedia.org&utm_campaign=imageinfo&utm_content=original,CC BY-SA 4.0,,https://creativecommons.org/licenses/by-sa/4.0,Satsukiwriter,,Satsukiwriter,commons:Satsukiwriter,8bb64932a728bce9132d1cd1fb368d79857413e5,1280,960,Category:Gas meters
images/gas_meter/commons_169485708.jpg,gas_meter,,val,labeled,5,commons,169485708,File:Seattle - gas meters for floating homes on Westlake 02.jpg,https://commons.wikimedia.org/wiki/File:Seattle_-_gas_meters_for_floating_homes_on_Westlake_02.jpg,https://upload.wikimedia.org/wikipedia/commons/5/5b/Seattle_-_gas_meters_for_floating_homes_on_Westlake_02.jpg?utm_source=commons.wikimedia.org&utm_campaign=imageinfo&utm_content=original,CC BY-SA 4.0,,https://creativecommons.org/licenses/by-sa/4.0,Joe Mabel,,Jmabel,commons:Jmabel,9c27399f0a571d8e9a44e7dc26899019a1b8d2fe,1280,853,Category:Gas meters
images/gas_meter/commons_169485711.jpg,gas_meter,,val,labeled,1,commons,169485711,File:Seattle - gas meters for floating homes on Westlake 01.jpg,https://commons.wikimedia.org/wiki/File:Seattle_-_gas_meters_for_floating_homes_on_Westlake_01.jpg,https://upload.wikimedia.org/wikipedia/commons/f/f7/Seattle_-_gas_meters_for_floating_homes_on_Westlake_01.jpg?utm_source=commons.wikimedia.org&utm_campaign=imageinfo&utm_content=original,CC BY-SA 4.0,,https://creativecommons.org/licenses/by-sa/4.0,Joe Mabel,,Jmabel,commons:Jmabel,29148dc707640eeae652ffa3b0223a24872c3cf5,1280,853,Category:Gas meters
images/gas_meter/commons_169485719.jpg,gas_meter,,val,labeled,2,commons,169485719,File:Seattle - gas meters for floating homes on Westlake 03.jpg,https://commons.wikimedia.org/wiki/File:Seattle_-_gas_meters_for_floating_homes_on_Westlake_03.jpg,https://upload.wikimedia.org/wikipedia/commons/7/73/Seattle_-_gas_meters_for_floating_homes_on_Westlake_03.jpg?utm_source=commons.wikimedia.org&utm_campaign=imageinfo&utm_content=original,CC BY-SA 4.0,,https://creativecommons.org/licenses/by-sa/4.0,Joe Mabel,,Jmabel,commons:Jmabel,dda18fbd9f4f62c2adc89f165720b9e9cf3d31e9,1280,853,Category:Gas meters
images/gas_meter/commons_1694960.jpg,gas_meter,,val,labeled,2,commons,1694960,File:Gas meter 01.jpg,https://commons.wikimedia.org/wiki/File:Gas_meter_01.jpg,https://upload.wikimedia.org/wikipedia/commons/5/54/Gas_meter_01.jpg?utm_source=commons.wikimedia.org&utm_campaign=imageinfo&utm_content=original,CC BY-SA 3.0,,http://creativecommons.org/licenses/by-sa/3.0/,Joe Mabel,,Jmabel,commons:Jmabel,c82bee1c2f71a78457c70702be34c465b932e65a,1280,960,Category:Gas meters
images/gas_meter/commons_1694963.jpg,gas_meter,,val,labeled,2,commons,1694963,File:Gas meter 02.jpg,https://commons.wikimedia.org/wiki/File:Gas_meter_02.jpg,https://upload.wikimedia.org/wikipedia/commons/c/cf/Gas_meter_02.jpg?utm_source=commons.wikimedia.org&utm_campaign=imageinfo&utm_content=original,CC BY-SA 3.0,,http://creativecommons.org/licenses/by-sa/3.0/,Joe Mabel,,Jmabel,commons:Jmabel,664195732dab4eeab967b9091a47f3e6e980d480,1280,960,Category:Gas meters
images/gas_meter/commons_169976.jpg,gas_meter,,val,labeled,2,commons,169976,File:Gas meter.JPG,https://commons.wikimedia.org/wiki/File:Gas_meter.JPG,https://upload.wikimedia.org/wikipedia/commons/a/a8/Gas_meter.JPG?utm_source=commons.wikimedia.org&utm_campaign=imageinfo&utm_content=original,Public domain,,,RadRafe,,RadRafe~commonswiki,commons:RadRafe~commonswiki,829727fb0dead739fc2da62cd13d6e3106257365,1280,1280,Category:Gas meters
images/gas_meter/commons_169981.jpg,gas_meter,,val,labeled,1,commons,169981,File:Gas meter indicator.jpg,https://commons.wikimedia.org/wiki/File:Gas_meter_indicator.jpg,https://upload.wikimedia.org/wikipedia/commons/c/ce/Gas_meter_indicator.jpg?utm_source=commons.wikimedia.org&utm_campaign=imageinfo&utm_content=original,Public domain,,,,,RadRafe~commonswiki,commons:RadRafe~commonswiki,0dd232e56896fc36450171794c1ef10da3e55900,1280,960,Category:Gas meters
images/gas_meter/commons_170851393.jpg,gas_meter,,train,labeled,1,commons,170851393,File:Gaszähler TECHNOSEUM EVZ-1990-0513-0018.jpg,https://commons.wikimedia.org/wiki/File:Gasz%C3%A4hler_TECHNOSEUM_EVZ-1990-0513-0018.jpg,https://upload.wikimedia.org/wikipedia/commons/3/3d/Gasz%C3%A4hler_TECHNOSEUM_EVZ-1990-0513-0018.jpg?utm_source=commons.wikimedia.org&utm_campaign=imageinfo&utm_content=original,CC BY-SA 4.0,,https://creativecommons.org/licenses/by-sa/4.0,Württembergische Gaszählerfabrik J. Braun und Co. (Hersteller),,Sammlungen TECHNOSEUM,commons:Sammlungen TECHNOSEUM,6aec312726f9156f75fba47a45e948ca3b505126,942,1280,Category:Gas meters
images/gas_meter/commons_171894889.jpg,gas_meter,,train,labeled,1,commons,171894889,File:Sammlung Stadtmuseum Riesa 18.jpg,https://commons.wikimedia.org/wiki/File:Sammlung_Stadtmuseum_Riesa_18.jpg,https://upload.wikimedia.org/wikipedia/commons/c/ca/Sammlung_Stadtmuseum_Riesa_18.jpg?utm_source=commons.wikimedia.org&utm_campaign=imageinfo&utm_content=original,CC BY 4.0,,https://creativecommons.org/licenses/by/4.0,Derbrauni,,Derbrauni,commons:Derbrauni,149f41350cf4528bfd435373081613db5954b1d5,906,1280,Category:Gas meters
images/gas_meter/commons_171894894.jpg,gas_meter,,,unlabeled,0,commons,171894894,File:Sammlung Stadtmuseum Riesa 19.jpg,https://commons.wikimedia.org/wiki/File:Sammlung_Stadtmuseum_Riesa_19.jpg,https://upload.wikimedia.org/wikipedia/commons/3/37/Sammlung_Stadtmuseum_Riesa_19.jpg?utm_source=commons.wikimedia.org&utm_campaign=imageinfo&utm_content=original,CC BY 4.0,,https://creativecommons.org/licenses/by/4.0,Derbrauni,,Derbrauni,commons:Derbrauni,71774b23f1d9213c8b8b12a9604c24316322b9ac,960,1069,Category:Gas meters
images/gas_meter/commons_171894903.jpg,gas_meter,,train,labeled,1,commons,171894903,File:Sammlung Stadtmuseum Riesa 20.jpg,https://commons.wikimedia.org/wiki/File:Sammlung_Stadtmuseum_Riesa_20.jpg,https://upload.wikimedia.org/wikipedia/commons/c/c6/Sammlung_Stadtmuseum_Riesa_20.jpg?utm_source=commons.wikimedia.org&utm_campaign=imageinfo&utm_content=original,CC BY 4.0,,https://creativecommons.org/licenses/by/4.0,Derbrauni,,Derbrauni,commons:Derbrauni,80f1f8fecb9810a70bd1590f4c49f3ea22c324c5,571,1280,Category:Gas meters
images/gas_meter/commons_1735625.jpg,gas_meter,,val,labeled,1,commons,1735625,File:Gas meter 03.jpg,https://commons.wikimedia.org/wiki/File:Gas_meter_03.jpg,https://upload.wikimedia.org/wikipedia/commons/3/33/Gas_meter_03.jpg?utm_source=commons.wikimedia.org&utm_campaign=imageinfo&utm_content=original,CC BY-SA 3.0,,http://creativecommons.org/licenses/by-sa/3.0/,KENPEI,,KENPEI,commons:KENPEI,de6e398a97350e2daf8ffa53c0f8457490e965c8,514,691,Category:Gas meters
images/gas_meter/commons_177047322.jpg,gas_meter,,val,labeled,1,commons,177047322,File:Coin operated gas meter.jpg,https://commons.wikimedia.org/wiki/File:Coin_operated_gas_meter.jpg,https://upload.wikimedia.org/wikipedia/commons/d/db/Coin_operated_gas_meter.jpg?utm_source=commons.wikimedia.org&utm_campaign=imageinfo&utm_content=original,CC0,,http://creativecommons.org/publicdomain/zero/1.0/deed.en,UnifiedFunctionality,,UnifiedFunctionality,commons:UnifiedFunctionality,877f9a10798dcdcc46038850aa33e6709463a03f,1280,1280,Category:Gas meters
images/gas_meter/commons_178960337.jpg,gas_meter,,train,labeled,1,commons,178960337,File:Gas meter - 25 November 2025.jpg,https://commons.wikimedia.org/wiki/File:Gas_meter_-_25_November_2025.jpg,https://upload.wikimedia.org/wikipedia/commons/6/6d/Gas_meter_-_25_November_2025.jpg?utm_source=commons.wikimedia.org&utm_campaign=imageinfo&utm_content=original,CC0,,http://creativecommons.org/publicdomain/zero/1.0/deed.en,Aethonatic,,Aethonatic,commons:Aethonatic,ec006696f15680599d113c8194421d6143d26ce4,1280,854,Category:Gas meters
images/gas_meter/commons_180375637.jpg,gas_meter,,train,labeled,1,commons,180375637,File:20251017 152509 Gas meter.jpg,https://commons.wikimedia.org/wiki/File:20251017_152509_Gas_meter.jpg,https://upload.wikimedia.org/wikipedia/commons/8/86/20251017_152509_Gas_meter.jpg?utm_source=commons.wikimedia.org&utm_campaign=imageinfo&utm_content=original,CC0,,http://creativecommons.org/publicdomain/zero/1.0/deed.en,Rakoon,,Rakoon,commons:Rakoon,b74772ee50e303a15041d6a323d5feb326ade3da,720,1280,Category:Gas meters
images/gas_meter/commons_18308844.jpg,gas_meter,,train,labeled,1,commons,18308844,File:Gas-Meter-1785.jpg,https://commons.wikimedia.org/wiki/File:Gas-Meter-1785.jpg,https://upload.wikimedia.org/wikipedia/commons/9/9a/Gas-Meter-1785.jpg?utm_source=commons.wikimedia.org&utm_campaign=imageinfo&utm_content=original,CC BY-SA 3.0,,https://creativecommons.org/licenses/by-sa/3.0,Loadmaster (David R. Tribble) This image was made by Loadmaster (David R. Tribble). Email the author: David R. Tribble Also see my personal gallery at Google Photos,,Loadmaster,commons:Loadmaster,640e42376d7d987defd0ed6129978d45223dd34c,1280,851,Category:Gas meters
images/gas_meter/commons_18308890.jpg,gas_meter,,train,labeled,1,commons,18308890,File:Gas-Meter-1787.jpg,https://commons.wikimedia.org/wiki/File:Gas-Meter-1787.jpg,https://upload.wikimedia.org/wikipedia/commons/2/21/Gas-Meter-1787.jpg?utm_source=commons.wikimedia.org&utm_campaign=imageinfo&utm_content=original,CC BY-SA 3.0,,https://creativecommons.org/licenses/by-sa/3.0,Loadmaster (David R. Tribble) This image was made by Loadmaster (David R. Tribble). Email the author: David R. Tribble Also see my personal gallery at Google Photos,,Loadmaster,commons:Loadmaster,57be67954da9bccef9ba05cffc7fba08a9fc8475,851,1280,Category:Gas meters
images/gas_meter/commons_18340191.jpg,gas_meter,,train,labeled,1,commons,18340191,File:Gasversorgung Rheinag Schriesheim MK 01 Januar 2012.JPG,https://commons.wikimedia.org/wiki/File:Gasversorgung_Rheinag_Schriesheim_MK_01_Januar_2012.JPG,https://upload.wikimedia.org/wikipedia/commons/a/ac/Gasversorgung_Rheinag_Schriesheim_MK_01_Januar_2012.JPG?utm_source=commons.wikimedia.org&utm_campaign=imageinfo&utm_content=original,CC BY-SA 3.0,,https://creativecommons.org/licenses/by-sa/3.0,4028mdk09,,4028mdk09,commons:4028mdk09,d20f8078a31b025204366b18719884f9925a79fa,960,1280,Category:Gas meters
images/gas_meter/commons_18381497.jpg,gas_meter,,,unlabeled,0,commons,18381497,File:Erdgas MK V280.JPG,https://commons.wikimedia.org/wiki/File:Erdgas_MK_V280.JPG,https://upload.wikimedia.org/wikipedia/commons/3/31/Erdgas_MK_V280.JPG?utm_source=commons.wikimedia.org&utm_campaign=imageinfo&utm_content=original,CC BY-SA 3.0,,https://creativecommons.org/licenses/by-sa/3.0,4028mdk09,,4028mdk09,commons:4028mdk09,6ca1cee8cf054c212acf96c1b035d8c709b554b4,960,1280,Category:Gas meters
images/gas_meter/commons_189603236.jpg,gas_meter,,train,labeled,1,commons,189603236,"File:Plumbex India 2026, Bangalore International Exhibition Centre 98.jpg","https://commons.wikimedia.org/wiki/File:Plumbex_India_2026,_Bangalore_International_Exhibition_Centre_98.jpg",https://upload.wikimedia.org/wikipedia/commons/f/f1/Plumbex_India_2026%2C_Bangalore_International_Exhibition_Centre_98.jpg?utm_source=commons.wikimedia.org&utm_campaign=imageinfo&utm_content=original,CC BY-SA 4.0,,https://creativecommons.org/licenses/by-sa/4.0,Gpkp,,Gpkp,commons:Gpkp,4487eee5a1498a450e116ea2602ebadd8da12c48,960,1275,Category:Gas meters
images/gas_meter/commons_19430517.jpg,gas_meter,,train,labeled,2,commons,19430517,File:Gas meter at Rugby WA Floreat.jpg,https://commons.wikimedia.org/wiki/File:Gas_meter_at_Rugby_WA_Floreat.jpg,https://upload.wikimedia.org/wikipedia/commons/9/9e/Gas_meter_at_Rugby_WA_Floreat.jpg?utm_source=commons.wikimedia.org&utm_campaign=imageinfo&utm_content=original,CC BY-SA 3.0,,https://creativecommons.org/licenses/by-sa/3.0,User:Orderinchaos,,Orderinchaos,commons:Orderinchaos,e5da7629054b2063bd24096e1ebf951414111783,1280,960,Category:Gas meters
images/gas_meter/commons_1954495.jpg,gas_meter,,train,labeled,1,commons,1954495,File:Gazomierz.jpg,https://commons.wikimedia.org/wiki/File:Gazomierz.jpg,https://upload.wikimedia.org/wikipedia/commons/4/45/Gazomierz.jpg?utm_source=commons.wikimedia.org&utm_campaign=imageinfo&utm_content=original,Public domain,,,No machine-readable author provided. Piotrm00~commonswiki assumed (based on copyright claims).,,Piotrm00~commonswiki,commons:Piotrm00~commonswiki,d4ebc45f1b94ba4d2ec5212d229d74290a8dd989,960,1280,Category:Gas meters
images/gas_meter/commons_199521955.jpg,gas_meter,,val,labeled,1,commons,199521955,File:北埔金廣福公館外的天然氣表 2026-09-04.jpg,https://commons.wikimedia.org/wiki/File:%E5%8C%97%E5%9F%94%E9%87%91%E5%BB%A3%E7%A6%8F%E5%85%AC%E9%A4%A8%E5%A4%96%E7%9A%84%E5%A4%A9%E7%84%B6%E6%B0%A3%E8%A1%A8_2026-09-04.jpg,https://upload.wikimedia.org/wikipedia/commons/e/e7/%E5%8C%97%E5%9F%94%E9%87%91%E5%BB%A3%E7%A6%8F%E5%85%AC%E9%A4%A8%E5%A4%96%E7%9A%84%E5%A4%A9%E7%84%B6%E6%B0%A3%E8%A1%A8_2026-09-04.jpg?utm_source=commons.wikimedia.org&utm_campaign=imageinfo&utm_content=original,CC BY-SA 4.0,,https://creativecommons.org/licenses/by-sa/4.0,Matt Zhuang,,Matt Zhuang,commons:Matt Zhuang,58fc2b8c53db9c3793341f36076555ec415bd48e,720,1280,Category:Gas meters
images/gas_meter/commons_2104177.jpg,gas_meter,,train,labeled,1,commons,2104177,File:Dried flowers on a gas meter.jpg,https://commons.wikimedia.org/wiki/File:Dried_flowers_on_a_gas_meter.jpg,https://upload.wikimedia.org/wikipedia/commons/8/87/Dried_flowers_on_a_gas_meter.jpg?utm_source=commons.wikimedia.org&utm_campaign=imageinfo&utm_content=original,Public domain,,,,,Andreasegde,commons:Andreasegde,c710e2b0c82793284cfeeaf0e9ea1970101cd9af,960,1267,Category:Gas meters
images/gas_meter/commons_21860855.jpg,gas_meter,,train,labeled,1,commons,21860855,File:Gasmätare Göteborgs gasverk Nordgas 1959.JPG,https://commons.wikimedia.org/wiki/File:Gasm%C3%A4tare_G%C3%B6teborgs_gasverk_Nordgas_1959.JPG,https://upload.wikimedia.org/wikipedia/commons/9/96/Gasm%C3%A4tare_G%C3%B6teborgs_gasverk_Nordgas_1959.JPG?utm_source=commons.wikimedia.org&utm_campaign=imageinfo&utm_content=original,CC BY-SA 3.0,,https://creativecommons.org/licenses/by-sa/3.0,Gegik,,Gegik,commons:Gegik,24a4f210ddacc61abc80eca70dcf4243011eee05,960,1280,Category:Gas meters
images/gas_meter/commons_22451504.jpg,gas_meter,,train,labeled,1,commons,22451504,File:Gaszähler mit Münzeinwurf J Braun Stuttgart.jpg,https://commons.wikimedia.org/wiki/File:Gasz%C3%A4hler_mit_M%C3%BCnzeinwurf_J_Braun_Stuttgart.jpg,https://upload.wikimedia.org/wikipedia/commons/9/97/Gasz%C3%A4hler_mit_M%C3%BCnzeinwurf_J_Braun_Stuttgart.jpg?utm_source=commons.wikimedia.org&utm_campaign=imageinfo&utm_content=original,Public domain,,,User:FA2010,,FA2010,commons:FA2010,e9ae61a097a7f9ec77b7130fb99b949fefe8ff75,1280,1230,Category:Gas meters
images/gas_meter/commons_22519943.jpg,gas_meter,,val,labeled,8,commons,22519943,File:Gas Meters.jpg,https://commons.wikimedia.org/wiki/File:Gas_Meters.jpg,https://upload.wikimedia.org/wikipedia/commons/1/1a/Gas_Meters.jpg?utm_source=commons.wikimedia.org&utm_campaign=imageinfo&utm_content=original,CC BY 2.0,,https://creativecommons.org/licenses/by/2.0,Damian Gadal,,Jacopo Werther,commons:Jacopo Werther,ce0d5a55c0733efb9474f57fe6dc76d489bb20dd,1200,803,Category:Gas meters
images/gas_meter/commons_23008659.jpg,gas_meter,,,unlabeled,0,commons,23008659,File:Gas meters covered.jpg,https://commons.wikimedia.org/wiki/File:Gas_meters_covered.jpg,https://upload.wikimedia.org/wikipedia/commons/3/32/Gas_meters_covered.jpg?utm_source=commons.wikimedia.org&utm_campaign=imageinfo&utm_content=original,Public domain,,,Sarang,,Sarang,commons:Sarang,6a1f53f2dfdb4a509ddc1a9f8f3b8ded0f4c40e6,640,480,Category:Gas meters
images/gas_meter/commons_24060380.jpg,gas_meter,,train,labeled,2,commons,24060380,"File:Interieur, spaarboog in noorder zijbeuk met gasmeter - Bennekom - 20374060 - RCE.jpg","https://commons.wikimedia.org/wiki/File:Interieur,_spaarboog_in_noorder_zijbeuk_met_gasmeter_-_Bennekom_-_20374060_-_RCE.jpg",https://upload.wikimedia.org/wikipedia/commons/1/18/Interieur%2C_spaarboog_in_noorder_zijbeuk_met_gasmeter_-_Bennekom_-_20374060_-_RCE.jpg?utm_source=commons.wikimedia.org&utm_campaign=imageinfo&utm_content=original,CC BY-SA 4.0,,https://creativecommons.org/licenses/by-sa/4.0,Ger Barbiers,,Mr.Nostalgic,commons:Mr.Nostalgic,1cddd2c406d9c039c997e7a7b46092d433befd4b,1280,1023,Category:Gas meters
images/gas_meter/commons_242955.jpg,gas_meter,,train,labeled,1,commons,242955,File:Gas meter.jpg,https://commons.wikimedia.org/wiki/File:Gas_meter.jpg,https://upload.wikimedia.org/wikipedia/commons/6/6d/Gas_meter.jpg?utm_source=commons.wikimedia.org&utm_campaign=imageinfo&utm_content=original,CC BY-SA 2.0 at,,https://creativecommons.org/licenses/by-sa/2.0/at/deed.en,,,Zxb,commons:Zxb,e336c288e5ae4354a2834a919cfe0e298a1823ad,640,480,Category:Gas meters
images/gas_meter/commons_24336309.jpg,gas_meter,,train,labeled,1,commons,24336309,File:Measure of consumption (3361469505).jpg,https://commons.wikimedia.org/wiki/File:Measure_of_consumption_(3361469505).jpg,https://upload.wikimedia.org/wikipedia/commons/7/72/Measure_of_consumption_%283361469505%29.jpg?utm_source=commons.wikimedia.org&utm_campaign=imageinfo&utm_content=original,CC BY 2.0,,https://creativecommons.org/licenses/by/2.0,"Kenny Louie from Vancouver, Canada",,File Upload Bot (Magnus Manske),commons:File Upload Bot (Magnus Manske),6a49bc54bf3f9904c317985e48d7a81037238997,1280,850,Category:Gas meters
images/gas_meter/commons_24490070.jpg,gas_meter,,train,labeled,3,commons,24490070,File:Barbados (6821359633).jpg,https://commons.wikimedia.org/wiki/File:Barbados_(6821359633).jpg,https://upload.wikimedia.org/wikipedia/commons/2/28/Barbados_%286821359633%29.jpg?utm_source=commons.wikimedia.org&utm_campaign=imageinfo&utm_content=original,CC BY 2.0,,https://creativecommons.org/licenses/by/2.0,"Berit from Redhill/Surrey, UK",,File Upload Bot (Magnus Manske),commons:File Upload Bot (Magnus Manske),a12a9b5477d9cf9bf6edace43885988dce870172,1280,887,Category:Gas meters
images/gas_meter/commons_25488667.jpg,gas_meter,,train,labeled,1,commons,25488667,File:GasMeter1212.jpg,https://commons.wikimedia.org/wiki/File:GasMeter1212.jpg,https://upload.wikimedia.org/wikipedia/commons/9/95/GasMeter1212.jpg?utm_source=commons.wikimedia.org&utm_campaign=imageinfo&utm_content=original,CC BY-SA 3.0,,https://creativecommons.org/licenses/by-sa/3.0,"Klaas ""Z4us"" V",,ZeaForUs,commons:ZeaForUs,8a639ce6b3b64ec390e96ed468da154125621134,1212,1212,Category:Gas meters
images/gas_meter/commons_26076339.jpg,gas_meter,,train,labeled,1,commons,26076339,File:A Hadid Sazeh Pishro G4 Gas Meter Made in Iran.jpg,https://commons.wikimedia.org/wiki/File:A_Hadid_Sazeh_Pishro_G4_Gas_Meter_Made_in_Iran.jpg,https://upload.wikimedia.org/wikipedia/commons/8/88/A_Hadid_Sazeh_Pishro_G4_Gas_Meter_Made_in_Iran.jpg?utm_source=commons.wikimedia.org&utm_campaign=imageinfo&utm_content=original,CC BY-SA 3.0,,https://creativecommons.org/licenses/by-sa/3.0,Hadidsazeh,,Hadidsazeh,commons:Hadidsazeh,a35590c213be892a2e5751b948822e42ae522c18,1280,1237,Category:Gas meters
images/gas_meter/commons_27424742.jpg,gas_meter,,,unlabeled,0,commons,27424742,File:The JET magnetic fusion experiment in 1991.jpg,https://commons.wikimedia.org/wiki/File:The_JET_magnetic_fusion_experiment_in_1991.jpg,https://upload.wikimedia.org/wikipedia/commons/d/dc/The_JET_magnetic_fusion_experiment_in_1991.jpg?utm_source=commons.wikimedia.org&utm_campaign=imageinfo&utm_content=original,CC BY-SA 3.0,,https://creativecommons.org/licenses/by-sa/3.0,EFDA JET,,EFDA PI,commons:EFDA PI,d83188e203e92e40442cfcc9cf6ef8fcda7e3776,1280,1005,search:gas meter house
images/gas_meter/commons_2792613.jpg,gas_meter,,train,labeled,1,commons,2792613,File:Mycon gas mater.jpg,https://commons.wikimedia.org/wiki/File:Mycon_gas_mater.jpg,https://upload.wikimedia.org/wikipedia/commons/4/48/Mycon_gas_mater.jpg?utm_source=commons.wikimedia.org&utm_campaign=imageinfo&utm_content=original,CC BY-SA 3.0,,http://creativecommons.org/licenses/by-sa/3.0/,Shift at Japanese Wikipedia,,TakuyaMurata,commons:TakuyaMurata,48632619b44d2a7d435758f7d8b6d179b0ae01f1,480,640,Category:Gas meters
images/gas_meter/commons_31147675.jpg,gas_meter,,,unlabeled,0,commons,31147675,File:Common gas meter in Stalin-era apartment building.JPG,https://commons.wikimedia.org/wiki/File:Common_gas_meter_in_Stalin-era_apartment_building.JPG,https://upload.wikimedia.org/wikipedia/commons/5/59/Common_gas_meter_in_Stalin-era_apartment_building.JPG?utm_source=commons.wikimedia.org&utm_campaign=imageinfo&utm_content=original,Public domain,,,Dmitry G,,Dmitry G,commons:Dmitry G,78f480a8f41c8ea1ce2dcdb35a4beb4d2000774e,960,1280,Category:Gas meters
images/gas_meter/commons_3168957.jpg,gas_meter,,val,labeled,10,commons,3168957,File:Rainier Brewery gas meters.jpg,https://commons.wikimedia.org/wiki/File:Rainier_Brewery_gas_meters.jpg,https://upload.wikimedia.org/wikipedia/commons/a/a5/Rainier_Brewery_gas_meters.jpg?utm_source=commons.wikimedia.org&utm_campaign=imageinfo&utm_content=original,CC BY-SA 3.0,,http://creativecommons.org/licenses/by-sa/3.0/,Joe Mabel,,Jmabel,commons:Jmabel,987e2c2dd44dc9428125b313b550f54e833441a2,960,1280,Category:Gas meters
images/gas_meter/commons_32463474.jpg,gas_meter,,,unlabeled,0,commons,32463474,"File:Image taken from page 1044 of 'Old and New London, etc' (11189992216).jpg","https://commons.wikimedia.org/wiki/File:Image_taken_from_page_1044_of_%27Old_and_New_London,_etc%27_(11189992216).jpg",https://upload.wikimedia.org/wikipedia/commons/7/71/Image_taken_from_page_1044_of_%27Old_and_New_London%2C_etc%27_%2811189992216%29.jpg?utm_source=commons.wikimedia.org&utm_campaign=imageinfo&utm_content=original,Public domain,,,,,Broichmore,commons:Broichmore,4342efb49641a65a57d13a42250fd75295a1d45a,960,1235,Category:Gas meters
images/gas_meter/commons_34245753.jpg,gas_meter,,train,labeled,2,commons,34245753,File:Ottův slovník naučný - obrázek č. 3195.JPG,https://commons.wikimedia.org/wiki/File:Ott%C5%AFv_slovn%C3%ADk_nau%C4%8Dn%C3%BD_-_obr%C3%A1zek_%C4%8D._3195.JPG,https://upload.wikimedia.org/wikipedia/commons/4/42/Ott%C5%AFv_slovn%C3%ADk_nau%C4%8Dn%C3%BD_-_obr%C3%A1zek_%C4%8D._3195.JPG?utm_source=commons.wikimedia.org&utm_campaign=imageinfo&utm_content=original,Public domain,,,Hadonos,,Hadonos,commons:Hadonos,52a575dfcd3e43df675f534a03c7825bacd415ef,1280,833,Category:Gas meters
images/gas_meter/commons_34639070.jpg,gas_meter,,train,labeled,2,commons,34639070,File:20140627 Braşov 161.jpg,https://commons.wikimedia.org/wiki/File:20140627_Bra%C5%9Fov_161.jpg,https://upload.wikimedia.org/wikipedia/commons/6/66/20140627_Bra%C5%9Fov_161.jpg?utm_source=commons.wikimedia.org&utm_campaign=imageinfo&utm_content=original,CC BY-SA 4.0,,https://creativecommons.org/licenses/by-sa/4.0,Mark Ahsmann,,Mark Ahsmann,commons:Mark Ahsmann,2eda9f51a9bf1c15121ca917742700e41e891abf,1280,960,Category:Gas meters
images/gas_meter/commons_3635477.jpg,gas_meter,,train,labeled,8,commons,3635477,File:Double row of gas meters for a condominium complex in South San Francisco.jpg,https://commons.wikimedia.org/wiki/File:Double_row_of_gas_meters_for_a_condominium_complex_in_South_San_Francisco.jpg,https://upload.wikimedia.org/wikipedia/commons/0/0f/Double_row_of_gas_meters_for_a_condominium_complex_in_South_San_Francisco.jpg?utm_source=commons.wikimedia.org&utm_campaign=imageinfo&utm_content=original,CC BY-SA 3.0,,https://creativecommons.org/licenses/by-sa/3.0,BrokenSphere,,BrokenSphere,commons:BrokenSphere,db39ca2d05ca39f5c1936b86f00122271cd19ad7,880,1280,Category:Gas meters
images/gas_meter/commons_40089468.jpg,gas_meter,,train,labeled,1,commons,40089468,File:Garriga comptador gas FedericoCiervo 2610.jpg,https://commons.wikimedia.org/wiki/File:Garriga_comptador_gas_FedericoCiervo_2610.jpg,https://upload.wikimedia.org/wikipedia/commons/c/ce/Garriga_comptador_gas_FedericoCiervo_2610.jpg?utm_source=commons.wikimedia.org&utm_campaign=imageinfo&utm_content=original,CC BY-SA 4.0,,https://creativecommons.org/licenses/by-sa/4.0,Amadalvarez,,Amadalvarez,commons:Amadalvarez,ae2340807f2e61cb48f97157b6a1891b48d42914,853,1280,Category:Gas meters
images/gas_meter/commons_40523241.jpg,gas_meter,,train,labeled,1,commons,40523241,File:聖書 (3162018165).jpg,https://commons.wikimedia.org/wiki/File:%E8%81%96%E6%9B%B8_(3162018165).jpg,https://upload.wikimedia.org/wikipedia/commons/0/0c/%E8%81%96%E6%9B%B8_%283162018165%29.jpg?utm_source=commons.wikimedia.org&utm_campaign=imageinfo&utm_content=original,CC BY 2.0,,https://creativecommons.org/licenses/by/2.0,Junya Ogura,,Benzoyl,commons:Benzoyl,de250a3adfc7e97cee56c4c0fb1367468b41b6c5,960,1280,Category:Gas meters
images/gas_meter/commons_40584341.jpg,gas_meter,,train,labeled,17,commons,40584341,File:Gas meters and pipes (2199570777).jpg,https://commons.wikimedia.org/wiki/File:Gas_meters_and_pipes_(2199570777).jpg,https://upload.wikimedia.org/wikipedia/commons/3/32/Gas_meters_and_pipes_%282199570777%29.jpg?utm_source=commons.wikimedia.org&utm_campaign=imageinfo&utm_content=original,CC BY-SA 2.0,,https://creativecommons.org/licenses/by-sa/2.0,ivva,,Benzoyl,commons:Benzoyl,ca9ddcdfd4f4cb58faa38e84783eaa247207b929,1280,853,Category:Gas meters
images/gas_meter/commons_42170782.jpg,gas_meter,,val,labeled,8,commons,42170782,File:EnbridgeGasMeters.jpg,https://commons.wikimedia.org/wiki/File:EnbridgeGasMeters.jpg,https://upload.wikimedia.org/wikipedia/commons/3/3f/EnbridgeGasMeters.jpg?utm_source=commons.wikimedia.org&utm_campaign=imageinfo&utm_content=original,CC0,,http://creativecommons.org/publicdomain/zero/1.0/deed.en,Raysonho @ Open Grid Scheduler / Grid Engine,,Raysonho,commons:Raysonho,94ab5fa0c1b07cfa9bd3adb7afae614620ebdbea,1280,848,Category:Gas meters
images/gas_meter/commons_42360461.jpg,gas_meter,,train,labeled,1,commons,42360461,File:Gas meter with solid state pulser for remote reading.jpg,https://commons.wikimedia.org/wiki/File:Gas_meter_with_solid_state_pulser_for_remote_reading.jpg,https://upload.wikimedia.org/wikipedia/commons/a/ac/Gas_meter_with_solid_state_pulser_for_remote_reading.jpg?utm_source=commons.wikimedia.org&utm_campaign=imageinfo&utm_content=original,CC BY-SA 4.0,,https://creativecommons.org/licenses/by-sa/4.0,Z22,,Z22,commons:Z22,338fd35fc33342cfd308649e6a77b6bd9e364c4e,1280,960,Category:Gas meters
images/gas_meter/commons_4308114.jpg,gas_meter,,,unlabeled,0,commons,4308114,File:Gasbehälter Heckinghausen 01 ies.jpg,https://commons.wikimedia.org/wiki/File:Gasbeh%C3%A4lter_Heckinghausen_01_ies.jpg,https://upload.wikimedia.org/wikipedia/commons/7/7a/Gasbeh%C3%A4lter_Heckinghausen_01_ies.jpg?utm_source=commons.wikimedia.org&utm_campaign=imageinfo&utm_content=original,CC BY-SA 3.0,,http://creativecommons.org/licenses/by-sa/3.0/,Frank Vincentz,,Ies,commons:Ies,78d267f617aafac93cecfa6fe7b34eceed317f20,1280,960,Category:Gas meters
images/gas_meter/commons_43319275.jpg,gas_meter,,,unlabeled,0,commons,43319275,"File:Views of the great plant of the California and Hawaiian Sugar Refining Company at Crockett, 1914.jpg","https://commons.wikimedia.org/wiki/File:Views_of_the_great_plant_of_the_California_and_Hawaiian_Sugar_Refining_Company_at_Crockett,_1914.jpg",https://upload.wikimedia.org/wikipedia/commons/5/59/Views_of_the_great_plant_of_the_California_and_Hawaiian_Sugar_Refining_Company_at_Crockett%2C_1914.jpg?utm_source=commons.wikimedia.org&utm_campaign=imageinfo&utm_content=original,No restrictions,,https://www.flickr.com/commons/usage/,Internet Archive Book Images,,Fæ,commons:Fæ,c9a4856459660cc5e9278cf8ad47b757ae873428,835,1280,search:gas meter house
images/gas_meter/commons_43319546.jpg,gas_meter,,,unlabeled,0,commons,43319546,File:Pacific Gas and Electric magazine (1914) (14595769009).jpg,https://commons.wikimedia.org/wiki/File:Pacific_Gas_and_Electric_magazine_(1914)_(14595769009).jpg,https://upload.wikimedia.org/wikipedia/commons/0/04/Pacific_Gas_and_Electric_magazine_%281914%29_%2814595769009%29.jpg?utm_source=commons.wikimedia.org&utm_campaign=imageinfo&utm_content=original,No restrictions,,https://www.flickr.com/commons/usage/,Internet Archive Book Images,,Fæ,commons:Fæ,94fe1b95abe56bd814ccaca29eefcceaa2398f85,825,1280,search:gas meter house
images/gas_meter/commons_43319576.jpg,gas_meter,,,unlabeled,0,commons,43319576,File:Cathedral Rocks or The Three Graces.jpg,https://commons.wikimedia.org/wiki/File:Cathedral_Rocks_or_The_Three_Graces.jpg,https://upload.wikimedia.org/wikipedia/commons/4/40/Cathedral_Rocks_or_The_Three_Graces.jpg?utm_source=commons.wikimedia.org&utm_campaign=imageinfo&utm_content=original,No restrictions,,https://www.flickr.com/commons/usage/,Internet Archive Book Images,,Fæ,commons:Fæ,235719b094f7a82591b6bf86bb56d215c4024c0f,760,1220,search:gas meter house
images/gas_meter/commons_43319661.jpg,gas_meter,,train,labeled,3,commons,43319661,File:Pacific Gas and Electric magazine (1912) (14760963146).jpg,https://commons.wikimedia.org/wiki/File:Pacific_Gas_and_Electric_magazine_(1912)_(14760963146).jpg,https://upload.wikimedia.org/wikipedia/commons/5/53/Pacific_Gas_and_Electric_magazine_%281912%29_%2814760963146%29.jpg?utm_source=commons.wikimedia.org&utm_campaign=imageinfo&utm_content=original,No restrictions,,https://www.flickr.com/commons/usage/,Internet Archive Book Images,,Fæ,commons:Fæ,5c01162a58c02e106b9cee6922e965b50ff7e005,1280,878,search:gas meter house
images/gas_meter/commons_43359967.jpg,gas_meter,,,unlabeled,0,commons,43359967,File:Garden city houses and domestic interior details (1913) (14775652101).jpg,https://commons.wikimedia.org/wiki/File:Garden_city_houses_and_domestic_interior_details_(1913)_(14775652101).jpg,https://upload.wikimedia.org/wikipedia/commons/8/8f/Garden_city_houses_and_domestic_interior_details_%281913%29_%2814775652101%29.jpg?utm_source=commons.wikimedia.org&utm_campaign=imageinfo&utm_content=original,No restrictions,,https://www.flickr.com/commons/usage/,Internet Archive Book Images,,SteinsplitterBot,commons:SteinsplitterBot,dde2569f2614725be24193af0d34711d93cc43d5,1280,742,search:gas meter house
images/gas_meter/commons_45275270.jpg,gas_meter,,train,labeled,1,commons,45275270,File:Izakaya Roppongi 20151127.jpg,https://commons.wikimedia.org/wiki/File:Izakaya_Roppongi_20151127.jpg,https://upload.wikimedia.org/wikipedia/commons/f/fa/Izakaya_Roppongi_20151127.jpg?utm_source=commons.wikimedia.org&utm_campaign=imageinfo&utm_content=original,CC0,,http://creativecommons.org/publicdomain/zero/1.0/deed.en,玄史生,,玄史生,commons:玄史生,bac0b2bbb2f86ec446c401d6cbc9e4d0cddaebcd,1280,989,Category:Gas meters
images/gas_meter/commons_46569758.jpg,gas_meter,,train,labeled,1,commons,46569758,File:Gas meter 2.jpg,https://commons.wikimedia.org/wiki/File:Gas_meter_2.jpg,https://upload.wikimedia.org/wikipedia/commons/c/c8/Gas_meter_2.jpg?utm_source=commons.wikimedia.org&utm_campaign=imageinfo&utm_content=original,CC BY-SA 3.0,,https://creativecommons.org/licenses/by-sa/3.0,Tim36272,,Tim36272,commons:Tim36272,37dbf536a598244c4507f25580fb28a6b2b27e13,1280,960,Category:Gas meters
images/gas_meter/commons_48235241.jpg,gas_meter,,val,labeled,16,commons,48235241,File:EnbridgeGasMeters4.jpg,https://commons.wikimedia.org/wiki/File:EnbridgeGasMeters4.jpg,https://upload.wikimedia.org/wikipedia/commons/3/3f/EnbridgeGasMeters4.jpg?utm_source=commons.wikimedia.org&utm_campaign=imageinfo&utm_content=original,CC0,,http://creativecommons.org/publicdomain/zero/1.0/deed.en,Raysonho @ Open Grid Scheduler / Grid Engine,,Raysonho,commons:Raysonho,6eb5e91c152d70efb0b783ea2b74939eeb7b7283,1280,848,Category:Gas meters
images/gas_meter/commons_48235243.jpg,gas_meter,,val,labeled,4,commons,48235243,File:EnbridgeGasMeters3.jpg,https://commons.wikimedia.org/wiki/File:EnbridgeGasMeters3.jpg,https://upload.wikimedia.org/wikipedia/commons/b/b1/EnbridgeGasMeters3.jpg?utm_source=commons.wikimedia.org&utm_campaign=imageinfo&utm_content=original,CC0,,http://creativecommons.org/publicdomain/zero/1.0/deed.en,Raysonho @ Open Grid Scheduler / Grid Engine,,Raysonho,commons:Raysonho,4694d46ec30163d30258cce8e31033d914e3ca96,1280,848,Category:Gas meters
images/gas_meter/commons_48235244.jpg,gas_meter,,val,labeled,2,commons,48235244,File:EnbridgeGasMeters2.jpg,https://commons.wikimedia.org/wiki/File:EnbridgeGasMeters2.jpg,https://upload.wikimedia.org/wikipedia/commons/9/97/EnbridgeGasMeters2.jpg?utm_source=commons.wikimedia.org&utm_campaign=imageinfo&utm_content=original,CC0,,http://creativecommons.org/publicdomain/zero/1.0/deed.en,Raysonho @ Open Grid Scheduler / Grid Engine,,Raysonho,commons:Raysonho,2f0a442f76362e0d837bdbd380cc147d247c028e,1280,848,Category:Gas meters
images/gas_meter/commons_49714026.jpg,gas_meter,,train,labeled,1,commons,49714026,"File:Paris, mairie du 10e arrdt, sous-sol, compteur à gaz 01.jpg","https://commons.wikimedia.org/wiki/File:Paris,_mairie_du_10e_arrdt,_sous-sol,_compteur_%C3%A0_gaz_01.jpg",https://upload.wikimedia.org/wikipedia/commons/e/ed/Paris%2C_mairie_du_10e_arrdt%2C_sous-sol%2C_compteur_%C3%A0_gaz_01.jpg?utm_source=commons.wikimedia.org&utm_campaign=imageinfo&utm_content=original,CC BY-SA 4.0,,https://creativecommons.org/licenses/by-sa/4.0,Coyau,,Coyau,commons:Coyau,d7a3880e71f7e4fc9e5cb1b8c49fc227bfb0f696,853,1280,Category:Gas meters
images/gas_meter/commons_49714066.jpg,gas_meter,,train,labeled,1,commons,49714066,"File:Paris, mairie du 10e arrdt, sous-sol, compteur à gaz 02.jpg","https://commons.wikimedia.org/wiki/File:Paris,_mairie_du_10e_arrdt,_sous-sol,_compteur_%C3%A0_gaz_02.jpg",https://upload.wikimedia.org/wikipedia/commons/a/a7/Paris%2C_mairie_du_10e_arrdt%2C_sous-sol%2C_compteur_%C3%A0_gaz_02.jpg?utm_source=commons.wikimedia.org&utm_campaign=imageinfo&utm_content=original,CC BY-SA 4.0,,https://creativecommons.org/licenses/by-sa/4.0,Coyau,,Coyau,commons:Coyau,c48ab85876ab37242a6667317dd2363421c4d01b,853,1280,Category:Gas meters
images/gas_meter/commons_49714105.jpg,gas_meter,,train,labeled,1,commons,49714105,"File:Paris, mairie du 10e arrdt, sous-sol, compteur à gaz 03.jpg","https://commons.wikimedia.org/wiki/File:Paris,_mairie_du_10e_arrdt,_sous-sol,_compteur_%C3%A0_gaz_03.jpg",https://upload.wikimedia.org/wikipedia/commons/9/95/Paris%2C_mairie_du_10e_arrdt%2C_sous-sol%2C_compteur_%C3%A0_gaz_03.jpg?utm_source=commons.wikimedia.org&utm_campaign=imageinfo&utm_content=original,CC BY-SA 4.0,,https://creativecommons.org/licenses/by-sa/4.0,Coyau,,Coyau,commons:Coyau,5234f670406f2c867f5b5e90e87b94d9005e06a8,853,1280,Category:Gas meters
images/gas_meter/commons_49714188.jpg,gas_meter,,,unlabeled,0,commons,49714188,"File:Paris, mairie du 10e arrdt, sous-sol, enregistreur à gaz 01.jpg","https://commons.wikimedia.org/wiki/File:Paris,_mairie_du_10e_arrdt,_sous-sol,_enregistreur_%C3%A0_gaz_01.jpg",https://upload.wikimedia.org/wikipedia/commons/0/06/Paris%2C_mairie_du_10e_arrdt%2C_sous-sol%2C_enregistreur_%C3%A0_gaz_01.jpg?utm_source=commons.wikimedia.org&utm_campaign=imageinfo&utm_content=original,CC BY-SA 4.0,,https://creativecommons.org/licenses/by-sa/4.0,Coyau,,Coyau,commons:Coyau,861e205dbbb98dc8a385f2c42367988ce1c4050f,1280,853,Category:Gas meters
images/gas_meter/commons_50659827.jpg,gas_meter,,,unlabeled,0,commons,50659827,"File:Jesse Rudd, arrested for stealing money from a gas meter (22165721069).jpg","https://commons.wikimedia.org/wiki/File:Jesse_Rudd,_arrested_for_stealing_money_from_a_gas_meter_(22165721069).jpg",https://upload.wikimedia.org/wikipedia/commons/a/ac/Jesse_Rudd%2C_arrested_for_stealing_money_from_a_gas_meter_%2822165721069%29.jpg?utm_source=commons.wikimedia.org&utm_campaign=imageinfo&utm_content=original,No restrictions,,https://www.flickr.com/commons/usage/,Tyne &amp; Wear Archives &amp; Museums,,Huski1,commons:Huski1,fb95c9409b036c356fd7383a6616c5da6fde6089,606,899,search:gas meter house
images/gas_meter/commons_52500590.jpg,gas_meter,,train,labeled,2,commons,52500590,File:大サービス品 奉仕品 (516904753).jpg,https://commons.wikimedia.org/wiki/File:%E5%A4%A7%E3%82%B5%E3%83%BC%E3%83%93%E3%82%B9%E5%93%81_%E5%A5%89%E4%BB%95%E5%93%81_(516904753).jpg,https://upload.wikimedia.org/wikipedia/commons/c/cf/%E5%A4%A7%E3%82%B5%E3%83%BC%E3%83%93%E3%82%B9%E5%93%81_%E5%A5%89%E4%BB%95%E5%93%81_%28516904753%29.jpg?utm_source=commons.wikimedia.org&utm_campaign=imageinfo&utm_content=original,CC BY 2.0,,https://creativecommons.org/licenses/by/2.0,Pablo Sanchez,,Benzoyl,commons:Benzoyl,84b4710484a17e16bd8ceb6f4406ebc16c68b5bb,1280,960,Category:Gas meters
images/gas_meter/commons_53195542.jpg,gas_meter,,,unlabeled,0,commons,53195542,"File:John Dowson, arrested for stealing from a gas meter (18119089675).jpg","https://commons.wikimedia.org/wiki/File:John_Dowson,_arrested_for_stealing_from_a_gas_meter_(18119089675).jpg",https://upload.wikimedia.org/wikipedia/commons/6/6d/John_Dowson%2C_arrested_for_stealing_from_a_gas_meter_%2818119089675%29.jpg?utm_source=commons.wikimedia.org&utm_campaign=imageinfo&utm_content=original,No restrictions,,https://www.flickr.com/commons/usage/,Tyne &amp; Wear Archives &amp; Museums,,Fæ,commons:Fæ,b8d8e71f7cc0dd983ac1d4e9818eb4175372ddb4,629,851,Category:Gas meters
images/gas_meter/commons_53283155.jpg,gas_meter,,train,labeled,1,commons,53283155,File:RMA EcoSonic.jpg,https://commons.wikimedia.org/wiki/File:RMA_EcoSonic.jpg,https://upload.wikimedia.org/wikipedia/commons/7/7d/RMA_EcoSonic.jpg?utm_source=commons.wikimedia.org&utm_campaign=imageinfo&utm_content=original,CC BY-SA 4.0,,https://creativecommons.org/licenses/by-sa/4.0,RMA Rheinau GmbH &amp; Co. KG,,Josch76,commons:Josch76,ff745386f41582ff97253e55d7547640a420c89e,823,948,Category:Gas meters
images/gas_meter/commons_53678398.jpg,gas_meter,,train,labeled,1,commons,53678398,File:東京都世田谷区船橋３丁目２４−５ - panoramio (1).jpg,https://commons.wikimedia.org/wiki/File:%E6%9D%B1%E4%BA%AC%E9%83%BD%E4%B8%96%E7%94%B0%E8%B0%B7%E5%8C%BA%E8%88%B9%E6%A9%8B%EF%BC%93%E4%B8%81%E7%9B%AE%EF%BC%92%EF%BC%94%E2%88%92%EF%BC%95_-_panoramio_(1).jpg,https://upload.wikimedia.org/wikipedia/commons/9/92/%E6%9D%B1%E4%BA%AC%E9%83%BD%E4%B8%96%E7%94%B0%E8%B0%B7%E5%8C%BA%E8%88%B9%E6%A9%8B%EF%BC%93%E4%B8%81%E7%9B%AE%EF%BC%92%EF%BC%94%E2%88%92%EF%BC%95_-_panoramio_%281%29.jpg?utm_source=commons.wikimedia.org&utm_campaign=imageinfo&utm_content=original,CC BY 3.0,,https://creativecommons.org/licenses/by/3.0,http://81s.jp/,,Panoramio upload bot,commons:Panoramio upload bot,0201dbe465b55efcc3768b913464e47118e3bf6f,1280,960,Category:Gas meters
images/gas_meter/commons_56167550.jpg,gas_meter,,train,labeled,3,commons,56167550,File:Bóbrka skansen - liczniki gazowe rotorowe 2015.08.20 p.jpg,https://commons.wikimedia.org/wiki/File:B%C3%B3brka_skansen_-_liczniki_gazowe_rotorowe_2015.08.20_p.jpg,https://upload.wikimedia.org/wikipedia/commons/5/54/B%C3%B3brka_skansen_-_liczniki_gazowe_rotorowe_2015.08.20_p.jpg?utm_source=commons.wikimedia.org&utm_campaign=imageinfo&utm_content=original,CC BY-SA 3.0,,https://creativecommons.org/licenses/by-sa/3.0,Przykuta,,Przykuta,commons:Przykuta,836535d5347b520b928636c5540c05f7d1f689fd,1280,867,Category:Gas meters
images/gas_meter/commons_57737425.jpg,gas_meter,,val,labeled,7,commons,57737425,File:Yazaki Microcomputer Gas Meter SY25MT1e 20170405.jpg,https://commons.wikimedia.org/wiki/File:Yazaki_Microcomputer_Gas_Meter_SY25MT1e_20170405.jpg,https://upload.wikimedia.org/wikipedia/commons/b/b0/Yazaki_Microcomputer_Gas_Meter_SY25MT1e_20170405.jpg?utm_source=commons.wikimedia.org&utm_campaign=imageinfo&utm_content=original,CC BY-SA 4.0,,https://creativecommons.org/licenses/by-sa/4.0,円周率３パーセント (Enshuritsu 3 percent),,円周率３パーセント,commons:円周率３パーセント,e985a000a75b8e8dd75b2ecdefcd5dc67c7878c6,1280,853,Category:Gas meters
images/gas_meter/commons_5917595.jpg,gas_meter,,train,labeled,1,commons,5917595,"File:Бытовой счетчик газа (газосчётчик, газовый счетчик)..JPG","https://commons.wikimedia.org/wiki/File:%D0%91%D1%8B%D1%82%D0%BE%D0%B2%D0%BE%D0%B9_%D1%81%D1%87%D0%B5%D1%82%D1%87%D0%B8%D0%BA_%D0%B3%D0%B0%D0%B7%D0%B0_(%D0%B3%D0%B0%D0%B7%D0%BE%D1%81%D1%87%D1%91%D1%82%D1%87%D0%B8%D0%BA,_%D0%B3%D0%B0%D0%B7%D0%BE%D0%B2%D1%8B%D0%B9_%D1%81%D1%87%D0%B5%D1%82%D1%87%D0%B8%D0%BA)..JPG",https://upload.wikimedia.org/wikipedia/commons/7/72/%D0%91%D1%8B%D1%82%D0%BE%D0%B2%D0%BE%D0%B9_%D1%81%D1%87%D0%B5%D1%82%D1%87%D0%B8%D0%BA_%D0%B3%D0%B0%D0%B7%D0%B0_%28%D0%B3%D0%B0%D0%B7%D0%BE%D1%81%D1%87%D1%91%D1%82%D1%87%D0%B8%D0%BA%2C_%D0%B3%D0%B0%D0%B7%D0%BE%D0%B2%D1%8B%D0%B9_%D1%81%D1%87%D0%B5%D1%82%D1%87%D0%B8%D0%BA%29..JPG?utm_source=commons.wikimedia.org&utm_campaign=imageinfo&utm_content=original,Public domain,,,Schekinov Alexey Victorovich,,Schekinov Alexey Victorovich,commons:Schekinov Alexey Victorovich,7d5f173428fd04c5bfca79969982cec5417c7c9b,836,1280,Category:Gas meters
images/gas_meter/commons_59528068.jpg,gas_meter,,train,labeled,1,commons,59528068,File:Rue Gustave Vatonne à Gif-sur-Yvette le 1er juin 2017 - 2.jpg,https://commons.wikimedia.org/wiki/File:Rue_Gustave_Vatonne_%C3%A0_Gif-sur-Yvette_le_1er_juin_2017_-_2.jpg,https://upload.wikimedia.org/wikipedia/commons/7/77/Rue_Gustave_Vatonne_%C3%A0_Gif-sur-Yvette_le_1er_juin_2017_-_2.jpg?utm_source=commons.wikimedia.org&utm_campaign=imageinfo&utm_content=original,CC BY-SA 3.0,,https://creativecommons.org/licenses/by-sa/3.0,Lionel Allorge,,Lionel Allorge,commons:Lionel Allorge,457f8c1544edc244e3d1e740180c0d9c3dd1cf08,1280,853,Category:Gas meters
images/gas_meter/commons_59853403.jpg,gas_meter,,train,labeled,1,commons,59853403,File:Gasmeter van 2005 Vlaanderen.jpg,https://commons.wikimedia.org/wiki/File:Gasmeter_van_2005_Vlaanderen.jpg,https://upload.wikimedia.org/wikipedia/commons/0/05/Gasmeter_van_2005_Vlaanderen.jpg?utm_source=commons.wikimedia.org&utm_campaign=imageinfo&utm_content=original,CC BY-SA 4.0,,https://creativecommons.org/licenses/by-sa/4.0,Ibu,,Ibu,commons:Ibu,3bde85e5f0f6762d9eba3c7a6b5734abdfded7b9,960,1280,Category:Gas meters
images/gas_meter/commons_60485805.jpg,gas_meter,,train,labeled,3,commons,60485805,File:Gazomierz(1).jpg,https://commons.wikimedia.org/wiki/File:Gazomierz(1).jpg,https://upload.wikimedia.org/wikipedia/commons/2/27/Gazomierz%281%29.jpg?utm_source=commons.wikimedia.org&utm_campaign=imageinfo&utm_content=original,CC BY-SA 4.0,,https://creativecommons.org/licenses/by-sa/4.0,Aw58,,Aw58,commons:Aw58,fbb8081a00bbc052e73bfefb4d84acd5fc4fd774,1168,876,Category:Gas meters
images/gas_meter/commons_61900478.jpg,gas_meter,,val,labeled,2,commons,61900478,File:HouseholdGasMeter.jpg,https://commons.wikimedia.org/wiki/File:HouseholdGasMeter.jpg,https://upload.wikimedia.org/wikipedia/commons/2/2c/HouseholdGasMeter.jpg?utm_source=commons.wikimedia.org&utm_campaign=imageinfo&utm_content=original,CC BY 3.0,,https://creativecommons.org/licenses/by/3.0,Mikilo,,Mikilo,commons:Mikilo,c88858e5d28adf44fc280ff1356b60a6be3ec601,960,1280,Category:Gas meters
images/gas_meter/commons_64718737.jpg,gas_meter,,train,labeled,1,commons,64718737,File:BLACK & YELLOW (38235465984).jpg,https://commons.wikimedia.org/wiki/File:BLACK_%26_YELLOW_(38235465984).jpg,https://upload.wikimedia.org/wikipedia/commons/0/0d/BLACK_%26_YELLOW_%2838235465984%29.jpg?utm_source=commons.wikimedia.org&utm_campaign=imageinfo&utm_content=original,CC BY-SA 2.0,,https://creativecommons.org/licenses/by-sa/2.0,m-louis .®,,Benzoyl,commons:Benzoyl,0bc514e12ab0bb6cb07063ba858caefa7adac346,1280,853,Category:Gas meters
images/gas_meter/commons_64998203.jpg,gas_meter,,val,labeled,2,commons,64998203,File:Gas meters (2285569427).jpg,https://commons.wikimedia.org/wiki/File:Gas_meters_(2285569427).jpg,https://upload.wikimedia.org/wikipedia/commons/8/89/Gas_meters_%282285569427%29.jpg?utm_source=commons.wikimedia.org&utm_campaign=imageinfo&utm_content=original,CC BY-SA 2.0,,https://creativecommons.org/licenses/by-sa/2.0,"LHOON from Mechelen, Belgium",,Victorgrigas,commons:Victorgrigas,60b3ebcc790f49c5b80d421cf91e708b0a9b9e4e,1280,960,Category:Gas meters
images/gas_meter/commons_66532312.jpg,gas_meter,,train,labeled,1,commons,66532312,File:Gasmeter voor gaspenningen-7806.jpg,https://commons.wikimedia.org/wiki/File:Gasmeter_voor_gaspenningen-7806.jpg,https://upload.wikimedia.org/wikipedia/commons/6/6d/Gasmeter_voor_gaspenningen-7806.jpg?utm_source=commons.wikimedia.org&utm_campaign=imageinfo&utm_content=original,CC BY-SA 4.0,,https://creativecommons.org/licenses/by-sa/4.0,Quistnix,,Quistnix,commons:Quistnix,62fc5cb5487dde2f952b37ba81478cb41cfe856d,960,1137,Category:Gas meters
images/gas_meter/commons_66532313.jpg,gas_meter,,train,labeled,1,commons,66532313,File:Gasmeter voor gaspenningen - muntwerk zichtbaar-7810.jpg,https://commons.wikimedia.org/wiki/File:Gasmeter_voor_gaspenningen_-_muntwerk_zichtbaar-7810.jpg,https://upload.wikimedia.org/wikipedia/commons/9/9f/Gasmeter_voor_gaspenningen_-_muntwerk_zichtbaar-7810.jpg?utm_source=commons.wikimedia.org&utm_campaign=imageinfo&utm_content=original,CC BY-SA 4.0,,https://creativecommons.org/licenses/by-sa/4.0,Quistnix,,Quistnix,commons:Quistnix,7aafd93707d2d314001d7d2013bb0ebc221d8377,915,1280,Category:Gas meters
images/gas_meter/commons_66532314.jpg,gas_meter,,,unlabeled,0,commons,66532314,File:Gasmeter voor gaspenningen - informatieplaatje-7816.jpg,https://commons.wikimedia.org/wiki/File:Gasmeter_voor_gaspenningen_-_informatieplaatje-7816.jpg,https://upload.wikimedia.org/wikipedia/commons/6/6e/Gasmeter_voor_gaspenningen_-_informatieplaatje-7816.jpg?utm_source=commons.wikimedia.org&utm_campaign=imageinfo&utm_content=original,CC BY-SA 4.0,,https://creativecommons.org/licenses/by-sa/4.0,Quistnix,,Quistnix,commons:Quistnix,bf80483c7135d2bb889715aa335f9b1a26ed3a96,1280,853,Category:Gas meters
images/gas_meter/commons_67831137.jpg,gas_meter,,,unlabeled,0,commons,67831137,File:The municipal big stick - J.S. Pughe. LCCN2011645675.jpg,https://commons.wikimedia.org/wiki/File:The_municipal_big_stick_-_J.S._Pughe._LCCN2011645675.jpg,https://upload.wikimedia.org/wikipedia/commons/2/2f/The_municipal_big_stick_-_J.S._Pughe._LCCN2011645675.jpg?utm_source=commons.wikimedia.org&utm_campaign=imageinfo&utm_content=original,Public domain,,,"Pughe, J. S. (John S.), 1870-1909, artist",,Fæ,commons:Fæ,11d76d060f9e7506c7297ed385fbcd7a49e4bbbc,960,1261,Category:Gas meters
images/gas_meter/commons_69293146.jpg,gas_meter,,val,labeled,3,commons,69293146,File:Gas meter on lawn.jpg,https://commons.wikimedia.org/wiki/File:Gas_meter_on_lawn.jpg,https://upload.wikimedia.org/wikipedia/commons/c/c0/Gas_meter_on_lawn.jpg?utm_source=commons.wikimedia.org&utm_campaign=imageinfo&utm_content=original,CC BY-SA 3.0,,https://creativecommons.org/licenses/by-sa/3.0,Grendelkhan,,Grendelkhan,commons:Grendelkhan,fc94cf9eb7c1fbbdda641bfec099cbcbe0a884b0,960,1280,Category:Gas meters
images/gas_meter/commons_70083259.jpg,gas_meter,,train,labeled,1,commons,70083259,"File:Creos, Elster BK-4G AT-101.jpg","https://commons.wikimedia.org/wiki/File:Creos,_Elster_BK-4G_AT-101.jpg",https://upload.wikimedia.org/wikipedia/commons/b/bd/Creos%2C_Elster_BK-4G_AT-101.jpg?utm_source=commons.wikimedia.org&utm_campaign=imageinfo&utm_content=original,CC BY-SA 3.0 lu,,https://creativecommons.org/licenses/by-sa/3.0/lu/deed.en,Self-photographed by Jwh,,Jwh,commons:Jwh,f21a5723e2a907f41be946427c3e41db7ca678be,1280,854,Category:Gas meters
images/gas_meter/commons_70083268.jpg,gas_meter,,train,labeled,2,commons,70083268,"File:Creos, Elster BK-4G AT-102.jpg","https://commons.wikimedia.org/wiki/File:Creos,_Elster_BK-4G_AT-102.jpg",https://upload.wikimedia.org/wikipedia/commons/4/47/Creos%2C_Elster_BK-4G_AT-102.jpg?utm_source=commons.wikimedia.org&utm_campaign=imageinfo&utm_content=original,CC BY-SA 3.0 lu,,https://creativecommons.org/licenses/by-sa/3.0/lu/deed.en,Self-photographed by Jwh,,Jwh,commons:Jwh,4add3321a5226ec64b17bd634b17a9476aff9bef,1280,854,Category:Gas meters
images/gas_meter/commons_71407062.jpg,gas_meter,,train,labeled,1,commons,71407062,"File:Creos, Kromschröder BK6-101.jpg","https://commons.wikimedia.org/wiki/File:Creos,_Kromschr%C3%B6der_BK6-101.jpg",https://upload.wikimedia.org/wikipedia/commons/d/d4/Creos%2C_Kromschr%C3%B6der_BK6-101.jpg?utm_source=commons.wikimedia.org&utm_campaign=imageinfo&utm_content=original,CC BY-SA 3.0 lu,,https://creativecommons.org/licenses/by-sa/3.0/lu/deed.en,Self-photographed by Jwh,,Jwh,commons:Jwh,a82310b837ea1087fd767d3dfa66814ea59b691a,853,1280,Category:Gas meters
images/gas_meter/commons_71407065.jpg,gas_meter,,train,labeled,1,commons,71407065,"File:Creos, Kromschröder BK6-102.jpg","https://commons.wikimedia.org/wiki/File:Creos,_Kromschr%C3%B6der_BK6-102.jpg",https://upload.wikimedia.org/wikipedia/commons/f/fa/Creos%2C_Kromschr%C3%B6der_BK6-102.jpg?utm_source=commons.wikimedia.org&utm_campaign=imageinfo&utm_content=original,CC BY-SA 3.0 lu,,https://creativecommons.org/licenses/by-sa/3.0/lu/deed.en,Self-photographed by Jwh,,Jwh,commons:Jwh,6373f088eaee474e13dc4d269b3535fd1eae1e0f,1280,853,Category:Gas meters
images/gas_meter/commons_71491924.jpg,gas_meter,,train,labeled,1,commons,71491924,"File:Alley (south of King, west of Fraser) (38549154091).jpg","https://commons.wikimedia.org/wiki/File:Alley_(south_of_King,_west_of_Fraser)_(38549154091).jpg",https://upload.wikimedia.org/wikipedia/commons/b/bc/Alley_%28south_of_King%2C_west_of_Fraser%29_%2838549154091%29.jpg?utm_source=commons.wikimedia.org&utm_campaign=imageinfo&utm_content=original,CC BY 2.0,,https://creativecommons.org/licenses/by/2.0,"Jeff Hitchcock from Seattle, WA, USA",,Mindmatrix,commons:Mindmatrix,039977050bb203a56d4936b35349c7b6681220a8,1280,848,Category:Gas meters
images/gas_meter/commons_72632771.jpg,gas_meter,,train,labeled,1,commons,72632771,File:Champagne-au-Mont-d'Or - Compteur de gaz jaune (août 2018).jpg,https://commons.wikimedia.org/wiki/File:Champagne-au-Mont-d%27Or_-_Compteur_de_gaz_jaune_(ao%C3%BBt_2018).jpg,https://upload.wikimedia.org/wikipedia/commons/9/96/Champagne-au-Mont-d%27Or_-_Compteur_de_gaz_jaune_%28ao%C3%BBt_2018%29.jpg?utm_source=commons.wikimedia.org&utm_campaign=imageinfo&utm_content=original,CC BY-SA 4.0,,https://creativecommons.org/licenses/by-sa/4.0,Sebleouf,,Sebleouf,commons:Sebleouf,5705a6b6d57018db81f584a14584f2182d0bf749,960,979,Category:Gas meters
images/gas_meter/commons_74737044.jpg,gas_meter,,train,labeled,1,commons,74737044,File:2016-07-02 Blairmore (29176323906).jpg,https://commons.wikimedia.org/wiki/File:2016-07-02_Blairmore_(29176323906).jpg,https://upload.wikimedia.org/wikipedia/commons/4/49/2016-07-02_Blairmore_%2829176323906%29.jpg?utm_source=commons.wikimedia.org&utm_campaign=imageinfo&utm_content=original,CC BY-SA 2.0,,https://creativecommons.org/licenses/by-sa/2.0,"Darren Kirby from Nanaimo, Canada",,Mindmatrix,commons:Mindmatrix,20ff2d14fcddf70462e520502bb4496f6a625563,1280,854,Category:Gas meters
images/gas_meter/commons_78790136.jpg,gas_meter,,train,labeled,3,commons,78790136,File:Вузол обліку газу з передачею даних.jpg,https://commons.wikimedia.org/wiki/File:%D0%92%D1%83%D0%B7%D0%BE%D0%BB_%D0%BE%D0%B1%D0%BB%D1%96%D0%BA%D1%83_%D0%B3%D0%B0%D0%B7%D1%83_%D0%B7_%D0%BF%D0%B5%D1%80%D0%B5%D0%B4%D0%B0%D1%87%D0%B5%D1%8E_%D0%B4%D0%B0%D0%BD%D0%B8%D1%85.jpg,https://upload.wikimedia.org/wikipedia/commons/e/e7/%D0%92%D1%83%D0%B7%D0%BE%D0%BB_%D0%BE%D0%B1%D0%BB%D1%96%D0%BA%D1%83_%D0%B3%D0%B0%D0%B7%D1%83_%D0%B7_%D0%BF%D0%B5%D1%80%D0%B5%D0%B4%D0%B0%D1%87%D0%B5%D1%8E_%D0%B4%D0%B0%D0%BD%D0%B8%D1%85.jpg?utm_source=commons.wikimedia.org&utm_campaign=imageinfo&utm_content=original,CC BY-SA 4.0,,https://creativecommons.org/licenses/by-sa/4.0,Юлія Прокопчук,,Юлія Прокопчук,commons:Юлія Прокопчук,16ef04589f9dae1eb318474eabcc4e65c8013ad6,1280,1065,Category:Gas meters
images/gas_meter/commons_79025889.jpg,gas_meter,,,unlabeled,0,commons,79025889,"File:Openbare verkoop van een schoon en welgelegen handelshuis te Gent, Langemunt.jpg","https://commons.wikimedia.org/wiki/File:Openbare_verkoop_van_een_schoon_en_welgelegen_handelshuis_te_Gent,_Langemunt.jpg",https://upload.wikimedia.org/wikipedia/commons/7/77/Openbare_verkoop_van_een_schoon_en_welgelegen_handelshuis_te_Gent%2C_Langemunt.jpg?utm_source=commons.wikimedia.org&utm_campaign=imageinfo&utm_content=original,Public domain,,,Unknown authorUnknown author,,Tekstman,commons:Tekstman,939111a9142ed236f53a4fdb4415781f9b673959,902,1280,search:gas meter house
images/gas_meter/commons_79338509.jpg,gas_meter,,train,labeled,3,commons,79338509,File:Metered..... (6886341859).jpg,https://commons.wikimedia.org/wiki/File:Metered....._(6886341859).jpg,https://upload.wikimedia.org/wikipedia/commons/0/0d/Metered....._%286886341859%29.jpg?utm_source=commons.wikimedia.org&utm_campaign=imageinfo&utm_content=original,CC BY 2.0,,https://creativecommons.org/licenses/by/2.0,"^ Missi ^ from Mississauga, Canada",,Mindmatrix,commons:Mindmatrix,f70b5ff57a73aa7a86ec4a4b378bd21d0358fbd3,1280,849,Category:Gas meters
images/gas_meter/commons_82527811.jpg,gas_meter,,train,labeled,1,commons,82527811,File:Enbridge Gas meter.jpg,https://commons.wikimedia.org/wiki/File:Enbridge_Gas_meter.jpg,https://upload.wikimedia.org/wikipedia/commons/c/cb/Enbridge_Gas_meter.jpg?utm_source=commons.wikimedia.org&utm_campaign=imageinfo&utm_content=original,CC BY-SA 4.0,,https://creativecommons.org/licenses/by-sa/4.0,Sikander Iqbal,,Sikander,commons:Sikander,198a3606cf21845a49c68e26e74226d6b141e15b,960,978,Category:Gas meters
images/gas_meter/commons_82888284.jpg,gas_meter,,train,labeled,1,commons,82888284,"File:20190918 192129 Gas meter in Lodz, Poland 2019.jpg","https://commons.wikimedia.org/wiki/File:20190918_192129_Gas_meter_in_Lodz,_Poland_2019.jpg",https://upload.wikimedia.org/wikipedia/commons/d/dc/20190918_192129_Gas_meter_in_Lodz%2C_Poland_2019.jpg?utm_source=commons.wikimedia.org&utm_campaign=imageinfo&utm_content=original,CC0,,http://creativecommons.org/publicdomain/zero/1.0/deed.en,Rakoon,,Rakoon,commons:Rakoon,4a8f7b4b57c45565e78b32f464bc2b1fd5b85806,720,1280,Category:Gas meters
images/gas_meter/commons_85102578.jpg,gas_meter,,train,labeled,1,commons,85102578,"File:Gasmeter, NG-2001-16-E.jpg","https://commons.wikimedia.org/wiki/File:Gasmeter,_NG-2001-16-E.jpg",https://upload.wikimedia.org/wikipedia/commons/0/0c/Gasmeter%2C_NG-2001-16-E.jpg?utm_source=commons.wikimedia.org&utm_campaign=imageinfo&utm_content=original,CC0,,http://creativecommons.org/publicdomain/zero/1.0/deed.en,Rijksmuseum,,Mr.Nostalgic,commons:Mr.Nostalgic,ab56560649c73ef8c88c3c01712a1a3e5cfd5301,960,1009,Category:Gas meters
images/gas_meter/commons_85109625.jpg,gas_meter,,val,labeled,1,commons,85109625,File:EnbridgeGasMeters5.jpg,https://commons.wikimedia.org/wiki/File:EnbridgeGasMeters5.jpg,https://upload.wikimedia.org/wikipedia/commons/d/d4/EnbridgeGasMeters5.jpg?utm_source=commons.wikimedia.org&utm_campaign=imageinfo&utm_content=original,CC0,,http://creativecommons.org/publicdomain/zero/1.0/deed.en,Raysonho @ Open Grid Scheduler / Scalable Grid Engine,,Raysonho,commons:Raysonho,77c94ba4ef7950eac62ce739f01b686344cf7e4e,1280,848,Category:Gas meters
images/gas_meter/commons_85109626.jpg,gas_meter,,val,labeled,17,commons,85109626,File:EnbridgeGasMeters6.jpg,https://commons.wikimedia.org/wiki/File:EnbridgeGasMeters6.jpg,https://upload.wikimedia.org/wikipedia/commons/8/83/EnbridgeGasMeters6.jpg?utm_source=commons.wikimedia.org&utm_campaign=imageinfo&utm_content=original,CC0,,http://creativecommons.org/publicdomain/zero/1.0/deed.en,Raysonho @ Open Grid Scheduler / Scalable Grid Engine,,Raysonho,commons:Raysonho,e6481cf44d8dd99c318220b8a0fe1612587672f3,1280,848,Category:Gas meters
images/gas_meter/commons_85747106.jpg,gas_meter,,train,labeled,3,commons,85747106,"File:Drie gasmeters Compteurs a gaz (titel op object), RP-F-2001-7-1273-5.jpg","https://commons.wikimedia.org/wiki/File:Drie_gasmeters_Compteurs_a_gaz_(titel_op_object),_RP-F-2001-7-1273-5.jpg",https://upload.wikimedia.org/wikipedia/commons/9/96/Drie_gasmeters_Compteurs_a_gaz_%28titel_op_object%29%2C_RP-F-2001-7-1273-5.jpg?utm_source=commons.wikimedia.org&utm_campaign=imageinfo&utm_content=original,CC0,,http://creativecommons.org/publicdomain/zero/1.0/deed.en,Rijksmuseum,,SteinsplitterBot,commons:SteinsplitterBot,7ad8f7d67ea0b383c07686eeec3fb336e05658e1,951,1280,Category:Gas meters
images/gas_meter/commons_89002409.jpg,gas_meter,,val,labeled,10,commons,89002409,File:Gas meters in Meng-Zhu Public House Community in Hsinchu.jpg,https://commons.wikimedia.org/wiki/File:Gas_meters_in_Meng-Zhu_Public_House_Community_in_Hsinchu.jpg,https://upload.wikimedia.org/wikipedia/commons/4/49/Gas_meters_in_Meng-Zhu_Public_House_Community_in_Hsinchu.jpg?utm_source=commons.wikimedia.org&utm_campaign=imageinfo&utm_content=original,CC BY-SA 4.0,,https://creativecommons.org/licenses/by-sa/4.0,Tbatb,,Tbatb,commons:Tbatb,d2feec70a66983762fb4f83d99ce3686f7610fa2,1280,960,Category:Gas meters
images/gas_meter/commons_89317126.jpg,gas_meter,,val,labeled,2,commons,89317126,File:Gas Meters in Hsinchu City.jpg,https://commons.wikimedia.org/wiki/File:Gas_Meters_in_Hsinchu_City.jpg,https://upload.wikimedia.org/wikipedia/commons/a/ab/Gas_Meters_in_Hsinchu_City.jpg?utm_source=commons.wikimedia.org&utm_campaign=imageinfo&utm_content=original,CC BY-SA 4.0,,https://creativecommons.org/licenses/by-sa/4.0,Tbatb,,Tbatb,commons:Tbatb,23631d784d0055f6e0944f44d091291948bde1fb,960,1280,Category:Gas meters
images/gas_meter/commons_90646559.jpg,gas_meter,,,unlabeled,0,commons,90646559,File:Triple large gas-meters.jpg,https://commons.wikimedia.org/wiki/File:Triple_large_gas-meters.jpg,https://upload.wikimedia.org/wikipedia/commons/0/0a/Triple_large_gas-meters.jpg?utm_source=commons.wikimedia.org&utm_campaign=imageinfo&utm_content=original,CC BY-SA 4.0,,https://creativecommons.org/licenses/by-sa/4.0,運動会プロテインパワー,,運動会プロテインパワー,commons:運動会プロテインパワー,40e734848cd7a35360fa9b0d3b9617c20b6c5b81,1280,960,Category:Gas meters
images/gas_meter/commons_95994998.jpg,gas_meter,,train,labeled,1,commons,95994998,File:Kromschröder BK6-4554.jpg,https://commons.wikimedia.org/wiki/File:Kromschr%C3%B6der_BK6-4554.jpg,https://upload.wikimedia.org/wikipedia/commons/1/14/Kromschr%C3%B6der_BK6-4554.jpg?utm_source=commons.wikimedia.org&utm_campaign=imageinfo&utm_content=original,CC BY-SA 4.0,,https://creativecommons.org/licenses/by-sa/4.0,Raimond Spekking,,Raymond,commons:Raymond,898aa508a65fff3b3439887e36b2c275fa19d05a,1280,1280,Category:Gas meters
images/gas_meter/commons_95995005.jpg,gas_meter,,train,labeled,1,commons,95995005,File:Kromschröder BK6-4555.jpg,https://commons.wikimedia.org/wiki/File:Kromschr%C3%B6der_BK6-4555.jpg,https://upload.wikimedia.org/wikipedia/commons/c/c3/Kromschr%C3%B6der_BK6-4555.jpg?utm_source=commons.wikimedia.org&utm_campaign=imageinfo&utm_content=original,CC BY-SA 4.0,,https://creativecommons.org/licenses/by-sa/4.0,Raimond Spekking,,Raymond,commons:Raymond,8f04333cbc8e06afbaef33fd06317ac37d0d422a,1280,1280,Category:Gas meters
images/gas_meter/commons_95995011.jpg,gas_meter,,train,labeled,1,commons,95995011,File:Kromschröder BK6-4556.jpg,https://commons.wikimedia.org/wiki/File:Kromschr%C3%B6der_BK6-4556.jpg,https://upload.wikimedia.org/wikipedia/commons/d/de/Kromschr%C3%B6der_BK6-4556.jpg?utm_source=commons.wikimedia.org&utm_campaign=imageinfo&utm_content=original,CC BY-SA 4.0,,https://creativecommons.org/licenses/by-sa/4.0,Raimond Spekking,,Raymond,commons:Raymond,d14530fae8bd55741911e1aca4826e48f7626ece,1280,960,Category:Gas meters
images/gas_meter/commons_95995225.jpg,gas_meter,,train,labeled,1,commons,95995225,File:Kromschröder BK6-2868.jpg,https://commons.wikimedia.org/wiki/File:Kromschr%C3%B6der_BK6-2868.jpg,https://upload.wikimedia.org/wikipedia/commons/4/4e/Kromschr%C3%B6der_BK6-2868.jpg?utm_source=commons.wikimedia.org&utm_campaign=imageinfo&utm_content=original,CC BY 4.0,,https://creativecommons.org/licenses/by/4.0,Heinz Reutersberg,,Raymond,commons:Raymond,4d8e4bbc37e46b8f1e275412b2e3658370060525,1280,796,Category:Gas meters
images/gas_meter/commons_95995286.jpg,gas_meter,,train,labeled,1,commons,95995286,File:Kromschröder BK6 - case opened-5055.jpg,https://commons.wikimedia.org/wiki/File:Kromschr%C3%B6der_BK6_-_case_opened-5055.jpg,https://upload.wikimedia.org/wikipedia/commons/8/8a/Kromschr%C3%B6der_BK6_-_case_opened-5055.jpg?utm_source=commons.wikimedia.org&utm_campaign=imageinfo&utm_content=original,CC BY-SA 4.0,,https://creativecommons.org/licenses/by-sa/4.0,Raimond Spekking,,Raymond,commons:Raymond,b1cb73788315e3b9a66103a1ea5e7aef0e8471c2,1280,1026,Category:Gas meters
images/gas_meter/commons_98728059.jpg,gas_meter,,train,labeled,2,commons,98728059,"File:Stichting Onze Woning meterkast, Hillegersberg, Rotterdam (2020) 03.jpg","https://commons.wikimedia.org/wiki/File:Stichting_Onze_Woning_meterkast,_Hillegersberg,_Rotterdam_(2020)_03.jpg",https://upload.wikimedia.org/wikipedia/commons/9/93/Stichting_Onze_Woning_meterkast%2C_Hillegersberg%2C_Rotterdam_%282020%29_03.jpg?utm_source=commons.wikimedia.org&utm_campaign=imageinfo&utm_content=original,CC BY-SA 4.0,,https://creativecommons.org/licenses/by-sa/4.0,Donald Trung Quoc Don (Chữ Hán: 徵國單) - Wikimedia Commons - © CC BY-SA 4.0 International.(Want to use this image?)Original publication 📤: --Donald Trung 『徵國單』 (No Fake News 💬) (WikiProject Numismatics ,,Donald Trung,commons:Donald Trung,b7ac1af55ab6c8cee0747b84ba45f2027d1a7bf9,720,1280,Category:Gas meters
images/gas_meter/commons_98728063.jpg,gas_meter,,train,labeled,1,commons,98728063,"File:Stichting Onze Woning meterkast, Hillegersberg, Rotterdam (2020) 04.jpg","https://commons.wikimedia.org/wiki/File:Stichting_Onze_Woning_meterkast,_Hillegersberg,_Rotterdam_(2020)_04.jpg",https://upload.wikimedia.org/wikipedia/commons/b/b9/Stichting_Onze_Woning_meterkast%2C_Hillegersberg%2C_Rotterdam_%282020%29_04.jpg?utm_source=commons.wikimedia.org&utm_campaign=imageinfo&utm_content=original,CC BY-SA 4.0,,https://creativecommons.org/licenses/by-sa/4.0,Donald Trung Quoc Don (Chữ Hán: 徵國單) - Wikimedia Commons - © CC BY-SA 4.0 International.(Want to use this image?)Original publication 📤: --Donald Trung 『徵國單』 (No Fake News 💬) (WikiProject Numismatics ,,Donald Trung,commons:Donald Trung,5b0a6e6012709061ea04aed5374295effc37e8ad,1280,720,Category:Gas meters
images/gas_meter/commons_98728078.jpg,gas_meter,,train,labeled,1,commons,98728078,"File:Stichting Onze Woning meterkast, Hillegersberg, Rotterdam (2020) 10.jpg","https://commons.wikimedia.org/wiki/File:Stichting_Onze_Woning_meterkast,_Hillegersberg,_Rotterdam_(2020)_10.jpg",https://upload.wikimedia.org/wikipedia/commons/3/36/Stichting_Onze_Woning_meterkast%2C_Hillegersberg%2C_Rotterdam_%282020%29_10.jpg?utm_source=commons.wikimedia.org&utm_campaign=imageinfo&utm_content=original,CC BY-SA 4.0,,https://creativecommons.org/licenses/by-sa/4.0,Donald Trung Quoc Don (Chữ Hán: 徵國單) - Wikimedia Commons - © CC BY-SA 4.0 International.(Want to use this image?)Original publication 📤: --Donald Trung 『徵國單』 (No Fake News 💬) (WikiProject Numismatics ,,Donald Trung,commons:Donald Trung,991a95debf7e7b337d1d3d857117f11aaddaa04d,1280,720,Category:Gas meters
images/gas_meter/openverse_00b5388298484040a1c7b40f4681bb39.jpg,gas_meter,,train,labeled,1,openverse,00b53882-9848-4040-a1c7-b40f4681bb39,gas meters,https://www.flickr.com/photos/92842970@N00/1285891923,https://live.staticflickr.com/1435/1285891923_30b910eb2c_b.jpg,by-sa,2.0,https://creativecommons.org/licenses/by-sa/2.0/,ivva,https://www.flickr.com/photos/92842970@N00,92842970@N00,flickr:92842970@N00,e3af541fe030aa18ed931e2973fafe0562c64144,1024,683,gas meter
images/gas_meter/openverse_010b1179fbb04d2cba9ba1c546ac5438.jpg,gas_meter,,,unlabeled,0,openverse,010b1179-fbb0-4d2c-ba9b-a1c546ac5438,Chimaera near Olympos,https://www.flickr.com/photos/48125931@N00/4551805034,https://live.staticflickr.com/4002/4551805034_0bd92df44d_b.jpg,by-sa,2.0,https://creativecommons.org/licenses/by-sa/2.0/,puffin11uk,https://www.flickr.com/photos/48125931@N00,48125931@N00,flickr:48125931@N00,9bade501626c02756710b573b34d62d15e92128d,1024,768,natural gas meter
images/gas_meter/openverse_02ccd60bc1f244d685c6337d513be5eb.jpg,gas_meter,,,unlabeled,0,openverse,02ccd60b-c1f2-44d6-85c6-337d513be5eb,gas meter payg display,https://www.flickr.com/photos/8764442@N07/15495286855,https://live.staticflickr.com/5613/15495286855_0492dd15bb_b.jpg,by-sa,2.0,https://creativecommons.org/licenses/by-sa/2.0/,osde8info,https://www.flickr.com/photos/8764442@N07,8764442@N07,flickr:8764442@N07,fac39eb8d2555528d7aee521de05cce7105db8c1,1024,768,gas meter
images/gas_meter/openverse_03fabff1e7414cdab1539643e0c8dc27.jpg,gas_meter,,train,labeled,1,openverse,03fabff1-e741-4cda-b153-9643e0c8dc27,Gas Meter,https://www.flickr.com/photos/13542313@N00/2393110123,https://live.staticflickr.com/3036/2393110123_6b49f2b52b_b.jpg,by,2.0,https://creativecommons.org/licenses/by/2.0/,Eddie~S,https://www.flickr.com/photos/13542313@N00,13542313@N00,flickr:13542313@N00,ac4667aaa212a373683ebc27d6ef16303657aa80,1024,768,gas meter
images/gas_meter/openverse_04833b7ca82b414e94c2b83df03dc253.jpg,gas_meter,,val,labeled,2,openverse,04833b7c-a82b-414e-94c2-b83df03dc253,gas meter,https://www.flickr.com/photos/65551860@N00/6853713149,https://live.staticflickr.com/7146/6853713149_51e0e89a8d_b.jpg,by-sa,2.0,https://creativecommons.org/licenses/by-sa/2.0/,cjdavis,https://www.flickr.com/photos/65551860@N00,65551860@N00,flickr:65551860@N00,e28b09474434b87fa86ffdda685c9832084b6266,1024,768,gas meter
images/gas_meter/openverse_077c488018744017ad0f769291569054.jpg,gas_meter,,,unlabeled,0,openverse,077c4880-1874-4017-ad0f-769291569054,Chinese Spring (9 August 2015) 2,https://www.flickr.com/photos/47445767@N05/21769274095,https://live.staticflickr.com/726/21769274095_f973c73350_b.jpg,by,2.0,https://creativecommons.org/licenses/by/2.0/,James St. John,https://www.flickr.com/photos/47445767@N05,47445767@N05,flickr:47445767@N05,a77e10eb4b594ca2476285a104fb1758e9f6bd39,1024,768,natural gas meter
images/gas_meter/openverse_08c86e24a6da4cd7ad75e1c9691c7317.jpg,gas_meter,,train,labeled,1,openverse,08c86e24-a6da-4cd7-ad75-e1c9691c7317,Gas Meters,https://www.flickr.com/photos/48889076156@N01/101981407,https://live.staticflickr.com/34/101981407_1c9229aa62_b.jpg,by-sa,2.0,https://creativecommons.org/licenses/by-sa/2.0/,bovinity,https://www.flickr.com/photos/48889076156@N01,48889076156@N01,flickr:48889076156@N01,23e92d6001df40684c1adba63321d009efef90e3,1000,667,gas meter
images/gas_meter/openverse_0b4acf85eae14a0cbcce60b55348b458.jpg,gas_meter,,train,labeled,3,openverse,0b4acf85-eae1-4a0c-bcce-60b55348b458,Colourful Gas meters,https://www.flickr.com/photos/56846157@N00/4996700317,https://live.staticflickr.com/4147/4996700317_61c5ff7c93_b.jpg,by,2.0,https://creativecommons.org/licenses/by/2.0/,Christine Rondeau,https://www.flickr.com/photos/56846157@N00,56846157@N00,flickr:56846157@N00,2780023ae0690a94f84446dc29eae1991de6b9b7,1024,768,gas meter
images/gas_meter/openverse_0c468f1541fe464095fc2488f26d3f55.jpg,gas_meter,,val,labeled,1,openverse,0c468f15-41fe-4640-95fc-2488f26d3f55,Gas Meter,https://www.flickr.com/photos/53332339@N00/322598192,https://live.staticflickr.com/126/322598192_e5876709a7_b.jpg,by,2.0,https://creativecommons.org/licenses/by/2.0/,Beige Alert,https://www.flickr.com/photos/53332339@N00,53332339@N00,flickr:53332339@N00,8a27a9b31f04c9a69e74575c213f6036d0740f63,1024,719,gas meter
images/gas_meter/openverse_0d1644a1a5d94e45987b356bbf68bf7c.jpg,gas_meter,,,unlabeled,0,openverse,0d1644a1-a5d9-4e45-987b-356bbf68bf7c,Chimaera near Olympos,https://www.flickr.com/photos/48125931@N00/4551166385,https://live.staticflickr.com/4017/4551166385_6de140713a_b.jpg,by-sa,2.0,https://creativecommons.org/licenses/by-sa/2.0/,puffin11uk,https://www.flickr.com/photos/48125931@N00,48125931@N00,flickr:48125931@N00,985378cb017c642d432af214685f38f587e47f57,1024,768,natural gas meter
images/gas_meter/openverse_0d8befea475041e1b33d21688ef2fa1c.jpg,gas_meter,,,unlabeled,0,openverse,0d8befea-4750-41e1-b33d-21688ef2fa1c,Gas Meter,https://www.flickr.com/photos/20363116@N00/173677874,https://live.staticflickr.com/62/173677874_64436a69a2_b.jpg,by-sa,2.0,https://creativecommons.org/licenses/by-sa/2.0/,Nitevision,https://www.flickr.com/photos/20363116@N00,20363116@N00,flickr:20363116@N00,2cc3cef1e4e82df8d79a14ffbf80b1ba35adf162,1024,792,gas meter
images/gas_meter/openverse_0da6a7813a1848c69ccd3a55028f2ff7.jpg,gas_meter,,,unlabeled,0,openverse,0da6a781-3a18-48c6-9ccd-3a55028f2ff7,Removed the gas meter,https://www.flickr.com/photos/72012121@N00/2990178832,https://live.staticflickr.com/3025/2990178832_7f659b6723_b.jpg,by,2.0,https://creativecommons.org/licenses/by/2.0/,rivo,https://www.flickr.com/photos/72012121@N00,72012121@N00,flickr:72012121@N00,e810695903fb1b57dee9f06c81623f1744c96cb9,1024,768,gas meter
images/gas_meter/openverse_11abccd466ac4e458968e2a3ed4828ec.jpg,gas_meter,,train,labeled,1,openverse,11abccd4-66ac-4e45-8968-e2a3ed4828ec,Gas Meter 9,https://www.flickr.com/photos/37215459@N00/163333873,https://live.staticflickr.com/78/163333873_aeb9ac23e8_b.jpg,by,2.0,https://creativecommons.org/licenses/by/2.0/,picasso1387,https://www.flickr.com/photos/37215459@N00,37215459@N00,flickr:37215459@N00,9ebedb08c1cd5020707e1a265547f25aff7d4caa,1024,768,gas meter
images/gas_meter/openverse_130708a4b2954afcb2edeb5d560e1327.jpg,gas_meter,,train,labeled,21,openverse,130708a4-b295-4afc-b2ed-eb5d560e1327,Natural gas meters,https://www.flickr.com/photos/10104443@N05/53971812325,https://live.staticflickr.com/65535/53971812325_bb05459e41_b.jpg,by,2.0,https://creativecommons.org/licenses/by/2.0/,bcpaulos,https://www.flickr.com/photos/10104443@N05,10104443@N05,flickr:10104443@N05,1ef271d4a81d86d043f5a2d19bed3be62957b45f,1024,768,natural gas meter
images/gas_meter/openverse_13ed3c9251a64e9eab171f34f97f40be.jpg,gas_meter,,,unlabeled,0,openverse,13ed3c92-51a6-4e9e-ab17-1f34f97f40be,Lake Jackson District inspector checking meters at land gas facility,https://www.flickr.com/photos/123443813@N05/16036632885,https://live.staticflickr.com/7558/16036632885_7ace2e8281_b.jpg,pdm,1.0,https://creativecommons.org/publicdomain/mark/1.0/,bseegov,https://www.flickr.com/photos/123443813@N05,123443813@N05,flickr:123443813@N05,6ca7f2ffa146a243097dfe69d8739a6801759a55,1024,683,gas regulator meter
images/gas_meter/openverse_15d74a413a7a43bab93fc5eab35084c5.jpg,gas_meter,,,unlabeled,0,openverse,15d74a41-3a7a-43ba-b93f-c5eab35084c5,Gas Meter 8,https://www.flickr.com/photos/37215459@N00/163333872,https://live.staticflickr.com/61/163333872_f7b968fd5a_b.jpg,by,2.0,https://creativecommons.org/licenses/by/2.0/,picasso1387,https://www.flickr.com/photos/37215459@N00,37215459@N00,flickr:37215459@N00,1eadbb57da324875a5025f114df5fa9a265b95e8,1024,768,gas meter
images/gas_meter/openverse_1604dbe3cd2a4460aa249b1820218385.jpg,gas_meter,,,unlabeled,0,openverse,1604dbe3-cd2a-4460-aa24-9b1820218385,Gas meter read,https://www.flickr.com/photos/56579997@N00/5384431788,https://live.staticflickr.com/5216/5384431788_d7ab6e1059_b.jpg,by,2.0,https://creativecommons.org/licenses/by/2.0/,burge5k,https://www.flickr.com/photos/56579997@N00,56579997@N00,flickr:56579997@N00,b7ed7f72658fc14c5a666d6e9218b9127ce01abc,1024,613,gas meter
images/gas_meter/openverse_171c00794ba54a49a2135bd0257cff48.jpg,gas_meter,,train,labeled,2,openverse,171c0079-4ba5-4a49-a213-5bd0257cff48,Icy Gas,https://www.flickr.com/photos/44124372247@N01/359917944,https://live.staticflickr.com/164/359917944_eab58c2f1a_b.jpg,by,2.0,https://creativecommons.org/licenses/by/2.0/,objectfox,https://www.flickr.com/photos/44124372247@N01,44124372247@N01,flickr:44124372247@N01,9ceb19d4fa7f1c49388ed45652837704b4828079,683,1024,natural gas meter
images/gas_meter/openverse_1774c43880584bf8964e64a298ad7f03.jpg,gas_meter,,,unlabeled,0,openverse,1774c438-8058-4bf8-964e-64a298ad7f03,Sea Fans with Basket Star,https://www.flickr.com/photos/40322276@N04/6641343439,https://live.staticflickr.com/7032/6641343439_23951d2ef8_b.jpg,by,2.0,https://creativecommons.org/licenses/by/2.0/,NOAA's National Ocean Service,https://www.flickr.com/photos/40322276@N04,40322276@N04,flickr:40322276@N04,c0851b6a1f94cc2a70ff8efa9595383d08f03507,1023,742,natural gas meter
images/gas_meter/openverse_19ab24c8d99c49e68d77c0a7a0b5d144.jpg,gas_meter,,,unlabeled,0,openverse,19ab24c8-d99c-49e6-8d77-c0a7a0b5d144,big balls,https://www.flickr.com/photos/10508943@N00/146367228,https://live.staticflickr.com/46/146367228_cbd1b473bb_b.jpg,by,2.0,https://creativecommons.org/licenses/by/2.0/,extranoise,https://www.flickr.com/photos/10508943@N00,10508943@N00,flickr:10508943@N00,d14c68da2d98f6f04001abc042ff9c21ea0e8fb1,1024,683,natural gas meter
images/gas_meter/openverse_19e7ed0ef9f44a158ce73addeb3780f7.jpg,gas_meter,,train,labeled,1,openverse,19e7ed0e-f9f4-4a15-8ce7-3addeb3780f7,gas meters,https://www.flickr.com/photos/57505599@N00/2332505864,https://live.staticflickr.com/2007/2332505864_62e23d094d_b.jpg,by-sa,2.0,https://creativecommons.org/licenses/by-sa/2.0/,C Jill Reed,https://www.flickr.com/photos/57505599@N00,57505599@N00,flickr:57505599@N00,573ffdc901264d72bd27acb842ea7907d9c1fa5c,1024,749,gas meter
images/gas_meter/openverse_1b9c82e1bb984fcd9c543e79cd46d036.jpg,gas_meter,,,unlabeled,0,openverse,1b9c82e1-bb98-4fcd-9c54-3e79cd46d036,MAVEN Mission Primary Structure Complete,https://www.flickr.com/photos/24662369@N07/6186672814,https://live.staticflickr.com/6168/6186672814_1ebdae9136_b.jpg,by,2.0,https://creativecommons.org/licenses/by/2.0/,NASA Goddard Photo and Video,https://www.flickr.com/photos/24662369@N07,24662369@N07,nasa:24662369@N07,877dad8330ac8a5e8c6b2846dfceb803a2b9ea71,819,1024,natural gas meter
images/gas_meter/openverse_1d1e5c7881da4127848c4be164b0cd68.jpg,gas_meter,,,unlabeled,0,openverse,1d1e5c78-81da-4127-848c-4be164b0cd68,Chimaera near Olympos,https://www.flickr.com/photos/48125931@N00/4551802826,https://live.staticflickr.com/4062/4551802826_154373ebe6_b.jpg,by-sa,2.0,https://creativecommons.org/licenses/by-sa/2.0/,puffin11uk,https://www.flickr.com/photos/48125931@N00,48125931@N00,flickr:48125931@N00,381c22df4daa9db68d08755d2e37f6cb363273c3,1024,768,natural gas meter
images/gas_meter/openverse_200d10ac041d457bb367586066f0d3e8.jpg,gas_meter,,,unlabeled,0,openverse,200d10ac-041d-457b-b367-586066f0d3e8,Alaska’s Pavlof Volcano: NASA’s View from Space,https://www.flickr.com/photos/24662369@N07/8815681798,https://live.staticflickr.com/5455/8815681798_4bacdb2afe_b.jpg,by,2.0,https://creativecommons.org/licenses/by/2.0/,NASA Goddard Photo and Video,https://www.flickr.com/photos/24662369@N07,24662369@N07,nasa:24662369@N07,5c7b20e81f1f042a93378670be32cf67aa294c02,1024,683,natural gas meter
images/gas_meter/openverse_21d9ad970d6045acafb37193d326fc4b.jpg,gas_meter,,train,labeled,1,openverse,21d9ad97-0d60-45ac-afb3-7193d326fc4b,Gas Meter,https://www.flickr.com/photos/28512253@N04/12068663063,https://live.staticflickr.com/3760/12068663063_33d1dcb1d8_b.jpg,by,2.0,https://creativecommons.org/licenses/by/2.0/,usman9,https://www.flickr.com/photos/28512253@N04,28512253@N04,flickr:28512253@N04,2bd4b4375e60046e3a30ea3ac4e5c68b427d8023,1024,683,gas meter
images/gas_meter/openverse_26a6b534c3a4487bb0841ac057c4572e.jpg,gas_meter,,,unlabeled,0,openverse,26a6b534-c3a4-487b-b084-1ac057c4572e,Explosive Eruption at Paluweh Volcano,https://www.flickr.com/photos/24662369@N07/9679256621,https://live.staticflickr.com/5476/9679256621_d89aa602a2_b.jpg,by,2.0,https://creativecommons.org/licenses/by/2.0/,NASA Goddard Photo and Video,https://www.flickr.com/photos/24662369@N07,24662369@N07,nasa:24662369@N07,54c4809987585590f752335181bc8af8035a4a11,1024,640,natural gas meter
images/gas_meter/openverse_29ff982f2bee4091bde4ffaf43526e6c.jpg,gas_meter,,,unlabeled,0,openverse,29ff982f-2bee-4091-bde4-ffaf43526e6c,gas meter,https://www.flickr.com/photos/17033616@N08/2683312181,https://live.staticflickr.com/3052/2683312181_403d612b81_b.jpg,by-sa,2.0,https://creativecommons.org/licenses/by-sa/2.0/,isaacbowen,https://www.flickr.com/photos/17033616@N08,17033616@N08,flickr:17033616@N08,d30d12d1b34eb605ccbb511113a58bf0ce71ad92,1024,679,gas meter
images/gas_meter/openverse_2a371cf37b69426eab3f53f21790de8e.jpg,gas_meter,,,unlabeled,0,openverse,2a371cf3-7b69-426e-ab3f-53f21790de8e,Alaska’s Pavlof Volcano: NASA’s View from Space,https://www.flickr.com/photos/24662369@N07/8805097469,https://live.staticflickr.com/7328/8805097469_59ce18f38a_b.jpg,by,2.0,https://creativecommons.org/licenses/by/2.0/,NASA Goddard Photo and Video,https://www.flickr.com/photos/24662369@N07,24662369@N07,nasa:24662369@N07,af64c4d743b1891fdeddc10597918681638f6357,1024,683,natural gas meter
images/gas_meter/openverse_2a4d37a752174bd4a4e680c44351d3b9.jpg,gas_meter,,train,labeled,8,openverse,2a4d37a7-5217-4bd4-a4e6-80c44351d3b9,Natural gas meters,https://www.flickr.com/photos/10104443@N05/53971369096,https://live.staticflickr.com/65535/53971369096_ab707c4b32_b.jpg,by,2.0,https://creativecommons.org/licenses/by/2.0/,bcpaulos,https://www.flickr.com/photos/10104443@N05,10104443@N05,flickr:10104443@N05,5badd9f8152f26dcbadff995606eb7d5eb46c04c,1024,768,natural gas meter
images/gas_meter/openverse_2bc84e5bf30a405d8624a68e0f293abc.jpg,gas_meter,,,unlabeled,0,openverse,2bc84e5b-f30a-405d-8624-a68e0f293abc,Chimaera near Olympos,https://www.flickr.com/photos/48125931@N00/4551804330,https://live.staticflickr.com/4054/4551804330_48b39bf711_b.jpg,by-sa,2.0,https://creativecommons.org/licenses/by-sa/2.0/,puffin11uk,https://www.flickr.com/photos/48125931@N00,48125931@N00,flickr:48125931@N00,bdd1c16594fcafa7a520c44b8b77db208b6bdb76,1024,768,natural gas meter
images/gas_meter/openverse_2ce6f5c346b144de8b1fa03a178b40d8.jpg,gas_meter,,train,labeled,7,openverse,2ce6f5c3-46b1-44de-8b1f-a03a178b40d8,"electric & gas meters, pipes, cords",https://www.flickr.com/photos/92842970@N00/2382237913,https://live.staticflickr.com/2025/2382237913_c139dd8948_b.jpg,by-sa,2.0,https://creativecommons.org/licenses/by-sa/2.0/,ivva,https://www.flickr.com/photos/92842970@N00,92842970@N00,flickr:92842970@N00,da36f36f060a0f772619cf4903dc363b87875a1b,1024,667,gas meter
images/gas_meter/openverse_2f1b6a70a3324178a70fdbfeeaeed1a1.jpg,gas_meter,,,unlabeled,0,openverse,2f1b6a70-a332-4178-a70f-dbfeeaeed1a1,Gas Meter 4,https://www.flickr.com/photos/37215459@N00/163328101,https://live.staticflickr.com/72/163328101_be89df4f54_b.jpg,by,2.0,https://creativecommons.org/licenses/by/2.0/,picasso1387,https://www.flickr.com/photos/37215459@N00,37215459@N00,flickr:37215459@N00,b4ff4333d8ffd4c2be265a7d6fb4b1933f2fd266,1024,768,gas meter
images/gas_meter/openverse_2f57ed3f5f1c49019503143ce7db207d.jpg,gas_meter,,,unlabeled,0,openverse,2f57ed3f-5f1c-4901-9503-143ce7db207d,Gas Meter,https://www.flickr.com/photos/27503925@N00/38430868,https://live.staticflickr.com/27/38430868_7a14c8aa2d_b.jpg,by-sa,2.0,https://creativecommons.org/licenses/by-sa/2.0/,JnL,https://www.flickr.com/photos/27503925@N00,27503925@N00,flickr:27503925@N00,faf545698678fb87c510f09d693106d8c836b5f2,1024,1024,gas meter
images/gas_meter/openverse_305d8e00c8044f19a981d95b139de8b5.jpg,gas_meter,,train,labeled,7,openverse,305d8e00-c804-4f19-a981-d95b139de8b5,Natural gas meters,https://www.flickr.com/photos/10104443@N05/53971606468,https://live.staticflickr.com/65535/53971606468_62a76da1de_b.jpg,by,2.0,https://creativecommons.org/licenses/by/2.0/,bcpaulos,https://www.flickr.com/photos/10104443@N05,10104443@N05,flickr:10104443@N05,679b6911dc103540bdd4b24fa0d6e207fb42adf4,1024,768,natural gas meter
images/gas_meter/openverse_30f0a8874a12421eb75d46bfaf4787ed.jpg,gas_meter,,val,labeled,1,openverse,30f0a887-4a12-421e-b75d-46bfaf4787ed,gas meter,https://www.flickr.com/photos/97202361@N03/8996301321,https://live.staticflickr.com/8123/8996301321_a562828f89_b.jpg,by-sa,2.0,https://creativecommons.org/licenses/by-sa/2.0/,一人寿司-Hitori Sushi,https://www.flickr.com/photos/97202361@N03,97202361@N03,flickr:97202361@N03,f7c5659ed94da46ee053c7e39337869f2aa75238,1024,683,gas meter
images/gas_meter/openverse_30f47d55d2254d83bb4219a594798c98.jpg,gas_meter,,,unlabeled,0,openverse,30f47d55-d225-4d83-bb42-19a594798c98,Skiing Sochi,https://www.flickr.com/photos/24662369@N07/12640339235,https://live.staticflickr.com/7444/12640339235_fedab52636_b.jpg,by,2.0,https://creativecommons.org/licenses/by/2.0/,NASA Goddard Photo and Video,https://www.flickr.com/photos/24662369@N07,24662369@N07,nasa:24662369@N07,19cd9c313b0ae780fa49b3e8336edce0574ad43d,1024,1024,natural gas meter
images/gas_meter/openverse_32df2c43f72f4714beac7ba829ad47ee.jpg,gas_meter,,train,labeled,1,openverse,32df2c43-f72f-4714-beac-7ba829ad47ee,gas meter,https://www.flickr.com/photos/57793655@N00/3690448180,https://live.staticflickr.com/2476/3690448180_3e7d7cc5c3_b.jpg,by,2.0,https://creativecommons.org/licenses/by/2.0/,mxmstryo,https://www.flickr.com/photos/57793655@N00,57793655@N00,flickr:57793655@N00,652ac70a89a73c26d41551f6b2d90b2ad464fecf,680,1024,gas meter
images/gas_meter/openverse_35238ab8a0264418b8babff1d4eccb4c.jpg,gas_meter,,train,labeled,4,openverse,35238ab8-a026-4418-b8ba-bff1d4eccb4c,Gas meter,https://www.flickr.com/photos/61338164@N02/14957410329,https://live.staticflickr.com/5593/14957410329_c03bba42dd_b.jpg,by-sa,2.0,https://creativecommons.org/licenses/by-sa/2.0/,haru__q,https://www.flickr.com/photos/61338164@N02,61338164@N02,flickr:61338164@N02,5a94c7e09a11c49acb2a553c812c56d418f59775,1024,683,gas meter
images/gas_meter/openverse_361ec8ecd62c4f5ca74d4dba48746c57.jpg,gas_meter,,,unlabeled,0,openverse,361ec8ec-d62c-4f5c-a74d-4dba48746c57,Chimaera near Olympos,https://www.flickr.com/photos/48125931@N00/4551805822,https://live.staticflickr.com/4051/4551805822_bddbba238d_b.jpg,by-sa,2.0,https://creativecommons.org/licenses/by-sa/2.0/,puffin11uk,https://www.flickr.com/photos/48125931@N00,48125931@N00,flickr:48125931@N00,827631c492b900ace6b5d2b1ddab216caf7857d3,768,1024,natural gas meter
images/gas_meter/openverse_3aeb67d7b6104b6ba99dbe7dba9b224a.jpg,gas_meter,,,unlabeled,0,openverse,3aeb67d7-b610-4b6b-a99d-be7dba9b224a,Removed the gas meter,https://www.flickr.com/photos/72012121@N00/2990179150,https://live.staticflickr.com/3160/2990179150_3165929486_b.jpg,by,2.0,https://creativecommons.org/licenses/by/2.0/,rivo,https://www.flickr.com/photos/72012121@N00,72012121@N00,flickr:72012121@N00,c28bdd6659190735a47152b3f61071bf7dbb8077,768,1024,gas meter
images/gas_meter/openverse_3e035caadd924f3585c149f10eff8e13.jpg,gas_meter,,train,labeled,1,openverse,3e035caa-dd92-4f35-85c1-49f10eff8e13,Gas meter,https://www.flickr.com/photos/60477053@N00/83628553,https://live.staticflickr.com/36/83628553_1ec0df54a1_b.jpg,by-sa,2.0,https://creativecommons.org/licenses/by-sa/2.0/,lostinfog,https://www.flickr.com/photos/60477053@N00,60477053@N00,flickr:60477053@N00,ea13de9e4263afcb9bf3bcf7afe109f6ff065d93,1024,768,gas meter
images/gas_meter/openverse_3fbb9c4d95324ce7af2e216aaefd5803.jpg,gas_meter,,,unlabeled,0,openverse,3fbb9c4d-9532-4ce7-af2e-216aaefd5803,Mud Volcano's margin (29 August 2011) 3,https://www.flickr.com/photos/47445767@N05/14329665349,https://live.staticflickr.com/5485/14329665349_56765ddef9_b.jpg,by,2.0,https://creativecommons.org/licenses/by/2.0/,James St. John,https://www.flickr.com/photos/47445767@N05,47445767@N05,flickr:47445767@N05,7c1d39c747738a9937ab00d66af12475dcebdaa7,1024,681,natural gas meter
images/gas_meter/openverse_408de092c01943328ae285b598f077cb.jpg,gas_meter,,,unlabeled,0,openverse,408de092-c019-4332-8ae2-85b598f077cb,Heimey volcanic eruption in 1973,https://www.flickr.com/photos/49810522@N06/6785065085,https://live.staticflickr.com/7004/6785065085_7d34bae68d_b.jpg,by,2.0,https://creativecommons.org/licenses/by/2.0/,oskaree,https://www.flickr.com/photos/49810522@N06,49810522@N06,flickr:49810522@N06,5a1012cefad3daf84403731fd5c726057198bf19,780,1024,natural gas meter
images/gas_meter/openverse_438ae005ca1b4a61a672f4a95a7fd164.jpg,gas_meter,,val,labeled,1,openverse,438ae005-ca1b-4a61-a672-f4a95a7fd164,IMG_2282 Gas Meter,https://www.flickr.com/photos/12535240@N05/3084077855,https://live.staticflickr.com/3234/3084077855_ff3bd760df_b.jpg,by,2.0,https://creativecommons.org/licenses/by/2.0/,carlfbagge,https://www.flickr.com/photos/12535240@N05,12535240@N05,flickr:12535240@N05,19dda2e40f8e2e30269d8b8b59e6cdab120a1f6f,768,1024,gas meter
images/gas_meter/openverse_43c75eaa487f4413acaf177ca758cbef.jpg,gas_meter,,,unlabeled,0,openverse,43c75eaa-487f-4413-acaf-177ca758cbef,"Lapis lazuli (lazuritic metamorphite) (Sar-e-Sang Deposit, Sakhi Formation, Precambrian, 2.4-2.7 Ga (?); Sar-e-Sang Mining District, Hindu-Kush Mountains, Afghanistan) 6",https://www.flickr.com/photos/47445767@N05/40672923793,https://live.staticflickr.com/65535/40672923793_ca3227125b_b.jpg,by,2.0,https://creativecommons.org/licenses/by/2.0/,James St. John,https://www.flickr.com/photos/47445767@N05,47445767@N05,flickr:47445767@N05,3660dad5bd0bd709727f12ee504fdcd9ec42745e,832,1024,natural gas meter
images/gas_meter/openverse_449cfdceb3b74104983d3001e4b078c6.jpg,gas_meter,,train,labeled,20,openverse,449cfdce-b3b7-4104-983d-3001e4b078c6,Natural gas meters,https://www.flickr.com/photos/10104443@N05/53971369151,https://live.staticflickr.com/65535/53971369151_ae3c316f37_b.jpg,by,2.0,https://creativecommons.org/licenses/by/2.0/,bcpaulos,https://www.flickr.com/photos/10104443@N05,10104443@N05,flickr:10104443@N05,fb368f3aee1952183b2fdc926e2cfc623457c983,1024,768,natural gas meter
images/gas_meter/openverse_489966f4430c4eaa967c1d00fb4ca9d3.jpg,gas_meter,,train,labeled,2,openverse,489966f4-430c-4eaa-967c-1d00fb4ca9d3,Gas meters,https://www.flickr.com/photos/12814307@N00/289752990,https://live.staticflickr.com/100/289752990_4924380473_b.jpg,by-sa,2.0,https://creativecommons.org/licenses/by-sa/2.0/,LHOON,https://www.flickr.com/photos/12814307@N00,12814307@N00,flickr:12814307@N00,8e671c2423d8dd05b6e21f5d474a4f1ed3c7b956,1024,768,gas meter
images/gas_meter/openverse_4b8a6e98b32c49b38a76f9eb519f9dd2.jpg,gas_meter,,train,labeled,11,openverse,4b8a6e98-b32c-49b3-8a76-f9eb519f9dd2,Utilities x3,https://www.flickr.com/photos/58606436@N00/2920224779,https://live.staticflickr.com/3178/2920224779_2ed3326a0a_b.jpg,by,2.0,https://creativecommons.org/licenses/by/2.0/,Tonamel,https://www.flickr.com/photos/58606436@N00,58606436@N00,flickr:58606436@N00,c15b642b09d742683a4f2484540b148e03a09acc,1024,768,natural gas meter
images/gas_meter/openverse_4cc080da205b4f0387bec662abe39a4a.jpg,gas_meter,,train,labeled,3,openverse,4cc080da-205b-4f03-87be-c662abe39a4a,Natural gas meters,https://www.flickr.com/photos/10104443@N05/53971606453,https://live.staticflickr.com/65535/53971606453_b6b132d38e_b.jpg,by,2.0,https://creativecommons.org/licenses/by/2.0/,bcpaulos,https://www.flickr.com/photos/10104443@N05,10104443@N05,flickr:10104443@N05,b7dd413ae35775ec390074b1e5b2b12c3b8262ee,768,1024,natural gas meter
images/gas_meter/openverse_4eb059fdb5ee4ddc80f540b271c1bf58.jpg,gas_meter,,train,labeled,1,openverse,4eb059fd-b5ee-4ddc-80f5-40b271c1bf58,Grim Reaper - Gas Meter,https://www.flickr.com/photos/82947612@N00/6742141733,https://live.staticflickr.com/7162/6742141733_05ba84ec8d_b.jpg,by,2.0,https://creativecommons.org/licenses/by/2.0/,bixentro,https://www.flickr.com/photos/82947612@N00,82947612@N00,flickr:82947612@N00,04947d622a54ac859611f527349593614d700934,613,1024,gas meter
images/gas_meter/openverse_4ed679259b1149dcb59c225419e70d0e.jpg,gas_meter,,train,labeled,3,openverse,4ed67925-9b11-49dc-b59c-225419e70d0e,Gas Meters,https://www.flickr.com/photos/57793655@N00/3764751730,https://live.staticflickr.com/3569/3764751730_fb017c0029_b.jpg,by,2.0,https://creativecommons.org/licenses/by/2.0/,mxmstryo,https://www.flickr.com/photos/57793655@N00,57793655@N00,flickr:57793655@N00,26b2d761def9d955c01c5c651930062806dc2821,1023,767,gas meter
images/gas_meter/openverse_4f5f06b0198c400bbf232627d2f6a756.jpg,gas_meter,,,unlabeled,0,openverse,4f5f06b0-198c-400b-bf23-2627d2f6a756,Gas Meter 7,https://www.flickr.com/photos/37215459@N00/163333871,https://live.staticflickr.com/68/163333871_4284010b22_b.jpg,by,2.0,https://creativecommons.org/licenses/by/2.0/,picasso1387,https://www.flickr.com/photos/37215459@N00,37215459@N00,flickr:37215459@N00,91d81494470c591427d79177f47825b1bd7a6217,1024,768,gas meter
images/gas_meter/openverse_523307e1d7294d7a9bc7c46e12d7274b.jpg,gas_meter,,train,labeled,7,openverse,523307e1-d729-4d7a-9bc7-c46e12d7274b,2013-02-19 19.18.58,https://www.flickr.com/photos/51035606497@N01/8494120566,https://live.staticflickr.com/8235/8494120566_203c08e380_b.jpg,by,2.0,https://creativecommons.org/licenses/by/2.0/,brianc,https://www.flickr.com/photos/51035606497@N01,51035606497@N01,flickr:51035606497@N01,7d629ee767e880182267ebe2951589ab4ea2c05b,1024,768,natural gas meter
images/gas_meter/openverse_5452648f8f924c9fbe3e713474c1d0cc.jpg,gas_meter,,,unlabeled,0,openverse,5452648f-8f92-4c9f-be3e-713474c1d0cc,Alaska’s Pavlof Volcano: NASA’s View from Space,https://www.flickr.com/photos/24662369@N07/8805097211,https://live.staticflickr.com/5459/8805097211_8268372b63_b.jpg,by,2.0,https://creativecommons.org/licenses/by/2.0/,NASA Goddard Photo and Video,https://www.flickr.com/photos/24662369@N07,24662369@N07,nasa:24662369@N07,54e87703429b534fa78d6cdc638be7c01e438fe1,1024,683,natural gas meter
images/gas_meter/openverse_54669bea74a649f8a6105d9144f528fb.jpg,gas_meter,,train,labeled,1,openverse,54669bea-74a6-49f8-a610-5d9144f528fb,Gas meter,https://www.flickr.com/photos/16105436@N00/2795984685,https://live.staticflickr.com/3199/2795984685_b7989b52d1_b.jpg,by,2.0,https://creativecommons.org/licenses/by/2.0/,Kai Hendry,https://www.flickr.com/photos/16105436@N00,16105436@N00,flickr:16105436@N00,d045b33665492c20739e8f1f1cbb1f21fbf29bc2,1024,768,gas meter
images/gas_meter/openverse_54703d9b25b44dc5b33ff75268a95544.jpg,gas_meter,,train,labeled,2,openverse,54703d9b-25b4-4dc5-b33f-f75268a95544,Gas Meters,https://www.flickr.com/photos/43095782@N00/27328264307,https://live.staticflickr.com/966/27328264307_6480b12d40_b.jpg,by-sa,2.0,https://creativecommons.org/licenses/by-sa/2.0/,Kevo89,https://www.flickr.com/photos/43095782@N00,43095782@N00,flickr:43095782@N00,0f66186bf0a0ea3316182ed3719ebf3bcab3c2a0,679,1024,gas meter
images/gas_meter/openverse_54d218da55ad4e02b7b1e9760626d136.jpg,gas_meter,,val,labeled,2,openverse,54d218da-55ad-4e02-b7b1-e9760626d136,Gas Meter,https://www.flickr.com/photos/53332339@N00/16570397134,https://live.staticflickr.com/7665/16570397134_a5c0a00597_b.jpg,by,2.0,https://creativecommons.org/licenses/by/2.0/,Beige Alert,https://www.flickr.com/photos/53332339@N00,53332339@N00,flickr:53332339@N00,0f64911e75fdd0094aaf21c2d63a2247eb4dae72,1024,768,gas meter
images/gas_meter/openverse_56016032338c4799b8c26f6a20676dd7.jpg,gas_meter,,,unlabeled,0,openverse,56016032-338c-4799-b8c2-6f6a20676dd7,"Lapis lazuli (lazuritic metamorphite) (Sar-e-Sang Deposit, Sakhi Formation, Precambrian, 2.4-2.7 Ga (?); Sar-e-Sang Mining District, Hindu-Kush Mountains, Afghanistan) 1",https://www.flickr.com/photos/47445767@N05/15057642221,https://live.staticflickr.com/3868/15057642221_10cbc413a1_b.jpg,by,2.0,https://creativecommons.org/licenses/by/2.0/,James St. John,https://www.flickr.com/photos/47445767@N05,47445767@N05,flickr:47445767@N05,4eb9e6e0394623c0da4af5c750e8c5975cf4e43b,760,1024,natural gas meter
images/gas_meter/openverse_58db364dd0ba4b7083a0c73f7a3ef7de.jpg,gas_meter,,,unlabeled,0,openverse,58db364d-d0ba-4b70-83a0-c73f7a3ef7de,Gas Meter,https://www.flickr.com/photos/72558920@N00/3695047644,https://live.staticflickr.com/2495/3695047644_526e88fb48_b.jpg,by,2.0,https://creativecommons.org/licenses/by/2.0/,teofilo,https://www.flickr.com/photos/72558920@N00,72558920@N00,flickr:72558920@N00,c58841bb46e9706d17364ab73ce3483cd8af5306,1024,768,gas meter
images/gas_meter/openverse_5a7a70bb2ff744d8b91bf71478483aaf.jpg,gas_meter,,,unlabeled,0,openverse,5a7a70bb-2ff7-44d8-b91b-f71478483aaf,Mud Volcano (29 August 2011) 4,https://www.flickr.com/photos/47445767@N05/14514876864,https://live.staticflickr.com/3897/14514876864_f0091163df_b.jpg,by,2.0,https://creativecommons.org/licenses/by/2.0/,James St. John,https://www.flickr.com/photos/47445767@N05,47445767@N05,flickr:47445767@N05,909521b3ab020df7dec596da202364d38d5e618e,1024,681,natural gas meter
images/gas_meter/openverse_5a9c629098d14979a05e8e718e1787e6.jpg,gas_meter,,train,labeled,5,openverse,5a9c6290-98d1-4979-a05e-8e718e1787e6,gas meters,https://www.flickr.com/photos/57505599@N00/2331677315,https://live.staticflickr.com/2065/2331677315_2a3ab9d413_b.jpg,by-sa,2.0,https://creativecommons.org/licenses/by-sa/2.0/,C Jill Reed,https://www.flickr.com/photos/57505599@N00,57505599@N00,flickr:57505599@N00,6edbe2e6abe6c69c93b2887478ea42a05aee10a8,683,1024,gas meter
images/gas_meter/openverse_5c7c0e67ff3440058e1608c3f9036f71.jpg,gas_meter,,,unlabeled,0,openverse,5c7c0e67-ff34-4005-8e16-08c3f9036f71,Gas meter facade2,https://www.flickr.com/photos/44623686@N08/8194492840,https://live.staticflickr.com/8058/8194492840_c6fcb6280a_b.jpg,by,2.0,https://creativecommons.org/licenses/by/2.0/,flipflopnick,https://www.flickr.com/photos/44623686@N08,44623686@N08,flickr:44623686@N08,2f7358621926be6b97c0572806d41204f5261992,1024,576,gas meter
images/gas_meter/openverse_5d44efe8270143caa26fbf8291e8d061.jpg,gas_meter,,,unlabeled,0,openverse,5d44efe8-2701-43ca-a26f-bf8291e8d061,Costa Rica,https://www.flickr.com/photos/24662369@N07/14214278247,https://live.staticflickr.com/3836/14214278247_d9d018bdfe_b.jpg,by,2.0,https://creativecommons.org/licenses/by/2.0/,NASA Goddard Photo and Video,https://www.flickr.com/photos/24662369@N07,24662369@N07,nasa:24662369@N07,37f112926bab84e0c72888ecf0d5d77318eb0e0a,1024,704,natural gas meter
images/gas_meter/openverse_5dba8bc42e184ab090818dd9c68dab45.jpg,gas_meter,,train,labeled,2,openverse,5dba8bc4-2e18-4ab0-9081-8dd9c68dab45,Gas Meter,https://www.flickr.com/photos/13542313@N00/861345974,https://live.staticflickr.com/1279/861345974_a46491d188_b.jpg,by,2.0,https://creativecommons.org/licenses/by/2.0/,Eddie~S,https://www.flickr.com/photos/13542313@N00,13542313@N00,flickr:13542313@N00,f2678a7e14047aa514b3ca155e1bc0411584dfd6,1024,768,gas meter
images/gas_meter/openverse_60a3e098284c4f7190b22b60c3ab4b82.jpg,gas_meter,,train,labeled,1,openverse,60a3e098-284c-4f71-90b2-2b60c3ab4b82,Gas Meter 10,https://www.flickr.com/photos/37215459@N00/163333874,https://live.staticflickr.com/67/163333874_da0db3617e_b.jpg,by,2.0,https://creativecommons.org/licenses/by/2.0/,picasso1387,https://www.flickr.com/photos/37215459@N00,37215459@N00,flickr:37215459@N00,256c7a2e009f501612f7745e7c58c873dfa2f38e,1024,768,gas meter
images/gas_meter/openverse_63aa6336aa574b7887ca84c1c0f2a0b0.jpg,gas_meter,,,unlabeled,0,openverse,63aa6336-aa57-4b78-87ca-84c1c0f2a0b0,Mud Volcano (29 August 2011) 10,https://www.flickr.com/photos/47445767@N05/14514865644,https://live.staticflickr.com/5520/14514865644_566299e631_b.jpg,by,2.0,https://creativecommons.org/licenses/by/2.0/,James St. John,https://www.flickr.com/photos/47445767@N05,47445767@N05,flickr:47445767@N05,daab8687826710bab7748a1f83eec75c1d812422,1024,681,natural gas meter
images/gas_meter/openverse_6575230aa39549da8587b83d628e8deb.jpg,gas_meter,,val,labeled,1,openverse,6575230a-a395-49da-8587-b83d628e8deb,House Meter,https://www.flickr.com/photos/23471224@N00/62599652,https://live.staticflickr.com/28/62599652_35664a28e8_b.jpg,by,2.0,https://creativecommons.org/licenses/by/2.0/,Brian in Cleveland,https://www.flickr.com/photos/23471224@N00,23471224@N00,flickr:23471224@N00,6b156c10775dcfdc465ec20b6a55a74adc453470,1024,1024,natural gas meter
images/gas_meter/openverse_681173a416b342049c0712b3e2911fb3.jpg,gas_meter,,train,labeled,1,openverse,681173a4-16b3-4204-9c07-12b3e2911fb3,gas meters,https://www.flickr.com/photos/43885961@N00/2614737359,https://live.staticflickr.com/3276/2614737359_09912b7d3f_b.jpg,by,2.0,https://creativecommons.org/licenses/by/2.0/,Lisa Padilla,https://www.flickr.com/photos/43885961@N00,43885961@N00,flickr:43885961@N00,31cc42557b8b95016af53508a0380654069e09b0,1024,680,gas meter
images/gas_meter/openverse_68f0d52a52254e00931c3486c041cb69.jpg,gas_meter,,,unlabeled,0,openverse,68f0d52a-5225-4e00-931c-3486c041cb69,Mud Volcano (10 August 2011) 14,https://www.flickr.com/photos/47445767@N05/14514816744,https://live.staticflickr.com/5473/14514816744_a40f692025_b.jpg,by,2.0,https://creativecommons.org/licenses/by/2.0/,James St. John,https://www.flickr.com/photos/47445767@N05,47445767@N05,flickr:47445767@N05,e8c1044f2835e0133d7421a3cc869a25c3d1f3de,1024,681,natural gas meter
images/gas_meter/openverse_6a1f470a9338494cbc014ac676a9c65c.jpg,gas_meter,,val,labeled,2,openverse,6a1f470a-9338-494c-bc01-4ac676a9c65c,Old Con Edison Sticker,https://www.flickr.com/photos/12738795@N00/6208445589,https://live.staticflickr.com/6056/6208445589_267c1253b5_b.jpg,by,2.0,https://creativecommons.org/licenses/by/2.0/,tracilawson,https://www.flickr.com/photos/12738795@N00,12738795@N00,flickr:12738795@N00,db7fbec154e6d91024f17824545c115d435a94af,1024,681,natural gas meter
images/gas_meter/openverse_6a56ba2caf6044f1947f3b45db09a8c4.jpg,gas_meter,,,unlabeled,0,openverse,6a56ba2c-af60-44f1-947f-3b45db09a8c4,"Chinese Spring (late morning, 1 June 2013) 08",https://www.flickr.com/photos/47445767@N05/13395608063,https://live.staticflickr.com/3717/13395608063_968bbb7057_b.jpg,by,2.0,https://creativecommons.org/licenses/by/2.0/,James St. John,https://www.flickr.com/photos/47445767@N05,47445767@N05,flickr:47445767@N05,f012edb515486735a2c2985fcbf7c7e4bfb1443d,1024,680,natural gas meter
images/gas_meter/openverse_6d962eaf484b40dd875b8f1bcf1f3830.jpg,gas_meter,,,unlabeled,0,openverse,6d962eaf-484b-40dd-875b-8f1bcf1f3830,"Oil Slick Pool (WTLGNN075) (morning, 6 June 2013) 4",https://www.flickr.com/photos/47445767@N05/13316900485,https://live.staticflickr.com/7126/13316900485_3000b735f7_b.jpg,by,2.0,https://creativecommons.org/licenses/by/2.0/,James St. John,https://www.flickr.com/photos/47445767@N05,47445767@N05,flickr:47445767@N05,2c5f2f440e40e41c94a975a7b752bf6efc3451fb,1024,680,natural gas meter
images/gas_meter/openverse_70d9d2d3983e4104b133aaf883ac319a.jpg,gas_meter,,,unlabeled,0,openverse,70d9d2d3-983e-4104-b133-aaf883ac319a,"Chinese Spring (late morning, 1 June 2013) 02",https://www.flickr.com/photos/47445767@N05/13395492755,https://live.staticflickr.com/2859/13395492755_eb20d0e6fb_b.jpg,by,2.0,https://creativecommons.org/licenses/by/2.0/,James St. John,https://www.flickr.com/photos/47445767@N05,47445767@N05,flickr:47445767@N05,6f3287f7bfabf6c62857a0f266fca9b6d8c65a37,1024,680,natural gas meter
images/gas_meter/openverse_74cff4d03639458888e2f3729b63a7e5.jpg,gas_meter,,,unlabeled,0,openverse,74cff4d0-3639-4588-88e2-f3729b63a7e5,1860 work,https://www.flickr.com/photos/18378655@N00/292262593,https://live.staticflickr.com/109/292262593_81921c339c_b.jpg,by,2.0,https://creativecommons.org/licenses/by/2.0/,James Cridland,https://www.flickr.com/photos/18378655@N00,18378655@N00,flickr:18378655@N00,efc987244669a85e640c3f821a6b4dcc26833b1d,1024,803,natural gas meter
images/gas_meter/openverse_7523a8e54e7a4ae0ba7a448f982a90df.jpg,gas_meter,,train,labeled,6,openverse,7523a8e5-4e7a-4ae0-ba7a-448f982a90df,Gas meter,https://www.flickr.com/photos/57793655@N00/14123792433,https://live.staticflickr.com/2930/14123792433_2b0a1fac36_b.jpg,by,2.0,https://creativecommons.org/licenses/by/2.0/,mxmstryo,https://www.flickr.com/photos/57793655@N00,57793655@N00,flickr:57793655@N00,95f3e6479441ce0341487ae4667d680e22734fca,1024,678,gas meter
images/gas_meter/openverse_759e7062eb8d422fac19443d4ee206ec.jpg,gas_meter,,,unlabeled,0,openverse,759e7062-eb8d-422f-ac19-443d4ee206ec,"Lapis lazuli (lazuritic gneiss) (Sar-e-Sang Deposit, Sakhi Formation, Precambrian, 2.4-2.7 Ga (?); Sar-e-Sang Mining District, Hindu-Kush Mountains, Afghanistan) 2",https://www.flickr.com/photos/47445767@N05/47087519601,https://live.staticflickr.com/7829/47087519601_687871846b_b.jpg,by,2.0,https://creativecommons.org/licenses/by/2.0/,James St. John,https://www.flickr.com/photos/47445767@N05,47445767@N05,flickr:47445767@N05,bef06bdd02e24067ddf220dd798ec4244d876c8a,1024,771,natural gas meter
images/gas_meter/openverse_769f435aa4984552922d8e2fa6d8a195.jpg,gas_meter,,train,labeled,2,openverse,769f435a-a498-4552-922d-8e2fa6d8a195,Man reading Gas Meter (Creative commons by https://heatable.co.uk/),https://www.flickr.com/photos/194279519@N04/51634036282,https://live.staticflickr.com/65535/51634036282_2260f3d14b_b.jpg,by,2.0,https://creativecommons.org/licenses/by/2.0/,Heatable,https://www.flickr.com/photos/194279519@N04,194279519@N04,flickr:194279519@N04,c535673855116df6c3581cafdc22bd62bfab1350,1024,683,gas meter
images/gas_meter/openverse_76ad6fc5394f4be9b010fb866c8a21b8.jpg,gas_meter,,,unlabeled,0,openverse,76ad6fc5-394f-4be9-b010-fb866c8a21b8,"Lapis lazuli (lazuritic metamorphite) (Sar-e-Sang Deposit, Sakhi Formation, Precambrian, 2.4-2.7 Ga (?); Sar-e-Sang Mining District, Hindu-Kush Mountains, Afghanistan) 7",https://www.flickr.com/photos/47445767@N05/40672924053,https://live.staticflickr.com/65535/40672924053_5c15a46f08_b.jpg,by,2.0,https://creativecommons.org/licenses/by/2.0/,James St. John,https://www.flickr.com/photos/47445767@N05,47445767@N05,flickr:47445767@N05,4d0706b93424000623f01ad130555161ecb7d586,1024,882,natural gas meter
images/gas_meter/openverse_77600c5f1f8d40bfb3570e401958be67.jpg,gas_meter,,train,labeled,2,openverse,77600c5f-1f8d-40bf-b357-0e401958be67,Gas Meter,https://www.flickr.com/photos/10688882@N00/41494230985,https://live.staticflickr.com/1730/41494230985_6af34484b6_b.jpg,by,2.0,https://creativecommons.org/licenses/by/2.0/,byzantiumbooks,https://www.flickr.com/photos/10688882@N00,10688882@N00,flickr:10688882@N00,09c9cd2779b6b77faa27d08e6556866d7c5aa4ea,597,1024,gas meter
images/gas_meter/openverse_7ac709f3adf84e9c8f5dde6b8910cab2.jpg,gas_meter,,train,labeled,1,openverse,7ac709f3-adf8-4e9c-8f5d-de6b8910cab2,It's Complicated,https://www.flickr.com/photos/10688882@N00/15016545159,https://live.staticflickr.com/5574/15016545159_3bd53cf985_b.jpg,by,2.0,https://creativecommons.org/licenses/by/2.0/,byzantiumbooks,https://www.flickr.com/photos/10688882@N00,10688882@N00,flickr:10688882@N00,7e0a2b96f77fa657c2ec6d2ff1932b1e281870c3,1024,681,natural gas meter
images/gas_meter/openverse_7acef0fef6114d10b9d61101500a9253.jpg,gas_meter,,train,labeled,3,openverse,7acef0fe-f611-4d10-b9d6-1101500a9253,Natural gas meters,https://www.flickr.com/photos/10104443@N05/53970484052,https://live.staticflickr.com/65535/53970484052_068bdc1d4f_b.jpg,by,2.0,https://creativecommons.org/licenses/by/2.0/,bcpaulos,https://www.flickr.com/photos/10104443@N05,10104443@N05,flickr:10104443@N05,b91f21ed3bc921045318641b2b55ec69b3189b62,768,1024,natural gas meter
images/gas_meter/openverse_7c6ecfdf10404aff987705b6dcb989cb.jpg,gas_meter,,train,labeled,1,openverse,7c6ecfdf-1040-4aff-9877-05b6dcb989cb,gas meter,https://www.flickr.com/photos/72396314@N00/3430735267,https://live.staticflickr.com/3412/3430735267_9f1e912331_b.jpg,by,2.0,https://creativecommons.org/licenses/by/2.0/,OiMax,https://www.flickr.com/photos/72396314@N00,72396314@N00,flickr:72396314@N00,717fa591413925db3ace3d6356f3d57225911d09,1024,683,gas meter
images/gas_meter/openverse_7d2c5f5c4563451b9817a013373e68b8.jpg,gas_meter,,,unlabeled,0,openverse,7d2c5f5c-4563-451b-9817-a013373e68b8,Storing CO2 In Norway,https://www.flickr.com/photos/29218789@N08/4821002501,https://live.staticflickr.com/4100/4821002501_e263dbff15_b.jpg,by,2.0,https://creativecommons.org/licenses/by/2.0/,americaspower,https://www.flickr.com/photos/29218789@N08,29218789@N08,flickr:29218789@N08,0d58876bd33921b43275635df18dd21e8af08278,1024,768,natural gas meter
images/gas_meter/openverse_7e6c269cca0a4c5d8d23e65ebff4cc89.jpg,gas_meter,,,unlabeled,0,openverse,7e6c269c-ca0a-4c5d-8d23-e65ebff4cc89,Mud Volcano (10 August 2011) 15,https://www.flickr.com/photos/47445767@N05/14329632228,https://live.staticflickr.com/2936/14329632228_f8830ca072_b.jpg,by,2.0,https://creativecommons.org/licenses/by/2.0/,James St. John,https://www.flickr.com/photos/47445767@N05,47445767@N05,flickr:47445767@N05,e945deb93d2b411df7765f38ecacd044686f015e,1024,681,natural gas meter
images/gas_meter/openverse_8588c637ebdd464f96d5277f883c5261.jpg,gas_meter,,,unlabeled,0,openverse,8588c637-ebdd-464f-96d5-277f883c5261,Gas Meter 11,https://www.flickr.com/photos/37215459@N00/163333878,https://live.staticflickr.com/46/163333878_acc28cdde1_b.jpg,by,2.0,https://creativecommons.org/licenses/by/2.0/,picasso1387,https://www.flickr.com/photos/37215459@N00,37215459@N00,flickr:37215459@N00,839ad76a7429d30203a83c88ab197620d4ff770c,1024,768,gas meter
images/gas_meter/openverse_8706aa2c5f154575b3d8326884fae48e.jpg,gas_meter,,train,labeled,3,openverse,8706aa2c-5f15-4575-b3d8-326884fae48e,Gas Meter,https://www.flickr.com/photos/57793655@N00/3947855526,https://live.staticflickr.com/2532/3947855526_980899daca_b.jpg,by,2.0,https://creativecommons.org/licenses/by/2.0/,mxmstryo,https://www.flickr.com/photos/57793655@N00,57793655@N00,flickr:57793655@N00,d625f1d14532ef63f56a53f8d23f52717439816f,767,1024,gas meter
images/gas_meter/openverse_876188443ef547e1bbcd6f8b17aa596d.jpg,gas_meter,,,unlabeled,0,openverse,87618844-3ef5-47e1-bbcd-6f8b17aa596d,"East Chinaman Spring (early afternoon, 1 June 2013) 2",https://www.flickr.com/photos/47445767@N05/13395719113,https://live.staticflickr.com/2882/13395719113_4f36e63caa_b.jpg,by,2.0,https://creativecommons.org/licenses/by/2.0/,James St. John,https://www.flickr.com/photos/47445767@N05,47445767@N05,flickr:47445767@N05,c4aea8ef24fd829e1fef606047525147218ea064,1024,680,natural gas meter
images/gas_meter/openverse_87abcdaefefd4f79aee92b7ccfc59414.jpg,gas_meter,,,unlabeled,0,openverse,87abcdae-fefd-4f79-aee9-2b7ccfc59414,Hibernia,https://www.flickr.com/photos/47445767@N05/21239025368,https://live.staticflickr.com/5715/21239025368_8d4031f0c0_b.jpg,by,2.0,https://creativecommons.org/licenses/by/2.0/,James St. John,https://www.flickr.com/photos/47445767@N05,47445767@N05,flickr:47445767@N05,78e25d994a0648a1db8af8c8efba5a1a1c0e0e0d,1024,768,natural gas meter
images/gas_meter/openverse_888da74b65f24101b25869ed17d75d81.jpg,gas_meter,,val,labeled,1,openverse,888da74b-65f2-4101-b258-69ed17d75d81,Gas Meter,https://www.flickr.com/photos/53332339@N00/401531957,https://live.staticflickr.com/135/401531957_5d97ff698c_b.jpg,by,2.0,https://creativecommons.org/licenses/by/2.0/,Beige Alert,https://www.flickr.com/photos/53332339@N00,53332339@N00,flickr:53332339@N00,4d50df586522d15ca2291bc9bf22297993ea5ec6,1024,765,gas meter
images/gas_meter/openverse_89715a500f4b41bc896f5c106d06397a.jpg,gas_meter,,train,labeled,24,openverse,89715a50-0f4b-41bc-896f-5c106d06397a,Gas Meters -- Historic District Savannah (GA) 2012,https://www.flickr.com/photos/22711505@N05/7720572130,https://live.staticflickr.com/8430/7720572130_366a1f7e60_b.jpg,by,2.0,https://creativecommons.org/licenses/by/2.0/,Ron Cogswell,https://www.flickr.com/photos/22711505@N05,22711505@N05,flickr:22711505@N05,565774292e10c44e27d38c9343cef8da24214293,1024,554,gas meter
images/gas_meter/openverse_8cc3a513be7e4fa8beac219be38db70c.jpg,gas_meter,,,unlabeled,0,openverse,8cc3a513-be7e-4fa8-beac-219be38db70c,Gas Meter 1,https://www.flickr.com/photos/37215459@N00/163328094,https://live.staticflickr.com/71/163328094_12e2c60970_b.jpg,by,2.0,https://creativecommons.org/licenses/by/2.0/,picasso1387,https://www.flickr.com/photos/37215459@N00,37215459@N00,flickr:37215459@N00,9062085110380f09bcc6282c682b795e314b7ac1,1024,768,gas meter
images/gas_meter/openverse_969d643104894b098b909a45c4034db3.jpg,gas_meter,,,unlabeled,0,openverse,969d6431-0489-4b09-8b90-9a45c4034db3,Gas Meter,https://www.flickr.com/photos/48011145@N00/121135170,https://live.staticflickr.com/37/121135170_2a7a0ad50c_b.jpg,by-sa,2.0,https://creativecommons.org/licenses/by-sa/2.0/,Thristian,https://www.flickr.com/photos/48011145@N00,48011145@N00,flickr:48011145@N00,3d5653727d63d346cdf97d2fcab2f670300090f5,1024,768,gas meter
images/gas_meter/openverse_97749984db1443329a23887f6ab9b44b.jpg,gas_meter,,train,labeled,1,openverse,97749984-db14-4332-9a23-887f6ab9b44b,Gas meter,https://www.flickr.com/photos/14529688@N08/6164686010,https://live.staticflickr.com/6168/6164686010_020f46e6cd_b.jpg,by,2.0,https://creativecommons.org/licenses/by/2.0/,Ken_Mayer,https://www.flickr.com/photos/14529688@N08,14529688@N08,flickr:14529688@N08,58bfa06f0aa520a978d5d5afda77ffa4f47afac6,768,1024,gas meter
images/gas_meter/openverse_97ec747332294459b86574d3e8ba0471.jpg,gas_meter,,,unlabeled,0,openverse,97ec7473-3229-4459-b865-74d3e8ba0471,"Lapis lazuli (lazuritic metamorphite) (Sar-e-Sang Deposit, Sakhi Formation, Precambrian, 2.4-2.7 Ga (?); Sar-e-Sang Mining District, Hindu-Kush Mountains, Afghanistan) 10",https://www.flickr.com/photos/47445767@N05/49167089247,https://live.staticflickr.com/65535/49167089247_357ee73333_b.jpg,by,2.0,https://creativecommons.org/licenses/by/2.0/,James St. John,https://www.flickr.com/photos/47445767@N05,47445767@N05,flickr:47445767@N05,48dc11eeed12ccd33a874d1952dad4800cfcfed3,906,1024,natural gas meter
images/gas_meter/openverse_984d5ec2110f432cb6de9d2a3c920dab.jpg,gas_meter,,train,labeled,1,openverse,984d5ec2-110f-432c-b6de-9d2a3c920dab,gas meter take 1,https://www.flickr.com/photos/41894198135@N01/345064015,https://live.staticflickr.com/125/345064015_a30285b722_b.jpg,by,2.0,https://creativecommons.org/licenses/by/2.0/,williac,https://www.flickr.com/photos/41894198135@N01,41894198135@N01,flickr:41894198135@N01,d5299e93b1c651ed4fd382c88520ca5e9af8075e,863,1024,gas meter
images/gas_meter/openverse_9b4b84ca6204443eb93067282c2739f9.jpg,gas_meter,,,unlabeled,0,openverse,9b4b84ca-6204-443e-b930-67282c2739f9,"Lapis lazuli (lazuritic metamorphite) (Sar-e-Sang Deposit, Sakhi Formation, Precambrian, 2.4-2.7 Ga (?); Sar-e-Sang Mining District, Hindu-Kush Mountains, Afghanistan) 5",https://www.flickr.com/photos/47445767@N05/32696807747,https://live.staticflickr.com/65535/32696807747_6c090e01fe_b.jpg,by,2.0,https://creativecommons.org/licenses/by/2.0/,James St. John,https://www.flickr.com/photos/47445767@N05,47445767@N05,flickr:47445767@N05,c244daea6863c62446cca8f0015f98731337f13b,1024,807,natural gas meter
images/gas_meter/openverse_9c8b2e41abcd4efb9808050708c43681.jpg,gas_meter,,train,labeled,1,openverse,9c8b2e41-abcd-4efb-9808-050708c43681,gas meter,https://www.flickr.com/photos/31474531@N00/150779997,https://live.staticflickr.com/44/150779997_6c9f04df82_b.jpg,by-sa,2.0,https://creativecommons.org/licenses/by-sa/2.0/,plasticrevolver,https://www.flickr.com/photos/31474531@N00,31474531@N00,flickr:31474531@N00,3e63220f4419a2847d7b8e3c97f05222bdab9e35,1024,682,gas meter
images/gas_meter/openverse_9d2a2316c875479a878472d1a8b3e707.jpg,gas_meter,,train,labeled,2,openverse,9d2a2316-c875-479a-8784-72d1a8b3e707,Gas Meter,https://www.flickr.com/photos/57793655@N00/4033323800,https://live.staticflickr.com/2549/4033323800_30609d7dda_b.jpg,by,2.0,https://creativecommons.org/licenses/by/2.0/,mxmstryo,https://www.flickr.com/photos/57793655@N00,57793655@N00,flickr:57793655@N00,d49d30350a71568bdf5c22867f3deace7ef3f6c9,767,1024,gas meter
images/gas_meter/openverse_9e3504f0142443f6a6db19df078d022c.jpg,gas_meter,,train,labeled,12,openverse,9e3504f0-1424-43f6-a6db-19df078d022c,Natural gas meters,https://www.flickr.com/photos/10104443@N05/53971698374,https://live.staticflickr.com/65535/53971698374_fd98638eff_b.jpg,by,2.0,https://creativecommons.org/licenses/by/2.0/,bcpaulos,https://www.flickr.com/photos/10104443@N05,10104443@N05,flickr:10104443@N05,f4e55fcef66e6d9b86a13836737789f47a21b6d1,1024,768,natural gas meter
images/gas_meter/openverse_9ef807be29394e9dbded6a24573b1e51.jpg,gas_meter,,train,labeled,1,openverse,9ef807be-2939-4e9d-bded-6a24573b1e51,Gas meter,https://www.flickr.com/photos/61322584@N07/7174642172,https://live.staticflickr.com/7091/7174642172_2f3e25a72f_b.jpg,by,2.0,https://creativecommons.org/licenses/by/2.0/,allenran 917,https://www.flickr.com/photos/61322584@N07,61322584@N07,flickr:61322584@N07,dd4d015a6e70f50f6987f481136ad623da85f6a7,1024,683,gas meter
images/gas_meter/openverse_9f99aa72f0c44c5b9681aebdc5c946ba.jpg,gas_meter,,,unlabeled,0,openverse,9f99aa72-f0c4-4c5b-9681-aebdc5c946ba,Shrunken Styrofoam Cups,https://www.flickr.com/photos/40322276@N04/5081373126,https://live.staticflickr.com/4046/5081373126_2ee2154656_b.jpg,by,2.0,https://creativecommons.org/licenses/by/2.0/,NOAA's National Ocean Service,https://www.flickr.com/photos/40322276@N04,40322276@N04,flickr:40322276@N04,733bd3756941f4b7de0b8d5b7a11a7ee2d7a6a86,1024,681,natural gas meter
images/gas_meter/openverse_a174840e7f554aa39781d4b84e196371.jpg,gas_meter,,train,labeled,2,openverse,a174840e-7f55-4aa3-9781-d4b84e196371,Outdoor Gas Installation,https://www.flickr.com/photos/30928442@N08/3771689308,https://live.staticflickr.com/2593/3771689308_b6c44f21a3_b.jpg,by-sa,2.0,https://creativecommons.org/licenses/by-sa/2.0/,christian.senger,https://www.flickr.com/photos/30928442@N08,30928442@N08,flickr:30928442@N08,52948b2b65452baff8219ff9b0b7feb875ea0a74,1024,1024,natural gas meter
images/gas_meter/openverse_a721dec2bfcf41c0a5daf6b547206e9f.jpg,gas_meter,,train,labeled,1,openverse,a721dec2-bfcf-41c0-a5da-f6b547206e9f,Lake Jackson District inspector checks meters at land gas facility,https://www.flickr.com/photos/123443813@N05/16034682841,https://live.staticflickr.com/7573/16034682841_2cd8b94487_b.jpg,pdm,1.0,https://creativecommons.org/publicdomain/mark/1.0/,bseegov,https://www.flickr.com/photos/123443813@N05,123443813@N05,flickr:123443813@N05,e7ed9fa5b34285833246103b5be51dce3fffb79b,1024,683,gas regulator meter
images/gas_meter/openverse_a89c14e4f6f44ae8b87d4c407829b594.jpg,gas_meter,,train,labeled,3,openverse,a89c14e4-f6f4-4ae8-b87d-4c407829b594,"Odometer-Style Gas & Joule Meters In Front Of The Yellow Window & Purple Wall On Georgia Avenue, NW (Washington, DC)",https://www.flickr.com/photos/38782010@N00/445512557,https://live.staticflickr.com/217/445512557_e9d40bb8f1_b.jpg,by,2.0,https://creativecommons.org/licenses/by/2.0/,takomabibelot,https://www.flickr.com/photos/38782010@N00,38782010@N00,flickr:38782010@N00,27b95b0548094da2f463f878593202e36d1e72ed,1024,768,natural gas meter
images/gas_meter/openverse_a9341ed2272e4d599b82bfbba13a1096.jpg,gas_meter,,,unlabeled,0,openverse,a9341ed2-272e-4d59-9b82-bfbba13a1096,Gas Meter 6,https://www.flickr.com/photos/37215459@N00/163328104,https://live.staticflickr.com/62/163328104_bf7ff92fbd_b.jpg,by,2.0,https://creativecommons.org/licenses/by/2.0/,picasso1387,https://www.flickr.com/photos/37215459@N00,37215459@N00,flickr:37215459@N00,fc68918951d3db50dba69ee8a1d409c831b5748e,1024,768,gas meter
images/gas_meter/openverse_ad3a1a258dbc486494531606431acece.jpg,gas_meter,,train,labeled,1,openverse,ad3a1a25-8dbc-4864-9453-1606431acece,Gas Meter,https://www.flickr.com/photos/44124372247@N01/12827578,https://live.staticflickr.com/10/12827578_d94fd6670a_b.jpg,by,2.0,https://creativecommons.org/licenses/by/2.0/,jeffk,https://www.flickr.com/photos/44124372247@N01,44124372247@N01,flickr:44124372247@N01,101d39a5367f67c731d4aedc2daafa33a7e9a4dc,1024,683,gas meter
images/gas_meter/openverse_b5bfb51749c445ba8d9d321de3a76416.jpg,gas_meter,,,unlabeled,0,openverse,b5bfb517-49c4-45ba-8d9d-321de3a76416,AcuraPic 005,https://www.flickr.com/photos/49998984@N00/62872815,https://live.staticflickr.com/30/62872815_56305d5b19_b.jpg,by,2.0,https://creativecommons.org/licenses/by/2.0/,nateOne,https://www.flickr.com/photos/49998984@N00,49998984@N00,flickr:49998984@N00,51d307c8969afb73a8aa6030610e20e40ea2d4aa,1024,768,natural gas meter
images/gas_meter/openverse_b752f62a169a45a38471bfedf2bc686e.jpg,gas_meter,,train,labeled,2,openverse,b752f62a-169a-45a3-8471-bfedf2bc686e,ガスメーター gas meter,https://www.flickr.com/photos/29989965@N00/14628916680,https://live.staticflickr.com/5584/14628916680_177c51770d_b.jpg,by,2.0,https://creativecommons.org/licenses/by/2.0/,ume-y,https://www.flickr.com/photos/29989965@N00,29989965@N00,flickr:29989965@N00,f2b3ba504a92717e5ba85c4de8cc9cdec6941d5a,1024,683,gas meter
images/gas_meter/openverse_b9dcf4687e8246aaa12b1f0983ab16ff.jpg,gas_meter,,,unlabeled,0,openverse,b9dcf468-7e82-46aa-a12b-1f0983ab16ff,Natural gas metering system,https://www.flickr.com/photos/47445767@N05/50110569826,https://live.staticflickr.com/65535/50110569826_e56770395b_b.jpg,by,2.0,https://creativecommons.org/licenses/by/2.0/,James St. John,https://www.flickr.com/photos/47445767@N05,47445767@N05,flickr:47445767@N05,2b481ba4b8eb88824172b7bda2c48fa2b36cef7c,1023,691,natural gas meter
images/gas_meter/openverse_ba912e543a74491a932942810d7d163f.jpg,gas_meter,,,unlabeled,0,openverse,ba912e54-3a74-491a-9329-42810d7d163f,"Oil Slick Pool (WTLGNN075) (morning, 6 June 2013) 6",https://www.flickr.com/photos/47445767@N05/13317264994,https://live.staticflickr.com/2845/13317264994_ee59e18a01_b.jpg,by,2.0,https://creativecommons.org/licenses/by/2.0/,James St. John,https://www.flickr.com/photos/47445767@N05,47445767@N05,flickr:47445767@N05,c5f42860a307b478f988a4a10186b5cc06c8a92b,1024,680,natural gas meter
images/gas_meter/openverse_bc842ddb783949e6b693d68deb2c84f2.jpg,gas_meter,,train,labeled,1,openverse,bc842ddb-7839-49e6-b693-d68deb2c84f2,,https://www.flickr.com/photos/82071369@N00/458073500,https://live.staticflickr.com/217/458073500_be80c23b5c_b.jpg,by,2.0,https://creativecommons.org/licenses/by/2.0/,jim orsini,https://www.flickr.com/photos/82071369@N00,82071369@N00,flickr:82071369@N00,a1c97a7b2dbd81d995cc0d0725fa17a2d8d1caa2,989,1024,natural gas meter
images/gas_meter/openverse_bd5478c7582d4d8090af04d1907fa992.jpg,gas_meter,,train,labeled,3,openverse,bd5478c7-582d-4d80-90af-04d1907fa992,Natural gas meters,https://www.flickr.com/photos/10104443@N05/53971369116,https://live.staticflickr.com/65535/53971369116_fb47340c1f_b.jpg,by,2.0,https://creativecommons.org/licenses/by/2.0/,bcpaulos,https://www.flickr.com/photos/10104443@N05,10104443@N05,flickr:10104443@N05,fe3249b6e6f69564281c2d082658b40e4d0b8775,1024,768,natural gas meter
images/gas_meter/openverse_bd6a89b51cef442ab0ffac8297fa3832.jpg,gas_meter,,train,labeled,2,openverse,bd6a89b5-1cef-442a-b0ff-ac8297fa3832,gas meter face,https://www.flickr.com/photos/78153302@N00/206600475,https://live.staticflickr.com/57/206600475_8be9dd673a_b.jpg,by-sa,2.0,https://creativecommons.org/licenses/by-sa/2.0/,brx0,https://www.flickr.com/photos/78153302@N00,78153302@N00,flickr:78153302@N00,57d59bd79b46966ee76b1b5e1f9524d55703510d,1024,768,gas meter
images/gas_meter/openverse_bd7d3dcec58b43eabeae08017dd7ed4d.jpg,gas_meter,,,unlabeled,0,openverse,bd7d3dce-c58b-43ea-beae-08017dd7ed4d,An old gas meter house - Kendal,https://www.flickr.com/photos/54549113@N00/4920864496,https://live.staticflickr.com/4122/4920864496_226aa148df_b.jpg,by-sa,2.0,https://creativecommons.org/licenses/by-sa/2.0/,Haydn Blackey,https://www.flickr.com/photos/54549113@N00,54549113@N00,flickr:54549113@N00,a2595f7e251a14750df58bd29c396e2276ec8f57,768,1024,gas meter
images/gas_meter/openverse_bfcb542118dd413688a061c5d73dd8ab.jpg,gas_meter,,train,labeled,1,openverse,bfcb5421-18dd-4136-88a0-61c5d73dd8ab,Natural gas meters,https://www.flickr.com/photos/10104443@N05/53971606458,https://live.staticflickr.com/65535/53971606458_79a6fff0ae_b.jpg,by,2.0,https://creativecommons.org/licenses/by/2.0/,bcpaulos,https://www.flickr.com/photos/10104443@N05,10104443@N05,flickr:10104443@N05,1c824c88543d43b9f8bddb21c58de7a9fa844a52,1024,768,natural gas meter
images/gas_meter/openverse_bfdd641766b740e8bff253a9d7a9134d.jpg,gas_meter,,train,labeled,1,openverse,bfdd6417-66b7-40e8-bff2-53a9d7a9134d,gas meter from house with hold in it,https://www.flickr.com/photos/25068151@N02/48962682147,https://live.staticflickr.com/65535/48962682147_e146362474_b.jpg,by,2.0,https://creativecommons.org/licenses/by/2.0/,Michael Neubert,https://www.flickr.com/photos/25068151@N02,25068151@N02,flickr:25068151@N02,ac977bd4522beb2569456f283fd3aebabe8f775e,768,1024,gas meter
images/gas_meter/openverse_c31573e0df024cf1869aca7c53e40570.jpg,gas_meter,,train,labeled,9,openverse,c31573e0-df02-4cf1-869a-ca7c53e40570,Gas Meters,https://www.flickr.com/photos/57793655@N00/4033816209,https://live.staticflickr.com/2471/4033816209_10c511976c_b.jpg,by,2.0,https://creativecommons.org/licenses/by/2.0/,mxmstryo,https://www.flickr.com/photos/57793655@N00,57793655@N00,flickr:57793655@N00,a287e338289c4ed49f1e4e84fb261f4683d9f0ad,767,1024,gas meter
images/gas_meter/openverse_c318bba30e9d4c019c38b45d8d6a10a5.jpg,gas_meter,,,unlabeled,0,openverse,c318bba3-0e9d-4c01-9c38-b45d8d6a10a5,Chinese Spring (8 July 2014),https://www.flickr.com/photos/47445767@N05/15053372537,https://live.staticflickr.com/3835/15053372537_e79942b37a_b.jpg,by,2.0,https://creativecommons.org/licenses/by/2.0/,James St. John,https://www.flickr.com/photos/47445767@N05,47445767@N05,flickr:47445767@N05,18a228359a777aeffcaacdf1e2bab6b787954474,1024,768,natural gas meter
images/gas_meter/openverse_c43a3ebb28c34e3b9b58d3767dde9543.jpg,gas_meter,,,unlabeled,0,openverse,c43a3ebb-28c3-4e3b-9b58-d3767dde9543,Gas Meter 5,https://www.flickr.com/photos/37215459@N00/163328102,https://live.staticflickr.com/50/163328102_837c00423b_b.jpg,by,2.0,https://creativecommons.org/licenses/by/2.0/,picasso1387,https://www.flickr.com/photos/37215459@N00,37215459@N00,flickr:37215459@N00,da8f297ac9b3595a3e2d3df3eb1d4265c04b611d,1024,768,gas meter
images/gas_meter/openverse_c46336fb6c9d4eb88c89516b1af68827.jpg,gas_meter,,train,labeled,6,openverse,c46336fb-6c9d-4eb8-8c89-516b1af68827,Gas Meters,https://www.flickr.com/photos/60232967@N00/443219211,https://live.staticflickr.com/191/443219211_e8b945f7d2_b.jpg,by-sa,2.0,https://creativecommons.org/licenses/by-sa/2.0/,nekonoir,https://www.flickr.com/photos/60232967@N00,60232967@N00,flickr:60232967@N00,f4341fb52b1f5a0374664e05f3783f2f5d588be8,1024,768,gas meter
images/gas_meter/openverse_c5bbdecf17404dd193c54c87b32c7b0a.jpg,gas_meter,,train,labeled,18,openverse,c5bbdecf-1740-4dd1-93c5-4c87b32c7b0a,Natural gas meters,https://www.flickr.com/photos/10104443@N05/53971606488,https://live.staticflickr.com/65535/53971606488_b319ed1a7d_b.jpg,by,2.0,https://creativecommons.org/licenses/by/2.0/,bcpaulos,https://www.flickr.com/photos/10104443@N05,10104443@N05,flickr:10104443@N05,47288d2f8552e79313ad06b34b8d4631c578d631,768,1024,natural gas meter
images/gas_meter/openverse_c751bdd2628d46708d0b13f89c014ba4.jpg,gas_meter,,train,labeled,4,openverse,c751bdd2-628d-4670-8d0b-13f89c014ba4,meters-gas-energy-consumption.jpg,https://www.flickr.com/photos/33227787@N05/15415091186,https://live.staticflickr.com/2947/15415091186_555ff0f868_b.jpg,by,2.0,https://creativecommons.org/licenses/by/2.0/,r.nial.bradshaw,https://www.flickr.com/photos/33227787@N05,33227787@N05,flickr:33227787@N05,51eeff5cd4d3d187ecadc010b7a05b9c831874fe,1023,681,natural gas meter
images/gas_meter/openverse_c94d7c661ace4a3f907ecf8a6110a569.jpg,gas_meter,,,unlabeled,0,openverse,c94d7c66-1ace-4a3f-907e-cf8a6110a569,Mud Volcano (10 August 2011) 10,https://www.flickr.com/photos/47445767@N05/14516215035,https://live.staticflickr.com/5546/14516215035_15a8d82624_b.jpg,by,2.0,https://creativecommons.org/licenses/by/2.0/,James St. John,https://www.flickr.com/photos/47445767@N05,47445767@N05,flickr:47445767@N05,20282ce0dea32635feb8a3e70076ae4134dbfa65,1024,681,natural gas meter
images/gas_meter/openverse_ca4287f2a25b4901b957d805009d0c19.jpg,gas_meter,,,unlabeled,0,openverse,ca4287f2-a25b-4901-b957-d805009d0c19,Gas Meters,https://www.flickr.com/photos/57793655@N00/4177826349,https://live.staticflickr.com/2519/4177826349_443326fc25_b.jpg,by,2.0,https://creativecommons.org/licenses/by/2.0/,mxmstryo,https://www.flickr.com/photos/57793655@N00,57793655@N00,flickr:57793655@N00,924b1e246974db77028cec56f74ad1da64c501f8,683,1024,gas meter
images/gas_meter/openverse_cbe563951cdb478497c57b8026b5dc05.jpg,gas_meter,,train,labeled,3,openverse,cbe56395-1cdb-4784-97c5-7b8026b5dc05,Gas Meter,https://www.flickr.com/photos/57793655@N00/4474669419,https://live.staticflickr.com/4017/4474669419_58483cc4d5_b.jpg,by,2.0,https://creativecommons.org/licenses/by/2.0/,mxmstryo,https://www.flickr.com/photos/57793655@N00,57793655@N00,flickr:57793655@N00,e49fe33d62b44077ebe53249acaf6d9afddf20a4,1024,768,gas meter
images/gas_meter/openverse_cc734086e4cf40a4aed644bd5a6d223a.jpg,gas_meter,,train,labeled,1,openverse,cc734086-e4cf-40a4-aed6-44bd5a6d223a,Gas Meter,https://www.flickr.com/photos/57793655@N00/4029233926,https://live.staticflickr.com/2718/4029233926_a8241157ce_b.jpg,by,2.0,https://creativecommons.org/licenses/by/2.0/,mxmstryo,https://www.flickr.com/photos/57793655@N00,57793655@N00,flickr:57793655@N00,9e11d42b2ad7562a70fdbab60b0855f8f2ba2865,1024,767,gas meter
images/gas_meter/openverse_ceba91c319c947ecb8ae85bc9d3dc558.jpg,gas_meter,,train,labeled,6,openverse,ceba91c3-19c9-47ec-b8ae-85bc9d3dc558,Gas meters,https://www.flickr.com/photos/40563297@N02/5664329873,https://live.staticflickr.com/5030/5664329873_991d125225_b.jpg,by,2.0,https://creativecommons.org/licenses/by/2.0/,DeptfordJon,https://www.flickr.com/photos/40563297@N02,40563297@N02,flickr:40563297@N02,a953c35f34b51d444cebe6a47c7ad6db14fd677c,1024,683,gas meter
images/gas_meter/openverse_cff4b039f87b4d7f8c90a934a6f70a5d.jpg,gas_meter,,,unlabeled,0,openverse,cff4b039-f87b-4d7f-8c90-a934a6f70a5d,"Chinese Spring (late morning, 1 June 2013) 20",https://www.flickr.com/photos/47445767@N05/13395582753,https://live.staticflickr.com/2815/13395582753_bf88ac19b5_b.jpg,by,2.0,https://creativecommons.org/licenses/by/2.0/,James St. John,https://www.flickr.com/photos/47445767@N05,47445767@N05,flickr:47445767@N05,4959f6cfb77b8ea03dd12b97ee9babdbdfa6b87a,1024,768,natural gas meter
images/gas_meter/openverse_d5d8fd3d743f46b38a2138d50377848a.jpg,gas_meter,,,unlabeled,0,openverse,d5d8fd3d-743f-46b3-8a21-38d50377848a,Gas Meter 2,https://www.flickr.com/photos/37215459@N00/163328097,https://live.staticflickr.com/60/163328097_294ad8be93_b.jpg,by,2.0,https://creativecommons.org/licenses/by/2.0/,picasso1387,https://www.flickr.com/photos/37215459@N00,37215459@N00,flickr:37215459@N00,636521e7b8cdbbee9b979f770ca4636776e0b3f6,1024,768,gas meter
images/gas_meter/openverse_d5e680ff736e435abc79852cb96645d9.jpg,gas_meter,,val,labeled,1,openverse,d5e680ff-736e-435a-bc79-852cb96645d9,Gas meter,https://www.flickr.com/photos/56087830@N00/2166589355,https://live.staticflickr.com/2284/2166589355_0ff82ccbb8_b.jpg,by,2.0,https://creativecommons.org/licenses/by/2.0/,markhillary,https://www.flickr.com/photos/56087830@N00,56087830@N00,flickr:56087830@N00,979dc27712095f25243d1df9440b4efc3618fb67,1024,768,gas meter
images/gas_meter/openverse_d8b7d71505ad4368ab28370402813440.jpg,gas_meter,,,unlabeled,0,openverse,d8b7d715-05ad-4368-ab28-370402813440,Gas Meters,https://www.flickr.com/photos/53301297@N00/43078637244,https://live.staticflickr.com/937/43078637244_897d5cff44_b.jpg,by,2.0,https://creativecommons.org/licenses/by/2.0/,pasa47,https://www.flickr.com/photos/53301297@N00,53301297@N00,flickr:53301297@N00,b8fb9d9b4508f2b566f8d1a620ad34a01f272bf2,1024,683,gas meter
images/gas_meter/openverse_d9ecf987b4814365ab2594c38b1f9985.jpg,gas_meter,,val,labeled,14,openverse,d9ecf987-b481-4365-ab25-94c38b1f9985,22 Gas Meters,https://www.flickr.com/photos/53332339@N00/8249667,https://live.staticflickr.com/8/8249667_dab63f132a_b.jpg,by-sa,2.0,https://creativecommons.org/licenses/by-sa/2.0/,Beige Alert,https://www.flickr.com/photos/53332339@N00,53332339@N00,flickr:53332339@N00,0c8310d8857df477e33d0c081bd6760e26b6870d,1024,596,gas meter
images/gas_meter/openverse_da5973d1da184d438ecae473fca4055c.jpg,gas_meter,,train,labeled,3,openverse,da5973d1-da18-4d43-8eca-e473fca4055c,Gas Meter,https://www.flickr.com/photos/57793655@N00/6375930225,https://live.staticflickr.com/6060/6375930225_040bb2ed48_b.jpg,by,2.0,https://creativecommons.org/licenses/by/2.0/,mxmstryo,https://www.flickr.com/photos/57793655@N00,57793655@N00,flickr:57793655@N00,19fef7e2d4bb0a958fadb0eb1e884c8259b379a1,768,1024,gas meter
images/gas_meter/openverse_db63d348b5b24163a6011f41d25ad541.jpg,gas_meter,,,unlabeled,0,openverse,db63d348-b5b2-4163-a601-1f41d25ad541,Mud Volcano (10 August 2011) 19,https://www.flickr.com/photos/47445767@N05/14493108026,https://live.staticflickr.com/3891/14493108026_4d9a70c369_b.jpg,by,2.0,https://creativecommons.org/licenses/by/2.0/,James St. John,https://www.flickr.com/photos/47445767@N05,47445767@N05,flickr:47445767@N05,c97828bab3c2b201e10d4147cafe4ba31e7ad292,681,1024,natural gas meter
images/gas_meter/openverse_dd76eb932026450882588ecc634f5fb0.jpg,gas_meter,,train,labeled,1,openverse,dd76eb93-2026-4508-8258-8ecc634f5fb0,Drippy Gas Meter,https://www.flickr.com/photos/44124372247@N01/360749008,https://live.staticflickr.com/154/360749008_757e4f21d3_b.jpg,by,2.0,https://creativecommons.org/licenses/by/2.0/,objectfox,https://www.flickr.com/photos/44124372247@N01,44124372247@N01,flickr:44124372247@N01,800a10d9c5613e6f5cfbafab14a963b3754ba48a,683,1024,gas meter
images/gas_meter/openverse_dea7c4b1479349d49b58e3c1ac0cd5c4.jpg,gas_meter,,,unlabeled,0,openverse,dea7c4b1-4793-49d4-9b58-e3c1ac0cd5c4,"Lapis lazuli (lazuritic metamorphite) (Sar-e-Sang Deposit, Sakhi Formation, Precambrian, 2.4-2.7 Ga (?); Sar-e-Sang Mining District, Hindu-Kush Mountains, Afghanistan) 2",https://www.flickr.com/photos/47445767@N05/14874095918,https://live.staticflickr.com/3849/14874095918_e999a9dc91_b.jpg,by,2.0,https://creativecommons.org/licenses/by/2.0/,James St. John,https://www.flickr.com/photos/47445767@N05,47445767@N05,flickr:47445767@N05,8eeb1c9c99643ed0c518f51929f3026179f904c3,559,1024,natural gas meter
images/gas_meter/openverse_deb8373c1ae04823aa584b0aa5f0e742.jpg,gas_meter,,train,labeled,1,openverse,deb8373c-1ae0-4823-aa58-4b0aa5f0e742,"Gas Meter, Bib Tap, Brick Wall, Dead Weed (Washington, DC)",https://www.flickr.com/photos/38782010@N00/780446275,https://live.staticflickr.com/1063/780446275_5e4da9c3c4_b.jpg,by,2.0,https://creativecommons.org/licenses/by/2.0/,takomabibelot,https://www.flickr.com/photos/38782010@N00,38782010@N00,flickr:38782010@N00,006c33255aba78dee93839f5c79e6bbca8757d24,614,1024,gas meter
images/gas_meter/openverse_e525402de0014f14b7b0b2056f71fbc7.jpg,gas_meter,,train,labeled,1,openverse,e525402d-e001-4f14-b7b0-b2056f71fbc7,IMG_8476,https://www.flickr.com/photos/30661871@N03/37128568502,https://live.staticflickr.com/4362/37128568502_a603ed3682_b.jpg,by-sa,2.0,https://creativecommons.org/licenses/by-sa/2.0/,RichardAsh1981,https://www.flickr.com/photos/30661871@N03,30661871@N03,flickr:30661871@N03,7d2189c6a7981e291719d9229fde771fde8908c9,683,1024,gas regulator meter
images/gas_meter/openverse_e63d3cbbc5ff437cb5b38eb3d2db653e.jpg,gas_meter,,train,labeled,1,openverse,e63d3cbb-c5ff-437c-b5b3-8eb3d2db653e,artsy gas meter,https://www.flickr.com/photos/84979541@N00/4673725518,https://live.staticflickr.com/4005/4673725518_ef35152f54_b.jpg,by-sa,2.0,https://creativecommons.org/licenses/by-sa/2.0/,leesean,https://www.flickr.com/photos/84979541@N00,84979541@N00,flickr:84979541@N00,a3bf49f19ae4f0986972b8dbf0846992ae06dc62,1024,768,gas meter
images/gas_meter/openverse_e7b67c5e92b44abda5d5928bb769679d.jpg,gas_meter,,,unlabeled,0,openverse,e7b67c5e-92b4-4abd-a5d5-928bb769679d,"Lapis lazuli (lazuritic metamorphite) (Sar-e-Sang Deposit, Sakhi Formation, Precambrian, 2.4-2.7 Ga (?); Sar-e-Sang Mining District, Hindu-Kush Mountains, Afghanistan) 9",https://www.flickr.com/photos/47445767@N05/49166803286,https://live.staticflickr.com/65535/49166803286_7f2f3a4296_b.jpg,by,2.0,https://creativecommons.org/licenses/by/2.0/,James St. John,https://www.flickr.com/photos/47445767@N05,47445767@N05,flickr:47445767@N05,0827658aff587d23c88f85a39a1be1540abdff4d,1024,760,natural gas meter
images/gas_meter/openverse_e7da7dcc69ef460ca38721567e247b84.jpg,gas_meter,,,unlabeled,0,openverse,e7da7dcc-69ef-460c-a387-21567e247b84,"Lapis lazuli (lazuritic gneiss) (Sar-e-Sang Deposit, Sakhi Formation, Precambrian, 2.4-2.7 Ga (?); Sar-e-Sang Mining District, Hindu-Kush Mountains, Afghanistan) 3",https://www.flickr.com/photos/47445767@N05/47595980361,https://live.staticflickr.com/7852/47595980361_47ac04c2c4_b.jpg,by,2.0,https://creativecommons.org/licenses/by/2.0/,James St. John,https://www.flickr.com/photos/47445767@N05,47445767@N05,flickr:47445767@N05,8b0d805fe26281e533cdc46754e8d59a0871fcb7,954,1024,natural gas meter
images/gas_meter/openverse_e943abb15b5e4e7aa55499681dd15218.jpg,gas_meter,,train,labeled,1,openverse,e943abb1-5b5e-4e7a-a554-99681dd15218,gas meter,https://www.flickr.com/photos/41894198135@N01/344985657,https://live.staticflickr.com/142/344985657_7819944283_b.jpg,by,2.0,https://creativecommons.org/licenses/by/2.0/,williac,https://www.flickr.com/photos/41894198135@N01,41894198135@N01,flickr:41894198135@N01,3bc56dc1809b03ee8d454863d24a035bf284ace8,854,1024,gas meter
images/gas_meter/openverse_eca31c01aefb4979b66b50bfafb3dcc7.jpg,gas_meter,,train,labeled,1,openverse,eca31c01-aefb-4979-b66b-50bfafb3dcc7,Gas Meter,https://www.flickr.com/photos/51035721459@N01/4840475040,https://live.staticflickr.com/4109/4840475040_af6fa4031b_b.jpg,by,2.0,https://creativecommons.org/licenses/by/2.0/,Binder Of Daemons,https://www.flickr.com/photos/51035721459@N01,51035721459@N01,flickr:51035721459@N01,d430ac533558b506baebf655f4509e753b7301fb,1024,768,gas meter
images/gas_meter/openverse_ece53dacc20743169981d4fae37bd2db.jpg,gas_meter,,,unlabeled,0,openverse,ece53dac-c207-4316-9981-d4fae37bd2db,Gas meter guard cat,https://www.flickr.com/photos/28713775@N02/5295872129,https://live.staticflickr.com/5130/5295872129_b22a10aa84_b.jpg,by,2.0,https://creativecommons.org/licenses/by/2.0/,Newtown grafitti,https://www.flickr.com/photos/28713775@N02,28713775@N02,flickr:28713775@N02,cbbba4636c7c27aec73d52ceafad928fb7197b18,796,1024,gas meter
images/gas_meter/openverse_f06b09819c604cf18b5d2a8300683d6f.jpg,gas_meter,,,unlabeled,0,openverse,f06b0981-9c60-4cf1-8b5d-2a8300683d6f,Gas meter exchange details.,https://www.flickr.com/photos/56579997@N00/5384433310,https://live.staticflickr.com/5220/5384433310_34b422217a_b.jpg,by,2.0,https://creativecommons.org/licenses/by/2.0/,burge5k,https://www.flickr.com/photos/56579997@N00,56579997@N00,flickr:56579997@N00,73c44ebb1b3ecc0053f627e30d4ea1c2cd2bba6b,1024,613,gas meter
images/gas_meter/openverse_f0f61ee9524f4fd7999a78ea53467035.jpg,gas_meter,,train,labeled,5,openverse,f0f61ee9-524f-4fd7-999a-78ea53467035,Gas Meters,https://www.flickr.com/photos/57793655@N00/3334180205,https://live.staticflickr.com/3193/3334180205_caeda70249_b.jpg,by,2.0,https://creativecommons.org/licenses/by/2.0/,mxmstryo,https://www.flickr.com/photos/57793655@N00,57793655@N00,flickr:57793655@N00,0d60c5139429746a5986ed656ef4025c6b94be68,1024,680,gas meter
images/gas_meter/openverse_f12260da17884735988c79adaddb9d69.jpg,gas_meter,,train,labeled,9,openverse,f12260da-1788-4735-988c-79adaddb9d69,Gas Meters,https://www.flickr.com/photos/89165847@N00/52310460807,https://live.staticflickr.com/65535/52310460807_e46a4fc56d_b.jpg,by-sa,2.0,https://creativecommons.org/licenses/by-sa/2.0/,mikecogh,https://www.flickr.com/photos/89165847@N00,89165847@N00,flickr:89165847@N00,44a7fa97cb8aa6f2b9112d38c21913f660f46a20,1023,622,gas meter
images/gas_meter/openverse_f148b70c7a744d68b1434eb18711eb0f.jpg,gas_meter,,,unlabeled,0,openverse,f148b70c-7a74-4d68-b143-4eb18711eb0f,"Lapis lazuli (lazuritic metamorphite) (Sar-e-Sang Deposit, Sakhi Formation, Precambrian, 2.4-2.7 Ga (?); Sar-e-Sang Mining District, Hindu-Kush Mountains, Afghanistan) 4",https://www.flickr.com/photos/47445767@N05/33761908008,https://live.staticflickr.com/65535/33761908008_f8ee49975e_b.jpg,by,2.0,https://creativecommons.org/licenses/by/2.0/,James St. John,https://www.flickr.com/photos/47445767@N05,47445767@N05,flickr:47445767@N05,39eacf23cf517bc8268527df4abf5fdd7ff58b8b,1024,713,natural gas meter
images/gas_meter/openverse_f152027b1c84449bb887a9698ad9f302.jpg,gas_meter,,,unlabeled,0,openverse,f152027b-1c84-449b-b887-a9698ad9f302,"Lapis lazuli (lazuritic metamorphite) (Sar-e-Sang Deposit, Sakhi Formation, Precambrian, 2.4-2.7 Ga (?); Sar-e-Sang Mining District, Hindu-Kush Mountains, Afghanistan) 8",https://www.flickr.com/photos/47445767@N05/49166327833,https://live.staticflickr.com/65535/49166327833_9e5a4de78d_b.jpg,by,2.0,https://creativecommons.org/licenses/by/2.0/,James St. John,https://www.flickr.com/photos/47445767@N05,47445767@N05,flickr:47445767@N05,18dbfeb391a2be322ce332360a604b54c3528ca5,1024,750,natural gas meter
images/gas_meter/openverse_f265342b884d4e07bde87525ae01608f.jpg,gas_meter,,train,labeled,1,openverse,f265342b-884d-4e07-bde8-7525ae01608f,The tree limb that fell on our house,https://www.flickr.com/photos/94482242@N00/6787447394,https://live.staticflickr.com/7185/6787447394_ff2af474b9_b.jpg,by,2.0,https://creativecommons.org/licenses/by/2.0/,Chris_Samuel,https://www.flickr.com/photos/94482242@N00,94482242@N00,flickr:94482242@N00,11bdb9f19447666249bc14c40c5381ea71d807c9,768,1024,natural gas meter
images/gas_meter/openverse_f33d0cb2a401493d84ca3eab0d5e6e98.jpg,gas_meter,,train,labeled,1,openverse,f33d0cb2-a401-493d-84ca-3eab0d5e6e98,Gas Meter,https://www.flickr.com/photos/99105016@N00/3381804820,https://live.staticflickr.com/3546/3381804820_71cbbb87c4_b.jpg,by-sa,2.0,https://creativecommons.org/licenses/by-sa/2.0/,Rich Anderson,https://www.flickr.com/photos/99105016@N00,99105016@N00,flickr:99105016@N00,97df1c719e20e0d5d83f3bc90facaafd707d0fa5,681,1024,gas meter
images/gas_meter/openverse_f445b750e8b64bffbd0032496d665ea7.jpg,gas_meter,,,unlabeled,0,openverse,f445b750-e8b6-4bff-bd00-32496d665ea7,East Chinaman Spring (17 May 2015),https://www.flickr.com/photos/47445767@N05/17481509963,https://live.staticflickr.com/8809/17481509963_10ae823c0b_b.jpg,by,2.0,https://creativecommons.org/licenses/by/2.0/,James St. John,https://www.flickr.com/photos/47445767@N05,47445767@N05,flickr:47445767@N05,4dbecd928861fda6330384711e1204ed876da29b,1024,768,natural gas meter
images/gas_meter/openverse_f92e5045fa9b42ad9d52aee038439be9.jpg,gas_meter,,train,labeled,1,openverse,f92e5045-fa9b-42ad-9d52-aee038439be9,Obscure corners of The Met... The gas meter!,https://www.flickr.com/photos/28328008@N04/25234782593,https://live.staticflickr.com/1563/25234782593_453f096c72_b.jpg,by,2.0,https://creativecommons.org/licenses/by/2.0/,Nicholas Smale,https://www.flickr.com/photos/28328008@N04,28328008@N04,flickr:28328008@N04,cf7f8439cedbbc05e52a08a34859e3bbe9592a97,1024,1024,gas meter
images/gas_meter/openverse_f949fbd4a4d74957a31a7ffe62510440.jpg,gas_meter,,,unlabeled,0,openverse,f949fbd4-a4d7-4957-a31a-7ffe62510440,Gas Meter 3,https://www.flickr.com/photos/37215459@N00/163328099,https://live.staticflickr.com/76/163328099_e2cb75905f_b.jpg,by,2.0,https://creativecommons.org/licenses/by/2.0/,picasso1387,https://www.flickr.com/photos/37215459@N00,37215459@N00,flickr:37215459@N00,f56275116f459d5e8920aad5d40a6c012c1c0978,1024,768,gas meter
images/gas_meter/openverse_fb7d50fa561f42d9bf366ea41609525c.jpg,gas_meter,,,unlabeled,0,openverse,fb7d50fa-561f-42d9-bf36-6ea41609525c,gas meter,https://www.flickr.com/photos/17033616@N08/2683312175,https://live.staticflickr.com/3201/2683312175_c7a96e42ee_b.jpg,by-sa,2.0,https://creativecommons.org/licenses/by-sa/2.0/,isaacbowen,https://www.flickr.com/photos/17033616@N08,17033616@N08,flickr:17033616@N08,df38e2dfe0e120a38d7b9720e27eaf52be6b6dbc,1024,689,gas meter
images/gas_meter/openverse_fbd0ffb1ff1d42948747ab84bd184508.jpg,gas_meter,,,unlabeled,0,openverse,fbd0ffb1-ff1d-4294-8747-ab84bd184508,"Oil Slick Pool (WTLGNN075) (morning, 6 June 2013) 2",https://www.flickr.com/photos/47445767@N05/13317275354,https://live.staticflickr.com/3788/13317275354_6479598e43_b.jpg,by,2.0,https://creativecommons.org/licenses/by/2.0/,James St. John,https://www.flickr.com/photos/47445767@N05,47445767@N05,flickr:47445767@N05,43d144f0215307f5a927daa9a119778fbea56b51,1024,680,natural gas meter
images/gas_meter/openverse_ff6d6b8f6d334fafb198e89875b33657.jpg,gas_meter,,,unlabeled,0,openverse,ff6d6b8f-6d33-4faf-b198-e89875b33657,Gas Meter House,https://www.flickr.com/photos/54549113@N00/4920865948,https://live.staticflickr.com/4139/4920865948_38c165f623_b.jpg,by-sa,2.0,https://creativecommons.org/licenses/by-sa/2.0/,Haydn Blackey,https://www.flickr.com/photos/54549113@N00,54549113@N00,flickr:54549113@N00,9e3d769a5a349badf24bdddeba3fe55fbfcecc25,768,1024,gas meter
images/negative/commons_10095735.jpg,negative,electrical_junction_box,val,negative_flagged,0,commons,10095735,File:Kitchen air extractor preparing junction box.JPG,https://commons.wikimedia.org/wiki/File:Kitchen_air_extractor_preparing_junction_box.JPG,https://upload.wikimedia.org/wikipedia/commons/0/0a/Kitchen_air_extractor_preparing_junction_box.JPG?utm_source=commons.wikimedia.org&utm_campaign=imageinfo&utm_content=original,Public domain,,,Dmitry G,,Dmitry G,commons:Dmitry G,57900d02f57e7fc20195223cbf3c12d280231a06,640,480,search:junction box electrical
images/negative/commons_101102246.jpg,negative,pool_equipment,train,negative,0,commons,101102246,"File:Royal Pump Rooms & Baths, Leamington Spa (6273230949).jpg","https://commons.wikimedia.org/wiki/File:Royal_Pump_Rooms_%26_Baths,_Leamington_Spa_(6273230949).jpg",https://upload.wikimedia.org/wikipedia/commons/d/d1/Royal_Pump_Rooms_%26_Baths%2C_Leamington_Spa_%286273230949%29.jpg?utm_source=commons.wikimedia.org&utm_campaign=imageinfo&utm_content=original,CC BY 2.0,,https://creativecommons.org/licenses/by/2.0,"Elliott Brown from Birmingham, United Kingdom",,Matlin,commons:Matlin,b5871cfb5e5939c52710648722df6ca80f62b233,1280,960,search:pool pump
images/negative/commons_10304458.jpg,negative,mailbox,train,negative_flagged,0,commons,10304458,"File:Schuyler, Nebraska post office interior boxes.JPG","https://commons.wikimedia.org/wiki/File:Schuyler,_Nebraska_post_office_interior_boxes.JPG",https://upload.wikimedia.org/wikipedia/commons/6/64/Schuyler%2C_Nebraska_post_office_interior_boxes.JPG?utm_source=commons.wikimedia.org&utm_campaign=imageinfo&utm_content=original,Public domain,,,Ammodramus,,Ammodramus,commons:Ammodramus,8968a286651142f2e7929da417e1aba561db8add,1280,960,Category:Letter boxes in the United States
images/negative/commons_105461847.jpg,negative,pool_equipment,train,negative,0,commons,105461847,"File:Royal Pump Rooms & Baths, Leamington Spa (6273249787).jpg","https://commons.wikimedia.org/wiki/File:Royal_Pump_Rooms_%26_Baths,_Leamington_Spa_(6273249787).jpg",https://upload.wikimedia.org/wikipedia/commons/f/f7/Royal_Pump_Rooms_%26_Baths%2C_Leamington_Spa_%286273249787%29.jpg?utm_source=commons.wikimedia.org&utm_campaign=imageinfo&utm_content=original,CC BY 2.0,,https://creativecommons.org/licenses/by/2.0,"Elliott Brown from Birmingham, United Kingdom",,Flickr refugee,commons:Flickr refugee,de21ed50d04113b784b31a72032aa4dc5a6c732f,1280,960,search:pool pump
images/negative/commons_10752362.jpg,negative,mailbox,train,negative,0,commons,10752362,"File:O'Neill, Nebraska post office interior 3.JPG","https://commons.wikimedia.org/wiki/File:O%27Neill,_Nebraska_post_office_interior_3.JPG",https://upload.wikimedia.org/wikipedia/commons/3/33/O%27Neill%2C_Nebraska_post_office_interior_3.JPG?utm_source=commons.wikimedia.org&utm_campaign=imageinfo&utm_content=original,Public domain,,,Ammodramus,,Ammodramus,commons:Ammodramus,7d4143bb803765b59d9b7ec3a9f3f17692f03fd9,1280,973,Category:Letter boxes in the United States
images/negative/commons_107762386.jpg,negative,pool_equipment,train,negative,0,commons,107762386,File:Pumping Station and Pool - geograph.org.uk - 2371041.jpg,https://commons.wikimedia.org/wiki/File:Pumping_Station_and_Pool_-_geograph.org.uk_-_2371041.jpg,https://upload.wikimedia.org/wikipedia/commons/9/9f/Pumping_Station_and_Pool_-_geograph.org.uk_-_2371041.jpg?utm_source=commons.wikimedia.org&utm_campaign=imageinfo&utm_content=original,CC BY-SA 2.0,,https://creativecommons.org/licenses/by-sa/2.0,Oast House Archive,,GeographBot,commons:GeographBot,7b5b9248465d586f5de6e7120bf5badafe3c234c,640,480,search:pool pump
images/negative/commons_107776250.jpg,negative,pool_equipment,train,negative,0,commons,107776250,File:Pool by pumping station - geograph.org.uk - 2372699.jpg,https://commons.wikimedia.org/wiki/File:Pool_by_pumping_station_-_geograph.org.uk_-_2372699.jpg,https://upload.wikimedia.org/wikipedia/commons/e/e7/Pool_by_pumping_station_-_geograph.org.uk_-_2372699.jpg?utm_source=commons.wikimedia.org&utm_campaign=imageinfo&utm_content=original,CC BY-SA 2.0,,https://creativecommons.org/licenses/by-sa/2.0,Oast House Archive,,GeographBot,commons:GeographBot,5e23dabce169a0c930baed84f3b2b835d3a44463,640,480,search:pool pump
images/negative/commons_10795550.jpg,negative,air_conditioner_condenser,train,negative,0,commons,10795550,File:Heat Pump.jpg,https://commons.wikimedia.org/wiki/File:Heat_Pump.jpg,https://upload.wikimedia.org/wikipedia/commons/4/4c/Heat_Pump.jpg?utm_source=commons.wikimedia.org&utm_campaign=imageinfo&utm_content=original,CC BY-SA 3.0,,https://creativecommons.org/licenses/by-sa/3.0,Kristoferb (talk),,File Upload Bot (Magnus Manske),commons:File Upload Bot (Magnus Manske),c908ac8aca3b67b4643b95972298f8a089b1e7ee,1280,848,Category:Split type air conditioners - condenser in the United States
images/negative/commons_11651768.jpg,negative,pool_equipment,train,negative,0,commons,11651768,"File:Pumpjack, Glenn Pool oil field OK.jpg","https://commons.wikimedia.org/wiki/File:Pumpjack,_Glenn_Pool_oil_field_OK.jpg",https://upload.wikimedia.org/wikipedia/commons/8/84/Pumpjack%2C_Glenn_Pool_oil_field_OK.jpg?utm_source=commons.wikimedia.org&utm_campaign=imageinfo&utm_content=original,CC BY 2.0,,https://creativecommons.org/licenses/by/2.0,roy.luck,,Flickr upload bot,commons:Flickr upload bot,cb0d0dbfd5f1102ebe8b420ab6ee7d03629c70c4,1280,853,search:pool pump
images/negative/commons_116757558.jpg,negative,pool_equipment,train,negative,0,commons,116757558,File:New thermal heat pump for pool in the garden. (51631858079).jpg,https://commons.wikimedia.org/wiki/File:New_thermal_heat_pump_for_pool_in_the_garden._(51631858079).jpg,https://upload.wikimedia.org/wikipedia/commons/2/26/New_thermal_heat_pump_for_pool_in_the_garden._%2851631858079%29.jpg?utm_source=commons.wikimedia.org&utm_campaign=imageinfo&utm_content=original,CC BY 2.0,,https://creativecommons.org/licenses/by/2.0,Nenad Stojkovic,,Οἶδα,commons:Οἶδα,ce497d22fddb0c56481936bf33f61b77a6698845,855,1280,search:pool pump
images/negative/commons_117081262.jpg,negative,pool_equipment,train,negative,0,commons,117081262,"File:Taylor's Shaft, East Pool MIne.jpg","https://commons.wikimedia.org/wiki/File:Taylor%27s_Shaft,_East_Pool_MIne.jpg",https://upload.wikimedia.org/wikipedia/commons/8/81/Taylor%27s_Shaft%2C_East_Pool_MIne.jpg?utm_source=commons.wikimedia.org&utm_campaign=imageinfo&utm_content=original,CC BY-SA 4.0,,https://creativecommons.org/licenses/by-sa/4.0,Murgatroyd49,,Murgatroyd49,commons:Murgatroyd49,f4d661b8be5da3da9431b000f400aab2f0094ad8,850,530,search:pool pump
images/negative/commons_12295645.jpg,negative,pool_equipment,val,negative,0,commons,12295645,File:Ryde Waterside Pool being pumped.JPG,https://commons.wikimedia.org/wiki/File:Ryde_Waterside_Pool_being_pumped.JPG,https://upload.wikimedia.org/wikipedia/commons/c/ce/Ryde_Waterside_Pool_being_pumped.JPG?utm_source=commons.wikimedia.org&utm_campaign=imageinfo&utm_content=original,CC BY 3.0,,https://creativecommons.org/licenses/by/3.0,Editor5807,,Editor5807,commons:Editor5807,831c29bcbf13c032e1783d8ce8c7d2f02caff9d6,1280,960,search:pool pump
images/negative/commons_12335267.jpg,negative,telecom_box,train,negative,0,commons,12335267,File:Telephone box on junction below the Mynydd Du Valley - geograph.org.uk - 292881.jpg,https://commons.wikimedia.org/wiki/File:Telephone_box_on_junction_below_the_Mynydd_Du_Valley_-_geograph.org.uk_-_292881.jpg,https://upload.wikimedia.org/wikipedia/commons/4/4a/Telephone_box_on_junction_below_the_Mynydd_Du_Valley_-_geograph.org.uk_-_292881.jpg?utm_source=commons.wikimedia.org&utm_campaign=imageinfo&utm_content=original,CC BY-SA 2.0,,https://creativecommons.org/licenses/by-sa/2.0,Philip Halling,,GeographBot,commons:GeographBot,1cfaa2ea183e1dbba0170b3ba36f0fcfecb3c869,640,480,search:telephone junction box
images/negative/commons_123597013.jpg,negative,pool_equipment,train,negative,0,commons,123597013,File:Pumping Station off Mill Pool Lane - geograph.org.uk - 3867160.jpg,https://commons.wikimedia.org/wiki/File:Pumping_Station_off_Mill_Pool_Lane_-_geograph.org.uk_-_3867160.jpg,https://upload.wikimedia.org/wikipedia/commons/a/ad/Pumping_Station_off_Mill_Pool_Lane_-_geograph.org.uk_-_3867160.jpg?utm_source=commons.wikimedia.org&utm_campaign=imageinfo&utm_content=original,CC BY-SA 2.0,,https://creativecommons.org/licenses/by-sa/2.0,Geographer,,GeographBot,commons:GeographBot,5b76bf1d98d642f966f197ba96e0a0e757f69ffb,1280,959,search:pool pump
images/negative/commons_12677156.jpg,negative,electrical_junction_box,val,negative,0,commons,12677156,File:ABB AU19 junction box for drywall with AK11 cover.JPG,https://commons.wikimedia.org/wiki/File:ABB_AU19_junction_box_for_drywall_with_AK11_cover.JPG,https://upload.wikimedia.org/wikipedia/commons/d/d9/ABB_AU19_junction_box_for_drywall_with_AK11_cover.JPG?utm_source=commons.wikimedia.org&utm_campaign=imageinfo&utm_content=original,CC BY-SA 3.0,,https://creativecommons.org/licenses/by-sa/3.0,Dmitry G,,Dmitry G,commons:Dmitry G,f493c4f7775185bdd4c8f4164b0cc6f15e3e0cff,1280,933,search:junction box electrical
images/negative/commons_12677241.jpg,negative,electrical_junction_box,val,negative,0,commons,12677241,File:ABB junction box for drywall.JPG,https://commons.wikimedia.org/wiki/File:ABB_junction_box_for_drywall.JPG,https://upload.wikimedia.org/wikipedia/commons/d/d5/ABB_junction_box_for_drywall.JPG?utm_source=commons.wikimedia.org&utm_campaign=imageinfo&utm_content=original,CC BY-SA 3.0,,https://creativecommons.org/licenses/by-sa/3.0,Dmitry G,,Dmitry G,commons:Dmitry G,c3366ba30faad817dab1673c370ea0250a459514,1280,961,search:junction box electrical
images/negative/commons_12677479.jpg,negative,electrical_junction_box,val,negative,0,commons,12677479,File:Junction box for drywall.JPG,https://commons.wikimedia.org/wiki/File:Junction_box_for_drywall.JPG,https://upload.wikimedia.org/wikipedia/commons/f/f3/Junction_box_for_drywall.JPG?utm_source=commons.wikimedia.org&utm_campaign=imageinfo&utm_content=original,CC BY-SA 3.0,,https://creativecommons.org/licenses/by-sa/3.0,Dmitry G,,Dmitry G,commons:Dmitry G,70120689c333f5f5b67d10bddb158f8801df951c,1280,961,search:junction box electrical
images/negative/commons_12965062.jpg,negative,telecom_box,train,negative,0,commons,12965062,File:Postbox Telephone Box and Junction. - geograph.org.uk - 443647.jpg,https://commons.wikimedia.org/wiki/File:Postbox_Telephone_Box_and_Junction._-_geograph.org.uk_-_443647.jpg,https://upload.wikimedia.org/wikipedia/commons/4/4b/Postbox_Telephone_Box_and_Junction._-_geograph.org.uk_-_443647.jpg?utm_source=commons.wikimedia.org&utm_campaign=imageinfo&utm_content=original,CC BY-SA 2.0,,https://creativecommons.org/licenses/by-sa/2.0,Dave Fergusson,,GeographBot,commons:GeographBot,4b2fc9429a1561664c1583defd20140fd4c4b667,640,480,search:telephone junction box
images/negative/commons_12966969.jpg,negative,telecom_box,train,negative,0,commons,12966969,"File:Telephone box and friends, at road junction - geograph.org.uk - 441362.jpg","https://commons.wikimedia.org/wiki/File:Telephone_box_and_friends,_at_road_junction_-_geograph.org.uk_-_441362.jpg",https://upload.wikimedia.org/wikipedia/commons/8/8c/Telephone_box_and_friends%2C_at_road_junction_-_geograph.org.uk_-_441362.jpg?utm_source=commons.wikimedia.org&utm_campaign=imageinfo&utm_content=original,CC BY-SA 2.0,,https://creativecommons.org/licenses/by-sa/2.0,Ruth Sharville,,GeographBot,commons:GeographBot,1b92972e699955d596c0829e25f7c5fd26f379ac,640,480,search:telephone junction box
images/negative/commons_12976198.jpg,negative,telecom_box,train,negative,0,commons,12976198,File:Post Box and Telephone Box at Junction in Themelthorpe - geograph.org.uk - 454493.jpg,https://commons.wikimedia.org/wiki/File:Post_Box_and_Telephone_Box_at_Junction_in_Themelthorpe_-_geograph.org.uk_-_454493.jpg,https://upload.wikimedia.org/wikipedia/commons/a/a5/Post_Box_and_Telephone_Box_at_Junction_in_Themelthorpe_-_geograph.org.uk_-_454493.jpg?utm_source=commons.wikimedia.org&utm_campaign=imageinfo&utm_content=original,CC BY-SA 2.0,,https://creativecommons.org/licenses/by-sa/2.0,Ian Robertson,,GeographBot,commons:GeographBot,816385ec72902f42eeeea19147816f8febe36fc3,640,480,search:telephone junction box
images/negative/commons_12978133.jpg,negative,telecom_box,train,negative,0,commons,12978133,File:Telephone Box at the road junction. - geograph.org.uk - 453960.jpg,https://commons.wikimedia.org/wiki/File:Telephone_Box_at_the_road_junction._-_geograph.org.uk_-_453960.jpg,https://upload.wikimedia.org/wikipedia/commons/9/9e/Telephone_Box_at_the_road_junction._-_geograph.org.uk_-_453960.jpg?utm_source=commons.wikimedia.org&utm_campaign=imageinfo&utm_content=original,CC BY-SA 2.0,,https://creativecommons.org/licenses/by-sa/2.0,A Holmes,,GeographBot,commons:GeographBot,ac5ffb52fcccd14453d4f85f3a86c1b46217ccdf,640,480,search:telephone junction box
images/negative/commons_13052774.jpg,negative,pool_equipment,train,negative,0,commons,13052774,"File:Moore Nature Reserve, Pump House Pool and Aston Grange Viaduct - geograph.org.uk - 527806.jpg","https://commons.wikimedia.org/wiki/File:Moore_Nature_Reserve,_Pump_House_Pool_and_Aston_Grange_Viaduct_-_geograph.org.uk_-_527806.jpg",https://upload.wikimedia.org/wikipedia/commons/e/ec/Moore_Nature_Reserve%2C_Pump_House_Pool_and_Aston_Grange_Viaduct_-_geograph.org.uk_-_527806.jpg?utm_source=commons.wikimedia.org&utm_campaign=imageinfo&utm_content=original,CC BY-SA 2.0,,https://creativecommons.org/licenses/by-sa/2.0,David Tranter,,GeographBot,commons:GeographBot,b224eff5466471c726922b82607f5d7251c8b533,640,480,search:pool pump
images/negative/commons_13056188.jpg,negative,telecom_box,train,negative_flagged,0,commons,13056188,File:Telephone box at road junction - geograph.org.uk - 526633.jpg,https://commons.wikimedia.org/wiki/File:Telephone_box_at_road_junction_-_geograph.org.uk_-_526633.jpg,https://upload.wikimedia.org/wikipedia/commons/3/3e/Telephone_box_at_road_junction_-_geograph.org.uk_-_526633.jpg?utm_source=commons.wikimedia.org&utm_campaign=imageinfo&utm_content=original,CC BY-SA 2.0,,https://creativecommons.org/licenses/by-sa/2.0,Nicholas Mutton,,GeographBot,commons:GeographBot,7067172574df302d564828cf269ec34fbadbebfc,640,482,search:telephone junction box
images/negative/commons_13067966.jpg,negative,telecom_box,train,negative,0,commons,13067966,File:Telephone box at Ollaberry junction - geograph.org.uk - 534850.jpg,https://commons.wikimedia.org/wiki/File:Telephone_box_at_Ollaberry_junction_-_geograph.org.uk_-_534850.jpg,https://upload.wikimedia.org/wikipedia/commons/0/0c/Telephone_box_at_Ollaberry_junction_-_geograph.org.uk_-_534850.jpg?utm_source=commons.wikimedia.org&utm_campaign=imageinfo&utm_content=original,CC BY-SA 2.0,,https://creativecommons.org/licenses/by-sa/2.0,Ken Craig,,GeographBot,commons:GeographBot,f733ef1bdda4d14fc71563a93cd38badcaeaff9f,640,480,search:telephone junction box
images/negative/commons_13090342.jpg,negative,telecom_box,train,negative,0,commons,13090342,File:Telephone box - geograph.org.uk - 554759.jpg,https://commons.wikimedia.org/wiki/File:Telephone_box_-_geograph.org.uk_-_554759.jpg,https://upload.wikimedia.org/wikipedia/commons/b/b5/Telephone_box_-_geograph.org.uk_-_554759.jpg?utm_source=commons.wikimedia.org&utm_campaign=imageinfo&utm_content=original,CC BY-SA 2.0,,https://creativecommons.org/licenses/by-sa/2.0,James Allan,,GeographBot,commons:GeographBot,c09864baff151e0e88c329bf755cec8cbde0a10d,640,480,search:telephone junction box
images/negative/commons_13100799.jpg,negative,telecom_box,train,negative,0,commons,13100799,File:Telephone box at junction of The Grove and Aberfan Road - geograph.org.uk - 564437.jpg,https://commons.wikimedia.org/wiki/File:Telephone_box_at_junction_of_The_Grove_and_Aberfan_Road_-_geograph.org.uk_-_564437.jpg,https://upload.wikimedia.org/wikipedia/commons/0/0e/Telephone_box_at_junction_of_The_Grove_and_Aberfan_Road_-_geograph.org.uk_-_564437.jpg?utm_source=commons.wikimedia.org&utm_campaign=imageinfo&utm_content=original,CC BY-SA 2.0,,https://creativecommons.org/licenses/by-sa/2.0,Nicholas Mutton,,GeographBot,commons:GeographBot,88d5b997e3ca13fedba84c083c7a976113d27842,640,480,search:telephone junction box
images/negative/commons_13100800.jpg,negative,telecom_box,train,negative,0,commons,13100800,File:Telephone box on the A855 - geograph.org.uk - 566053.jpg,https://commons.wikimedia.org/wiki/File:Telephone_box_on_the_A855_-_geograph.org.uk_-_566053.jpg,https://upload.wikimedia.org/wikipedia/commons/d/dd/Telephone_box_on_the_A855_-_geograph.org.uk_-_566053.jpg?utm_source=commons.wikimedia.org&utm_campaign=imageinfo&utm_content=original,CC BY-SA 2.0,,https://creativecommons.org/licenses/by-sa/2.0,Sandy Gemmill,,GeographBot,commons:GeographBot,1d83914adfd41436bf6d2e9419995d828f7c3822,640,480,search:telephone junction box
images/negative/commons_13249287.jpg,negative,electrical_junction_box,val,negative_flagged,0,commons,13249287,File:Burned junction box.JPG,https://commons.wikimedia.org/wiki/File:Burned_junction_box.JPG,https://upload.wikimedia.org/wikipedia/commons/0/0f/Burned_junction_box.JPG?utm_source=commons.wikimedia.org&utm_campaign=imageinfo&utm_content=original,CC BY-SA 3.0,,https://creativecommons.org/licenses/by-sa/3.0,jgman,,Dmitry G,commons:Dmitry G,bfc80efb614055d3f102639e5595e2f686fa44d8,640,480,search:junction box electrical
images/negative/commons_13428362.jpg,negative,telecom_box,train,negative,0,commons,13428362,"File:Road junction and telephone box, Aberangell - geograph.org.uk - 750790.jpg","https://commons.wikimedia.org/wiki/File:Road_junction_and_telephone_box,_Aberangell_-_geograph.org.uk_-_750790.jpg",https://upload.wikimedia.org/wikipedia/commons/9/94/Road_junction_and_telephone_box%2C_Aberangell_-_geograph.org.uk_-_750790.jpg?utm_source=commons.wikimedia.org&utm_campaign=imageinfo&utm_content=original,CC BY-SA 2.0,,https://creativecommons.org/licenses/by-sa/2.0,liz dawson,,GeographBot,commons:GeographBot,dcfbabcc1a1ce7a5e0cb1852c5b531481185ff14,640,480,search:telephone junction box
images/negative/commons_13505519.jpg,negative,pool_equipment,train,negative,0,commons,13505519,"File:Macduff, Loch Craig and Tarlair swimming pool - geograph.org.uk - 825672.jpg","https://commons.wikimedia.org/wiki/File:Macduff,_Loch_Craig_and_Tarlair_swimming_pool_-_geograph.org.uk_-_825672.jpg",https://upload.wikimedia.org/wikipedia/commons/0/0e/Macduff%2C_Loch_Craig_and_Tarlair_swimming_pool_-_geograph.org.uk_-_825672.jpg?utm_source=commons.wikimedia.org&utm_campaign=imageinfo&utm_content=original,CC BY-SA 2.0,,https://creativecommons.org/licenses/by-sa/2.0,Martyn Gorman,,GeographBot,commons:GeographBot,494c5fc25b584b09446b08c26b018fee115875f0,640,480,search:pool pump
images/negative/commons_13937040.jpg,negative,telecom_box,train,negative,0,commons,13937040,File:Telephone Box - geograph.org.uk - 1213244.jpg,https://commons.wikimedia.org/wiki/File:Telephone_Box_-_geograph.org.uk_-_1213244.jpg,https://upload.wikimedia.org/wikipedia/commons/f/fa/Telephone_Box_-_geograph.org.uk_-_1213244.jpg?utm_source=commons.wikimedia.org&utm_campaign=imageinfo&utm_content=original,CC BY-SA 2.0,,https://creativecommons.org/licenses/by-sa/2.0,PAUL FARMER,,GeographBot,commons:GeographBot,ae9aacc57a19b53366235131b26811c824a47638,640,480,search:telephone junction box
images/negative/commons_14068483.jpg,negative,telecom_box,train,negative,0,commons,14068483,File:Red Telephone Box - geograph.org.uk - 1335201.jpg,https://commons.wikimedia.org/wiki/File:Red_Telephone_Box_-_geograph.org.uk_-_1335201.jpg,https://upload.wikimedia.org/wikipedia/commons/1/17/Red_Telephone_Box_-_geograph.org.uk_-_1335201.jpg?utm_source=commons.wikimedia.org&utm_campaign=imageinfo&utm_content=original,CC BY-SA 2.0,,https://creativecommons.org/licenses/by-sa/2.0,Dreamer,,GeographBot,commons:GeographBot,28b489499eaf0f4203751251c63c764cb348e30b,640,480,search:telephone junction box
images/negative/commons_14135320.jpg,negative,telecom_box,train,negative,0,commons,14135320,File:Telephone box at the junction of Clayhall Road with Anglesey Road - geograph.org.uk - 1396935.jpg,https://commons.wikimedia.org/wiki/File:Telephone_box_at_the_junction_of_Clayhall_Road_with_Anglesey_Road_-_geograph.org.uk_-_1396935.jpg,https://upload.wikimedia.org/wikipedia/commons/7/7a/Telephone_box_at_the_junction_of_Clayhall_Road_with_Anglesey_Road_-_geograph.org.uk_-_1396935.jpg?utm_source=commons.wikimedia.org&utm_campaign=imageinfo&utm_content=original,CC BY-SA 2.0,,https://creativecommons.org/licenses/by-sa/2.0,Barry Shimmon,,GeographBot,commons:GeographBot,d0fc7b6561e8595327f6e01859b79bb769211b64,640,480,search:telephone junction box
images/negative/commons_14149391.jpg,negative,telecom_box,train,negative,0,commons,14149391,File:Telephone box at the junction - geograph.org.uk - 1404203.jpg,https://commons.wikimedia.org/wiki/File:Telephone_box_at_the_junction_-_geograph.org.uk_-_1404203.jpg,https://upload.wikimedia.org/wikipedia/commons/9/92/Telephone_box_at_the_junction_-_geograph.org.uk_-_1404203.jpg?utm_source=commons.wikimedia.org&utm_campaign=imageinfo&utm_content=original,CC BY-SA 2.0,,https://creativecommons.org/licenses/by-sa/2.0,Ruth Sharville,,GeographBot,commons:GeographBot,d868ed88c625168941eb2fb083c5140866e921e3,640,480,search:telephone junction box
images/negative/commons_14183737.jpg,negative,telecom_box,train,negative,0,commons,14183737,"File:Telephone box, Urchfont - geograph.org.uk - 1430858.jpg","https://commons.wikimedia.org/wiki/File:Telephone_box,_Urchfont_-_geograph.org.uk_-_1430858.jpg",https://upload.wikimedia.org/wikipedia/commons/4/43/Telephone_box%2C_Urchfont_-_geograph.org.uk_-_1430858.jpg?utm_source=commons.wikimedia.org&utm_campaign=imageinfo&utm_content=original,CC BY-SA 2.0,,https://creativecommons.org/licenses/by-sa/2.0,Trish Steel,,GeographBot,commons:GeographBot,c6ee5d564a02a9af9f4031e1ae617b2eaeacf780,480,640,search:telephone junction box
images/negative/commons_1423481.jpg,negative,electrical_junction_box,train,negative,0,commons,1423481,File:Champlain electrical pump for dredging.jpg,https://commons.wikimedia.org/wiki/File:Champlain_electrical_pump_for_dredging.jpg,https://upload.wikimedia.org/wikipedia/commons/0/07/Champlain_electrical_pump_for_dredging.jpg?utm_source=commons.wikimedia.org&utm_campaign=imageinfo&utm_content=original,CC BY-SA 3.0,,http://creativecommons.org/licenses/by-sa/3.0/,Hervé Cozanet,,Korrigan,commons:Korrigan,32cc3d2b1362077df4184b741d6ad88a09edf61d,800,600,search:junction box electrical
images/negative/commons_14351996.jpg,negative,telecom_box,train,negative,0,commons,14351996,File:Road junctions and telephone box in Lealholm - geograph.org.uk - 1598490.jpg,https://commons.wikimedia.org/wiki/File:Road_junctions_and_telephone_box_in_Lealholm_-_geograph.org.uk_-_1598490.jpg,https://upload.wikimedia.org/wikipedia/commons/a/a5/Road_junctions_and_telephone_box_in_Lealholm_-_geograph.org.uk_-_1598490.jpg?utm_source=commons.wikimedia.org&utm_campaign=imageinfo&utm_content=original,CC BY-SA 2.0,,https://creativecommons.org/licenses/by-sa/2.0,Philip Barker,,GeographBot,commons:GeographBot,e2c6ad17e5922f32732790098d702f281cffbd5c,640,480,search:telephone junction box
images/negative/commons_14353358.jpg,negative,telecom_box,train,negative,0,commons,14353358,"File:Telephone box, Methley Junction - geograph.org.uk - 1592479.jpg","https://commons.wikimedia.org/wiki/File:Telephone_box,_Methley_Junction_-_geograph.org.uk_-_1592479.jpg",https://upload.wikimedia.org/wikipedia/commons/a/ab/Telephone_box%2C_Methley_Junction_-_geograph.org.uk_-_1592479.jpg?utm_source=commons.wikimedia.org&utm_campaign=imageinfo&utm_content=original,CC BY-SA 2.0,,https://creativecommons.org/licenses/by-sa/2.0,Christine Johnstone,,GeographBot,commons:GeographBot,2741acb117e7136082940b9c7bae77ad89353993,640,480,search:telephone junction box
images/negative/commons_14428947.jpg,negative,telecom_box,train,negative,0,commons,14428947,"File:Telephone box at the junction, St. Weonards - geograph.org.uk - 1701915.jpg","https://commons.wikimedia.org/wiki/File:Telephone_box_at_the_junction,_St._Weonards_-_geograph.org.uk_-_1701915.jpg",https://upload.wikimedia.org/wikipedia/commons/b/be/Telephone_box_at_the_junction%2C_St._Weonards_-_geograph.org.uk_-_1701915.jpg?utm_source=commons.wikimedia.org&utm_campaign=imageinfo&utm_content=original,CC BY-SA 2.0,,https://creativecommons.org/licenses/by-sa/2.0,Ruth Sharville,,GeographBot,commons:GeographBot,364214bbe4efcbf12d334ee7839dabfa49ee13f1,1280,960,search:telephone junction box
images/negative/commons_14563673.jpg,negative,telecom_box,train,negative,0,commons,14563673,File:Telephone Box And Cottage - geograph.org.uk - 1768881.jpg,https://commons.wikimedia.org/wiki/File:Telephone_Box_And_Cottage_-_geograph.org.uk_-_1768881.jpg,https://upload.wikimedia.org/wikipedia/commons/4/4c/Telephone_Box_And_Cottage_-_geograph.org.uk_-_1768881.jpg?utm_source=commons.wikimedia.org&utm_campaign=imageinfo&utm_content=original,CC BY-SA 2.0,,https://creativecommons.org/licenses/by-sa/2.0,Keith Evans,,GeographBot,commons:GeographBot,dcd45e518c27f0b69ed8f896789192e6be290630,1280,960,search:telephone junction box
images/negative/commons_1467726.jpg,negative,water_meter,train,negative,0,commons,1467726,File:Compteur Eau 01.jpg,https://commons.wikimedia.org/wiki/File:Compteur_Eau_01.jpg,https://upload.wikimedia.org/wikipedia/commons/5/5b/Compteur_Eau_01.jpg?utm_source=commons.wikimedia.org&utm_campaign=imageinfo&utm_content=original,Public domain,,,patschw,,Patschw~commonswiki,commons:Patschw~commonswiki,73bd7154d79c1cbeaf40c2f0b5c4d6d99e4924b4,1194,932,Category:Water meters
images/negative/commons_15177451.jpg,negative,water_meter,val,negative_flagged,0,commons,15177451,File:Bonega water meter.JPG,https://commons.wikimedia.org/wiki/File:Bonega_water_meter.JPG,https://upload.wikimedia.org/wikipedia/commons/2/28/Bonega_water_meter.JPG?utm_source=commons.wikimedia.org&utm_campaign=imageinfo&utm_content=original,CC BY-SA 3.0,,https://creativecommons.org/licenses/by-sa/3.0,Dmitry G,,Dmitry G,commons:Dmitry G,c2f677e43ee3199335e8abc2aaa0fdef1612039f,1280,960,Category:Water meters
images/negative/commons_15920269.jpg,negative,water_meter,train,negative,0,commons,15920269,File:Compteur gladiator.jpg,https://commons.wikimedia.org/wiki/File:Compteur_gladiator.jpg,https://upload.wikimedia.org/wikipedia/commons/1/1c/Compteur_gladiator.jpg?utm_source=commons.wikimedia.org&utm_campaign=imageinfo&utm_content=original,CC BY-SA 3.0,,https://creativecommons.org/licenses/by-sa/3.0,Machette30,,Machette30,commons:Machette30,653c7a4529df0c9d6d2b62c8dae28b8edaf61dbe,675,537,Category:Water meters
images/negative/commons_15920280.jpg,negative,water_meter,train,negative,0,commons,15920280,File:Compteur Octave.jpg,https://commons.wikimedia.org/wiki/File:Compteur_Octave.jpg,https://upload.wikimedia.org/wikipedia/commons/0/05/Compteur_Octave.jpg?utm_source=commons.wikimedia.org&utm_campaign=imageinfo&utm_content=original,CC BY-SA 3.0,,https://creativecommons.org/licenses/by-sa/3.0,Machette30,,Machette30,commons:Machette30,c8597bf3d2950a414e31b92a4315f17ba0cc0a4c,486,482,Category:Water meters
images/negative/commons_1722060.jpg,negative,mailbox,val,negative,0,commons,1722060,File:Mailbox with brick background.jpg,https://commons.wikimedia.org/wiki/File:Mailbox_with_brick_background.jpg,https://upload.wikimedia.org/wikipedia/commons/b/bf/Mailbox_with_brick_background.jpg?utm_source=commons.wikimedia.org&utm_campaign=imageinfo&utm_content=original,CC BY 2.0,,https://creativecommons.org/licenses/by/2.0,brookenovak,,SCEhardt,commons:SCEhardt,2068006e697bd247a1f9c5052bb35d3f669ad0f9,1280,853,Category:Letter boxes in the United States
images/negative/commons_18548233.jpg,negative,air_conditioner_condenser,val,negative,0,commons,18548233,File:Dish antenna satellite dish.jpg,https://commons.wikimedia.org/wiki/File:Dish_antenna_satellite_dish.jpg,https://upload.wikimedia.org/wikipedia/commons/0/0a/Dish_antenna_satellite_dish.jpg?utm_source=commons.wikimedia.org&utm_campaign=imageinfo&utm_content=original,CC BY-SA 3.0,,https://creativecommons.org/licenses/by-sa/3.0,Irvin calicut,,Irvin calicut,commons:Irvin calicut,9fe18ba56e17a494db0bd068d0f316cccff2c0cf,1280,960,Category:Split type air conditioners - condenser in the United States
images/negative/commons_18548235.jpg,negative,air_conditioner_condenser,val,negative,0,commons,18548235,File:Dish antenna satellite dish (2).jpg,https://commons.wikimedia.org/wiki/File:Dish_antenna_satellite_dish_(2).jpg,https://upload.wikimedia.org/wikipedia/commons/a/aa/Dish_antenna_satellite_dish_%282%29.jpg?utm_source=commons.wikimedia.org&utm_campaign=imageinfo&utm_content=original,CC BY-SA 3.0,,https://creativecommons.org/licenses/by-sa/3.0,Irvin calicut,,Irvin calicut,commons:Irvin calicut,29a0284aecae324880cec62a3bb63bdef2edb709,960,1280,Category:Split type air conditioners - condenser in the United States
images/negative/commons_1855349.jpg,negative,water_meter,val,negative_flagged,0,commons,1855349,File:Complete of water meters.jpg,https://commons.wikimedia.org/wiki/File:Complete_of_water_meters.jpg,https://upload.wikimedia.org/wikipedia/commons/c/cb/Complete_of_water_meters.jpg?utm_source=commons.wikimedia.org&utm_campaign=imageinfo&utm_content=original,CC BY-SA 3.0,,http://creativecommons.org/licenses/by-sa/3.0/,Man,,Man,commons:Man,e34b77d1a8c1bf5be8b36315439d6aadee6aa7d2,1280,960,Category:Water meters
images/negative/commons_187110.jpg,negative,hose_bib,val,negative,0,commons,187110,File:Fresh water fountain.jpg,https://commons.wikimedia.org/wiki/File:Fresh_water_fountain.jpg,https://upload.wikimedia.org/wikipedia/commons/8/8f/Fresh_water_fountain.jpg?utm_source=commons.wikimedia.org&utm_campaign=imageinfo&utm_content=original,CC BY-SA 3.0,,http://creativecommons.org/licenses/by-sa/3.0/,Juhanson,,Juhanson,commons:Juhanson,e0dde667dcd63131e190a6c220c7739469fefc6d,850,1280,search:hose bib
images/negative/commons_1877191.jpg,negative,electrical_junction_box,val,negative,0,commons,1877191,File:Junction box in Neubrandenburg.jpg,https://commons.wikimedia.org/wiki/File:Junction_box_in_Neubrandenburg.jpg,https://upload.wikimedia.org/wikipedia/commons/5/5d/Junction_box_in_Neubrandenburg.jpg?utm_source=commons.wikimedia.org&utm_campaign=imageinfo&utm_content=original,CC BY-SA 3.0,,http://creativecommons.org/licenses/by-sa/3.0/,Grandy02,,Grandy02,commons:Grandy02,f314b99e857eb27234c11641546b6bbb25a7c2ff,1280,960,search:junction box electrical
images/negative/commons_18900793.jpg,negative,electrical_junction_box,train,negative,0,commons,18900793,File:Electrical box01.jpg,https://commons.wikimedia.org/wiki/File:Electrical_box01.jpg,https://upload.wikimedia.org/wikipedia/commons/9/99/Electrical_box01.jpg?utm_source=commons.wikimedia.org&utm_campaign=imageinfo&utm_content=original,CC0,,http://creativecommons.org/publicdomain/zero/1.0/deed.en,Leotard,,Leotard,commons:Leotard,5d9e252fa23f0992cedbc2060f8a7d38b4909df6,1280,853,search:junction box electrical
images/negative/commons_2135318.jpg,negative,hose_bib,train,negative,0,commons,2135318,File:Flowingtap.jpg,https://commons.wikimedia.org/wiki/File:Flowingtap.jpg,https://upload.wikimedia.org/wikipedia/commons/5/5b/Flowingtap.jpg?utm_source=commons.wikimedia.org&utm_campaign=imageinfo&utm_content=original,CC BY-SA 3.0,,http://creativecommons.org/licenses/by-sa/3.0/,Thegreenj,,Thegreenj~commonswiki,commons:Thegreenj~commonswiki,c0141af99e32cf3474bd4b0274c6506e059b6eb3,1280,960,search:hose bib
images/negative/commons_2167009.jpg,negative,electrical_junction_box,train,negative,0,commons,2167009,File:Junction box.jpg,https://commons.wikimedia.org/wiki/File:Junction_box.jpg,https://upload.wikimedia.org/wikipedia/commons/2/2d/Junction_box.jpg?utm_source=commons.wikimedia.org&utm_campaign=imageinfo&utm_content=original,Public domain,,,Achim Hering,,Achim Hering,commons:Achim Hering,23b422e6ae4e74c1380ee5f962647a02ad88229f,960,1169,search:junction box electrical
images/negative/commons_25228750.jpg,negative,water_meter,train,negative_flagged,0,commons,25228750,File:Compteur consommation eau Farnier.jpeg,https://commons.wikimedia.org/wiki/File:Compteur_consommation_eau_Farnier.jpeg,https://upload.wikimedia.org/wikipedia/commons/4/41/Compteur_consommation_eau_Farnier.jpeg?utm_source=commons.wikimedia.org&utm_campaign=imageinfo&utm_content=original,CC BY-SA 3.0,,https://creativecommons.org/licenses/by-sa/3.0,User:Oliver H,,Oliver H,commons:Oliver H,f82cd1e891fce941640b0b124f954611240ea531,960,1280,Category:Water meters
images/negative/commons_26303309.jpg,negative,air_conditioner_condenser,train,negative,0,commons,26303309,File:Two Firefighters (2495197205).jpg,https://commons.wikimedia.org/wiki/File:Two_Firefighters_(2495197205).jpg,https://upload.wikimedia.org/wikipedia/commons/9/9e/Two_Firefighters_%282495197205%29.jpg?utm_source=commons.wikimedia.org&utm_campaign=imageinfo&utm_content=original,CC BY 2.0,,https://creativecommons.org/licenses/by/2.0,Rennett Stowe from USA,,File Upload Bot (Magnus Manske),commons:File Upload Bot (Magnus Manske),5e779629dc8bc51ede154ff7fe14a60f90c7556e,1280,960,Category:Split type air conditioners - condenser in the United States
images/negative/commons_26303310.jpg,negative,air_conditioner_condenser,train,negative,0,commons,26303310,File:Firemen (2495197193).jpg,https://commons.wikimedia.org/wiki/File:Firemen_(2495197193).jpg,https://upload.wikimedia.org/wikipedia/commons/b/b9/Firemen_%282495197193%29.jpg?utm_source=commons.wikimedia.org&utm_campaign=imageinfo&utm_content=original,CC BY 2.0,,https://creativecommons.org/licenses/by/2.0,Rennett Stowe from USA,,File Upload Bot (Magnus Manske),commons:File Upload Bot (Magnus Manske),459ed9b1aac61b0247ae3051b8289655ab67ffa7,1280,960,Category:Split type air conditioners - condenser in the United States
images/negative/commons_26703789.jpg,negative,air_conditioner_condenser,train,negative_flagged,0,commons,26703789,File:Latham United Methodist Church June 2013 5.jpg,https://commons.wikimedia.org/wiki/File:Latham_United_Methodist_Church_June_2013_5.jpg,https://upload.wikimedia.org/wikipedia/commons/6/6d/Latham_United_Methodist_Church_June_2013_5.jpg?utm_source=commons.wikimedia.org&utm_campaign=imageinfo&utm_content=original,CC BY-SA 3.0,,https://creativecommons.org/licenses/by-sa/3.0,Chris Pruitt,,Spyder Monkey,commons:Spyder Monkey,063ea04bbaf2a7885664c041378a0a5c0d870bcb,1280,960,Category:Split type air conditioners - condenser in the United States
images/negative/commons_26747834.jpg,negative,electrical_junction_box,train,negative_flagged,0,commons,26747834,File:Junction box.agr.jpg,https://commons.wikimedia.org/wiki/File:Junction_box.agr.jpg,https://upload.wikimedia.org/wikipedia/commons/0/0b/Junction_box.agr.jpg?utm_source=commons.wikimedia.org&utm_campaign=imageinfo&utm_content=original,CC BY-SA 3.0,,https://creativecommons.org/licenses/by-sa/3.0,ArnoldReinhold,,ArnoldReinhold,commons:ArnoldReinhold,257a387a59ee443ae6d62d3b82de8670bc5e00ae,960,1280,search:junction box electrical
images/negative/commons_27742206.jpg,negative,electrical_junction_box,val,negative,0,commons,27742206,File:Junction box for wikipedia.JPG,https://commons.wikimedia.org/wiki/File:Junction_box_for_wikipedia.JPG,https://upload.wikimedia.org/wikipedia/commons/6/66/Junction_box_for_wikipedia.JPG?utm_source=commons.wikimedia.org&utm_campaign=imageinfo&utm_content=original,CC BY-SA 3.0,,https://creativecommons.org/licenses/by-sa/3.0,Dmitry G,,Dmitry G,commons:Dmitry G,439765730aa78b35fdb57f58188e9a2ec0662f7f,1280,528,search:junction box electrical
images/negative/commons_27765241.jpg,negative,electrical_junction_box,val,negative,0,commons,27765241,File:How to install SKX junction box for memory relay switches.JPG,https://commons.wikimedia.org/wiki/File:How_to_install_SKX_junction_box_for_memory_relay_switches.JPG,https://upload.wikimedia.org/wikipedia/commons/9/9d/How_to_install_SKX_junction_box_for_memory_relay_switches.JPG?utm_source=commons.wikimedia.org&utm_campaign=imageinfo&utm_content=original,CC BY-SA 3.0,,https://creativecommons.org/licenses/by-sa/3.0,Dmitry G,,Dmitry G,commons:Dmitry G,b81f6e12eabe57945db522f0acbffb80bbc7e7bc,1280,525,search:junction box electrical
images/negative/commons_27825808.jpg,negative,water_meter,train,negative,0,commons,27825808,File:Ajdovščina (2585077577).jpg,https://commons.wikimedia.org/wiki/File:Ajdov%C5%A1%C4%8Dina_(2585077577).jpg,https://upload.wikimedia.org/wikipedia/commons/1/1d/Ajdov%C5%A1%C4%8Dina_%282585077577%29.jpg?utm_source=commons.wikimedia.org&utm_campaign=imageinfo&utm_content=original,CC BY-SA 2.0,,https://creativecommons.org/licenses/by-sa/2.0,Stan Dalone,,File Upload Bot (Magnus Manske),commons:File Upload Bot (Magnus Manske),6d573a172545bdc93d50db55ae5d4c755b9a6012,1280,960,Category:Water meters
images/negative/commons_28166338.jpg,negative,electrical_junction_box,train,negative,0,commons,28166338,File:Electrical box02.jpg,https://commons.wikimedia.org/wiki/File:Electrical_box02.jpg,https://upload.wikimedia.org/wikipedia/commons/5/5e/Electrical_box02.jpg?utm_source=commons.wikimedia.org&utm_campaign=imageinfo&utm_content=original,CC0,,http://creativecommons.org/publicdomain/zero/1.0/deed.en,Leotard,,Leotard,commons:Leotard,8208e8904306fc2a95f2101b6bb1ad0f1a7ff528,1280,853,search:junction box electrical
images/negative/commons_28166398.jpg,negative,electrical_junction_box,train,negative_flagged,0,commons,28166398,File:Electrical box03.jpg,https://commons.wikimedia.org/wiki/File:Electrical_box03.jpg,https://upload.wikimedia.org/wikipedia/commons/c/c2/Electrical_box03.jpg?utm_source=commons.wikimedia.org&utm_campaign=imageinfo&utm_content=original,CC0,,http://creativecommons.org/publicdomain/zero/1.0/deed.en,Leotard,,Sarang,commons:Sarang,50e6b99efe7916ae5fc598338c45e26872253fad,1280,727,search:junction box electrical
images/negative/commons_28166479.jpg,negative,electrical_junction_box,train,negative,0,commons,28166479,File:Electrical box04.jpg,https://commons.wikimedia.org/wiki/File:Electrical_box04.jpg,https://upload.wikimedia.org/wikipedia/commons/5/56/Electrical_box04.jpg?utm_source=commons.wikimedia.org&utm_campaign=imageinfo&utm_content=original,CC0,,http://creativecommons.org/publicdomain/zero/1.0/deed.en,Leotard,,Leotard,commons:Leotard,24665f2ef7e8ac54188886f5617299b1a0bee6ab,1280,853,search:junction box electrical
images/negative/commons_28166564.jpg,negative,electrical_junction_box,train,negative,0,commons,28166564,File:Electrical box05.jpg,https://commons.wikimedia.org/wiki/File:Electrical_box05.jpg,https://upload.wikimedia.org/wikipedia/commons/3/34/Electrical_box05.jpg?utm_source=commons.wikimedia.org&utm_campaign=imageinfo&utm_content=original,CC0,,http://creativecommons.org/publicdomain/zero/1.0/deed.en,Leotard,,Leotard,commons:Leotard,2546b77a8e0245ede6db9c51696ebb294d33fc0b,1280,853,search:junction box electrical
images/negative/commons_28166651.jpg,negative,electrical_junction_box,train,negative,0,commons,28166651,File:Electrical box06.jpg,https://commons.wikimedia.org/wiki/File:Electrical_box06.jpg,https://upload.wikimedia.org/wikipedia/commons/9/9f/Electrical_box06.jpg?utm_source=commons.wikimedia.org&utm_campaign=imageinfo&utm_content=original,CC0,,http://creativecommons.org/publicdomain/zero/1.0/deed.en,Leotard,,Leotard,commons:Leotard,d5382fbc6e10f3bb02486ffecdf6971accf86f6c,1280,853,search:junction box electrical
images/negative/commons_28166691.jpg,negative,electrical_junction_box,train,negative_flagged,0,commons,28166691,File:Electrical box07.jpg,https://commons.wikimedia.org/wiki/File:Electrical_box07.jpg,https://upload.wikimedia.org/wikipedia/commons/f/f7/Electrical_box07.jpg?utm_source=commons.wikimedia.org&utm_campaign=imageinfo&utm_content=original,CC0,,http://creativecommons.org/publicdomain/zero/1.0/deed.en,Leotard,,Leotard,commons:Leotard,2eab3356b876340b5a82b3836f4b77a7d2677427,1280,853,search:junction box electrical
images/negative/commons_28321352.jpg,negative,air_conditioner_condenser,val,negative,0,commons,28321352,File:Condenser unit for central air conditioning.JPG,https://commons.wikimedia.org/wiki/File:Condenser_unit_for_central_air_conditioning.JPG,https://upload.wikimedia.org/wikipedia/commons/6/6b/Condenser_unit_for_central_air_conditioning.JPG?utm_source=commons.wikimedia.org&utm_campaign=imageinfo&utm_content=original,CC BY-SA 3.0,,https://creativecommons.org/licenses/by-sa/3.0,H Padleckas,,H Padleckas,commons:H Padleckas,856f3f1a266b165944d71bc144db8655c73e6ab7,1280,960,Category:Split type air conditioners - condenser in the United States
images/negative/commons_2851384.jpg,negative,mailbox,train,negative,0,commons,2851384,File:Residential Mailbox US.JPG,https://commons.wikimedia.org/wiki/File:Residential_Mailbox_US.JPG,https://upload.wikimedia.org/wikipedia/commons/e/e9/Residential_Mailbox_US.JPG?utm_source=commons.wikimedia.org&utm_campaign=imageinfo&utm_content=original,Public domain,,,User:Stilfehler,,Stilfehler,commons:Stilfehler,4ecd3366f908c975c4d729b7c51a65c7ec326501,960,1280,Category:Letter boxes in the United States
images/negative/commons_28658380.jpg,negative,electrical_junction_box,val,negative_flagged,0,commons,28658380,File:Phone junction box.jpg,https://commons.wikimedia.org/wiki/File:Phone_junction_box.jpg,https://upload.wikimedia.org/wikipedia/commons/1/11/Phone_junction_box.jpg?utm_source=commons.wikimedia.org&utm_campaign=imageinfo&utm_content=original,CC BY-SA 3.0,,https://creativecommons.org/licenses/by-sa/3.0,User:Commons_sibi,,Commons sibi,commons:Commons sibi,4709ef3e58208becd637cf306fea3f214ce4ffa4,1280,960,search:junction box electrical
images/negative/commons_28718958.jpg,negative,air_conditioner_condenser,train,negative_flagged,0,commons,28718958,"File:Air conditioning units, Richmond Hall, Menil Collection, Houston, Texas - 20130915.JPG","https://commons.wikimedia.org/wiki/File:Air_conditioning_units,_Richmond_Hall,_Menil_Collection,_Houston,_Texas_-_20130915.JPG",https://upload.wikimedia.org/wikipedia/commons/e/ea/Air_conditioning_units%2C_Richmond_Hall%2C_Menil_Collection%2C_Houston%2C_Texas_-_20130915.JPG?utm_source=commons.wikimedia.org&utm_campaign=imageinfo&utm_content=original,CC BY-SA 3.0,,https://creativecommons.org/licenses/by-sa/3.0,Jacklee,,Jacklee,commons:Jacklee,e1df7684e33d0b17d868a339f9f04f1a6db57930,1280,857,Category:Split type air conditioners - condenser in the United States
images/negative/commons_28778749.jpg,negative,mailbox,train,negative,0,commons,28778749,"File:Inside the Douglas, AZ post office..jpg","https://commons.wikimedia.org/wiki/File:Inside_the_Douglas,_AZ_post_office..jpg",https://upload.wikimedia.org/wikipedia/commons/f/fd/Inside_the_Douglas%2C_AZ_post_office..jpg?utm_source=commons.wikimedia.org&utm_campaign=imageinfo&utm_content=original,CC BY-SA 3.0,,https://creativecommons.org/licenses/by-sa/3.0,Intoxyk8 (Charla Henney),,Intoxyk8,commons:Intoxyk8,939d9394135c4f3d939c62aad31726d398e45192,480,640,Category:Letter boxes in the United States
images/negative/commons_2893291.jpg,negative,pool_equipment,train,negative,0,commons,2893291,File:Fleishhacker Pool house.jpg,https://commons.wikimedia.org/wiki/File:Fleishhacker_Pool_house.jpg,https://upload.wikimedia.org/wikipedia/commons/b/b3/Fleishhacker_Pool_house.jpg?utm_source=commons.wikimedia.org&utm_campaign=imageinfo&utm_content=original,CC BY-SA 2.0,,https://creativecommons.org/licenses/by-sa/2.0,"Carina from Windsor, CA, USA",,File Upload Bot (Magnus Manske),commons:File Upload Bot (Magnus Manske),40fb3fc57aae46e25814fc455eb160d42bd78efe,768,1024,search:pool pump
images/negative/commons_29071125.jpg,negative,hose_bib,train,negative,0,commons,29071125,"File:Bristol (UK), Brunel's ss Great Britain -- 2013 -- 1606.jpg","https://commons.wikimedia.org/wiki/File:Bristol_(UK),_Brunel%27s_ss_Great_Britain_--_2013_--_1606.jpg",https://upload.wikimedia.org/wikipedia/commons/0/0d/Bristol_%28UK%29%2C_Brunel%27s_ss_Great_Britain_--_2013_--_1606.jpg?utm_source=commons.wikimedia.org&utm_campaign=imageinfo&utm_content=original,CC BY-SA 4.0,,https://creativecommons.org/licenses/by-sa/4.0,Dietmar Rabich,,XRay,commons:XRay,dfc41d856b30a5a521dbf2773b5fa26be8a02cec,853,1280,search:hose bib
images/negative/commons_2928973.jpg,negative,air_conditioner_condenser,train,negative,0,commons,2928973,File:Air conditioner armaflex insulation.jpg,https://commons.wikimedia.org/wiki/File:Air_conditioner_armaflex_insulation.jpg,https://upload.wikimedia.org/wikipedia/commons/2/2e/Air_conditioner_armaflex_insulation.jpg?utm_source=commons.wikimedia.org&utm_campaign=imageinfo&utm_content=original,CC BY 3.0,,https://creativecommons.org/licenses/by/3.0,Achim Hering,,Achim Hering,commons:Achim Hering,87c426eca316aa620a9cabc5521a51eb4d4478dc,1280,960,Category:Split type air conditioners - condenser in the United States
images/negative/commons_29483062.jpg,negative,mailbox,train,negative,0,commons,29483062,File:US Post Office (8674014212).jpg,https://commons.wikimedia.org/wiki/File:US_Post_Office_(8674014212).jpg,https://upload.wikimedia.org/wikipedia/commons/f/f9/US_Post_Office_%288674014212%29.jpg?utm_source=commons.wikimedia.org&utm_campaign=imageinfo&utm_content=original,CC BY-SA 2.0,,https://creativecommons.org/licenses/by-sa/2.0,"Mike Kalasnik from Fort Mill, USA",,File Upload Bot (Magnus Manske),commons:File Upload Bot (Magnus Manske),940259804d066b343609dfb7d58bedfeaaa5a210,1280,956,Category:Letter boxes in the United States
images/negative/commons_29651792.jpg,negative,mailbox,train,negative_flagged,0,commons,29651792,File:Post Office Boxes.JPG,https://commons.wikimedia.org/wiki/File:Post_Office_Boxes.JPG,https://upload.wikimedia.org/wikipedia/commons/8/8f/Post_Office_Boxes.JPG?utm_source=commons.wikimedia.org&utm_campaign=imageinfo&utm_content=original,CC0,,http://creativecommons.org/publicdomain/zero/1.0/deed.en,MarkBuckawicki,,MarkBuckawicki,commons:MarkBuckawicki,1f45ac6708dc126f489dabc4aba0810e29fe8e38,1280,960,Category:Letter boxes in the United States
images/negative/commons_30839119.jpg,negative,mailbox,train,negative,0,commons,30839119,File:Ram Mailbox.jpg,https://commons.wikimedia.org/wiki/File:Ram_Mailbox.jpg,https://upload.wikimedia.org/wikipedia/commons/e/e3/Ram_Mailbox.jpg?utm_source=commons.wikimedia.org&utm_campaign=imageinfo&utm_content=original,CC BY-SA 3.0,,https://creativecommons.org/licenses/by-sa/3.0,Angelsharum,,Angelsharum,commons:Angelsharum,3cd0a87f11bc7a0329ac96b3fb3e40340c9f1351,488,816,Category:Letter boxes in the United States
images/negative/commons_3214779.jpg,negative,electrical_junction_box,train,negative_flagged,0,commons,3214779,File:Conduit junction box smoke migration.jpg,https://commons.wikimedia.org/wiki/File:Conduit_junction_box_smoke_migration.jpg,https://upload.wikimedia.org/wikipedia/commons/3/38/Conduit_junction_box_smoke_migration.jpg?utm_source=commons.wikimedia.org&utm_campaign=imageinfo&utm_content=original,CC BY 3.0,,https://creativecommons.org/licenses/by/3.0,Achim Hering,,Achim Hering,commons:Achim Hering,e2b795b4c4a7f7e32ea02ca79c1e57f0e8262ab2,850,1280,search:junction box electrical
images/negative/commons_32325922.jpg,negative,water_meter,train,negative_flagged,0,commons,32325922,File:Contador contador.jpg,https://commons.wikimedia.org/wiki/File:Contador_contador.jpg,https://upload.wikimedia.org/wikipedia/commons/3/32/Contador_contador.jpg?utm_source=commons.wikimedia.org&utm_campaign=imageinfo&utm_content=original,CC BY-SA 3.0,,https://creativecommons.org/licenses/by-sa/3.0,Balaverde,,Balaverde,commons:Balaverde,9c9fae150acadd0a82b65910c8816fb339c3772f,1280,960,Category:Water meters
images/negative/commons_33020605.jpg,negative,mailbox,val,negative,0,commons,33020605,File:Bommer Industries Apartment Building Mailbox.JPG,https://commons.wikimedia.org/wiki/File:Bommer_Industries_Apartment_Building_Mailbox.JPG,https://upload.wikimedia.org/wikipedia/commons/3/34/Bommer_Industries_Apartment_Building_Mailbox.JPG?utm_source=commons.wikimedia.org&utm_campaign=imageinfo&utm_content=original,CC BY 3.0,,https://creativecommons.org/licenses/by/3.0,Dwight Burdette,,Dwight Burdette,commons:Dwight Burdette,d8868aa6a52f230b87f2514d983a53e59a091f48,1280,811,Category:Letter boxes in the United States
images/negative/commons_34863073.jpg,negative,hose_bib,train,negative,0,commons,34863073,File:Robinet raccord tuyau FR 2014.jpg,https://commons.wikimedia.org/wiki/File:Robinet_raccord_tuyau_FR_2014.jpg,https://upload.wikimedia.org/wikipedia/commons/8/88/Robinet_raccord_tuyau_FR_2014.jpg?utm_source=commons.wikimedia.org&utm_campaign=imageinfo&utm_content=original,CC BY-SA 3.0,,https://creativecommons.org/licenses/by-sa/3.0,JLPC,,JLPC,commons:JLPC,73f977221a2cfbd557247d695319de82e949f734,848,1280,search:hose bib
images/negative/commons_36534784.jpg,negative,water_meter,train,negative,0,commons,36534784,File:29.Naivasha Water meter chamber (4426405363).jpg,https://commons.wikimedia.org/wiki/File:29.Naivasha_Water_meter_chamber_(4426405363).jpg,https://upload.wikimedia.org/wikipedia/commons/3/3a/29.Naivasha_Water_meter_chamber_%284426405363%29.jpg?utm_source=commons.wikimedia.org&utm_campaign=imageinfo&utm_content=original,CC BY 2.0,,https://creativecommons.org/licenses/by/2.0,SuSanA Secretariat,,Fæ,commons:Fæ,aa4205cc348e919532209c5df6ceeccd454d6c75,640,480,Category:Water meters
images/negative/commons_39229872.jpg,negative,water_meter,train,negative_flagged,0,commons,39229872,File:Compteurs d'eau froide et alimentation en tube cuivre..jpg,https://commons.wikimedia.org/wiki/File:Compteurs_d%27eau_froide_et_alimentation_en_tube_cuivre..jpg,https://upload.wikimedia.org/wikipedia/commons/0/0a/Compteurs_d%27eau_froide_et_alimentation_en_tube_cuivre..jpg?utm_source=commons.wikimedia.org&utm_campaign=imageinfo&utm_content=original,CC BY-SA 3.0,,https://creativecommons.org/licenses/by-sa/3.0,Tamserpo,,Le plombier du désert,commons:Le plombier du désert,757962015f628e82512058ac62b96ffee00d6720,960,1280,Category:Water meters
images/negative/commons_40502786.jpg,negative,water_meter,train,negative,0,commons,40502786,File:601ajfDaan Sarile Bitas Cabanatuan City Nueva Ecijafvf 26.jpg,https://commons.wikimedia.org/wiki/File:601ajfDaan_Sarile_Bitas_Cabanatuan_City_Nueva_Ecijafvf_26.jpg,https://upload.wikimedia.org/wikipedia/commons/8/8e/601ajfDaan_Sarile_Bitas_Cabanatuan_City_Nueva_Ecijafvf_26.jpg?utm_source=commons.wikimedia.org&utm_campaign=imageinfo&utm_content=original,CC BY-SA 4.0,,https://creativecommons.org/licenses/by-sa/4.0,Judgefloro,,Judgefloro,commons:Judgefloro,524ba2a9335bd2c067937dbe785e954148f954f3,1024,768,Category:Water meters
images/negative/commons_40502789.jpg,negative,water_meter,train,negative,0,commons,40502789,File:601ajfDaan Sarile Bitas Cabanatuan City Nueva Ecijafvf 28.jpg,https://commons.wikimedia.org/wiki/File:601ajfDaan_Sarile_Bitas_Cabanatuan_City_Nueva_Ecijafvf_28.jpg,https://upload.wikimedia.org/wikipedia/commons/5/56/601ajfDaan_Sarile_Bitas_Cabanatuan_City_Nueva_Ecijafvf_28.jpg?utm_source=commons.wikimedia.org&utm_campaign=imageinfo&utm_content=original,CC BY-SA 4.0,,https://creativecommons.org/licenses/by-sa/4.0,Judgefloro,,Judgefloro,commons:Judgefloro,c21b3557580e8d540ef69ad79f978d4baf3ab29c,1024,768,Category:Water meters
images/negative/commons_40502790.jpg,negative,water_meter,train,negative,0,commons,40502790,File:601ajfDaan Sarile Bitas Cabanatuan City Nueva Ecijafvf 29.jpg,https://commons.wikimedia.org/wiki/File:601ajfDaan_Sarile_Bitas_Cabanatuan_City_Nueva_Ecijafvf_29.jpg,https://upload.wikimedia.org/wikipedia/commons/c/cf/601ajfDaan_Sarile_Bitas_Cabanatuan_City_Nueva_Ecijafvf_29.jpg?utm_source=commons.wikimedia.org&utm_campaign=imageinfo&utm_content=original,CC BY-SA 4.0,,https://creativecommons.org/licenses/by-sa/4.0,Judgefloro,,Judgefloro,commons:Judgefloro,5c79132b2af9c4153f263813eb3be63624c73c07,1024,768,Category:Water meters
images/negative/commons_40502791.jpg,negative,water_meter,train,negative_flagged,0,commons,40502791,File:601ajfDaan Sarile Bitas Cabanatuan City Nueva Ecijafvf 30.jpg,https://commons.wikimedia.org/wiki/File:601ajfDaan_Sarile_Bitas_Cabanatuan_City_Nueva_Ecijafvf_30.jpg,https://upload.wikimedia.org/wikipedia/commons/0/02/601ajfDaan_Sarile_Bitas_Cabanatuan_City_Nueva_Ecijafvf_30.jpg?utm_source=commons.wikimedia.org&utm_campaign=imageinfo&utm_content=original,CC BY-SA 4.0,,https://creativecommons.org/licenses/by-sa/4.0,Judgefloro,,Judgefloro,commons:Judgefloro,4018b4ef7213a89c3c437bec4ff40ed58ff222df,1024,768,Category:Water meters
images/negative/commons_40687592.jpg,negative,air_conditioner_condenser,val,negative,0,commons,40687592,File:AirConditioner.jpg,https://commons.wikimedia.org/wiki/File:AirConditioner.jpg,https://upload.wikimedia.org/wikipedia/commons/4/4d/AirConditioner.jpg?utm_source=commons.wikimedia.org&utm_campaign=imageinfo&utm_content=original,CC0,,http://creativecommons.org/publicdomain/zero/1.0/deed.en,Raysonho @ Open Grid Scheduler / Grid Engine,,Raysonho,commons:Raysonho,3d1eae6d67467ff8f4c1d0bdcc3ceede4b9e2887,1280,853,Category:Split type air conditioners - condenser in the United States
images/negative/commons_41239617.jpg,negative,mailbox,train,negative,0,commons,41239617,File:PO Boxes in the East Bay Post Office.JPG,https://commons.wikimedia.org/wiki/File:PO_Boxes_in_the_East_Bay_Post_Office.JPG,https://upload.wikimedia.org/wikipedia/commons/0/0d/PO_Boxes_in_the_East_Bay_Post_Office.JPG?utm_source=commons.wikimedia.org&utm_campaign=imageinfo&utm_content=original,CC BY-SA 4.0,,https://creativecommons.org/licenses/by-sa/4.0,An Errant Knight,,An Errant Knight,commons:An Errant Knight,7220ff476fa74d6cd3d9e8399af84c6513e3e2b2,1280,960,Category:Letter boxes in the United States
images/negative/commons_41433385.jpg,negative,air_conditioner_condenser,train,negative_flagged,0,commons,41433385,File:Air Conditioning Units circa 1995.JPG,https://commons.wikimedia.org/wiki/File:Air_Conditioning_Units_circa_1995.JPG,https://upload.wikimedia.org/wikipedia/commons/5/58/Air_Conditioning_Units_circa_1995.JPG?utm_source=commons.wikimedia.org&utm_campaign=imageinfo&utm_content=original,CC BY-SA 4.0,,https://creativecommons.org/licenses/by-sa/4.0,JoeBensonAC,,JoeBensonAC,commons:JoeBensonAC,03c941a2f11309e7abc8dec6b44566d6c8cc2817,1280,960,Category:Split type air conditioners - condenser in the United States
images/negative/commons_42461220.jpg,negative,water_meter,train,negative,0,commons,42461220,File:Catalyst - 2015-08-08 - Andy Mabbett - 17.JPG,https://commons.wikimedia.org/wiki/File:Catalyst_-_2015-08-08_-_Andy_Mabbett_-_17.JPG,https://upload.wikimedia.org/wikipedia/commons/5/58/Catalyst_-_2015-08-08_-_Andy_Mabbett_-_17.JPG?utm_source=commons.wikimedia.org&utm_campaign=imageinfo&utm_content=original,CC BY-SA 4.0,,https://creativecommons.org/licenses/by-sa/4.0,Andy Mabbett,,Pigsonthewing,commons:Pigsonthewing,009e69c76abff218f36715c3402246d655f93102,1280,857,Category:Water meters
images/negative/commons_4370335.jpg,negative,air_conditioner_condenser,train,negative_flagged,0,commons,4370335,File:2008-07-11 Air conditioners at UNC-CH.jpg,https://commons.wikimedia.org/wiki/File:2008-07-11_Air_conditioners_at_UNC-CH.jpg,https://upload.wikimedia.org/wikipedia/commons/e/e1/2008-07-11_Air_conditioners_at_UNC-CH.jpg?utm_source=commons.wikimedia.org&utm_campaign=imageinfo&utm_content=original,CC BY-SA 4.0,,https://creativecommons.org/licenses/by-sa/4.0,Ildar Sagdejev (Specious),,Specious,commons:Specious,05ef58e5d8ba8cfe19e8e9098026c43c098ca2a3,1280,853,Category:Split type air conditioners - condenser in the United States
images/negative/commons_43727895.jpg,negative,mailbox,train,negative,0,commons,43727895,File:New Rochelle Post Office; PO Boxes-1.jpg,https://commons.wikimedia.org/wiki/File:New_Rochelle_Post_Office;_PO_Boxes-1.jpg,https://upload.wikimedia.org/wikipedia/commons/0/0c/New_Rochelle_Post_Office%3B_PO_Boxes-1.jpg?utm_source=commons.wikimedia.org&utm_campaign=imageinfo&utm_content=original,CC BY-SA 4.0,,https://creativecommons.org/licenses/by-sa/4.0,DanTD,,DanTD,commons:DanTD,3411a7b97f20fe12e293aca8df90981fa81e532b,1280,960,Category:Letter boxes in the United States
images/negative/commons_4374621.jpg,negative,mailbox,train,negative,0,commons,4374621,File:Mailbox US in the shade.jpg,https://commons.wikimedia.org/wiki/File:Mailbox_US_in_the_shade.jpg,https://upload.wikimedia.org/wikipedia/commons/c/cc/Mailbox_US_in_the_shade.jpg?utm_source=commons.wikimedia.org&utm_campaign=imageinfo&utm_content=original,CC BY-SA 3.0,,https://creativecommons.org/licenses/by-sa/3.0,Rootology,,Rootology,commons:Rootology,f4062a3a73e8b27149f63adf7f90f380e589b40e,1280,960,Category:Letter boxes in the United States
images/negative/commons_4642821.jpg,negative,mailbox,train,negative_flagged,0,commons,4642821,File:Pentwater Post Office c 1885.JPG,https://commons.wikimedia.org/wiki/File:Pentwater_Post_Office_c_1885.JPG,https://upload.wikimedia.org/wikipedia/commons/f/fc/Pentwater_Post_Office_c_1885.JPG?utm_source=commons.wikimedia.org&utm_campaign=imageinfo&utm_content=original,CC BY-SA 3.0,,https://creativecommons.org/licenses/by-sa/3.0,Doug Coldwell,,Doug Coldwell,commons:Doug Coldwell,5406f35a0b7dcd1ae159c28e173c5aab7c34f825,1280,960,Category:Letter boxes in the United States
images/negative/commons_47876386.jpg,negative,air_conditioner_condenser,train,negative_flagged,0,commons,47876386,File:HVAC.jpg,https://commons.wikimedia.org/wiki/File:HVAC.jpg,https://upload.wikimedia.org/wikipedia/commons/0/0b/HVAC.jpg?utm_source=commons.wikimedia.org&utm_campaign=imageinfo&utm_content=original,Public domain,,,National Institute of Standards and Technology,,Lyleaallen,commons:Lyleaallen,4395c5d38228da08a4ecc66b14bcc23f08d6bbe5,1280,1222,Category:Split type air conditioners - condenser in the United States
images/negative/commons_48719958.jpg,negative,air_conditioner_condenser,train,negative,0,commons,48719958,File:Bon Secour National Wildlife Refuge (4453665151).jpg,https://commons.wikimedia.org/wiki/File:Bon_Secour_National_Wildlife_Refuge_(4453665151).jpg,https://upload.wikimedia.org/wikipedia/commons/d/d6/Bon_Secour_National_Wildlife_Refuge_%284453665151%29.jpg?utm_source=commons.wikimedia.org&utm_campaign=imageinfo&utm_content=original,Public domain,,,US Fish and Wildlife Service - Recovery Act Team,,Ser Amantio di Nicolao,commons:Ser Amantio di Nicolao,9119582f56b684d99e6ab3a107749d35d7307d09,1024,768,Category:Split type air conditioners - condenser in the United States
images/negative/commons_50921765.jpg,negative,water_meter,train,negative,0,commons,50921765,File:0940jfBarangays West Kamias Road Creeks Bridges Landmarksfvf 02.jpg,https://commons.wikimedia.org/wiki/File:0940jfBarangays_West_Kamias_Road_Creeks_Bridges_Landmarksfvf_02.jpg,https://upload.wikimedia.org/wikipedia/commons/7/77/0940jfBarangays_West_Kamias_Road_Creeks_Bridges_Landmarksfvf_02.jpg?utm_source=commons.wikimedia.org&utm_campaign=imageinfo&utm_content=original,Public domain,,,Judgefloro,,Judgefloro,commons:Judgefloro,2209b8dc297fca8654cd6e024557ced4cada01cc,1280,960,Category:Water meters
images/negative/commons_50921769.jpg,negative,water_meter,train,negative_flagged,0,commons,50921769,File:0940jfBarangays West Kamias Road Creeks Bridges Landmarksfvf 04.jpg,https://commons.wikimedia.org/wiki/File:0940jfBarangays_West_Kamias_Road_Creeks_Bridges_Landmarksfvf_04.jpg,https://upload.wikimedia.org/wikipedia/commons/4/4f/0940jfBarangays_West_Kamias_Road_Creeks_Bridges_Landmarksfvf_04.jpg?utm_source=commons.wikimedia.org&utm_campaign=imageinfo&utm_content=original,Public domain,,,Judgefloro,,SteinsplitterBot,commons:SteinsplitterBot,f5115a2af1575da5b698a177a81c8ed75f975ef7,1280,960,Category:Water meters
images/negative/commons_50921772.jpg,negative,water_meter,train,negative,0,commons,50921772,File:0940jfBarangays West Kamias Road Creeks Bridges Landmarksfvf 07.jpg,https://commons.wikimedia.org/wiki/File:0940jfBarangays_West_Kamias_Road_Creeks_Bridges_Landmarksfvf_07.jpg,https://upload.wikimedia.org/wikipedia/commons/3/39/0940jfBarangays_West_Kamias_Road_Creeks_Bridges_Landmarksfvf_07.jpg?utm_source=commons.wikimedia.org&utm_campaign=imageinfo&utm_content=original,Public domain,,,Judgefloro,,SteinsplitterBot,commons:SteinsplitterBot,133d645af5c801076c4fa07f8e0f9b81e11ae291,1280,960,Category:Water meters
images/negative/commons_51651179.jpg,negative,pool_equipment,train,negative,0,commons,51651179,"File:Agyagási Dezső Park, Well house and Swimming pool in Eger, 2016 Hungary.jpg","https://commons.wikimedia.org/wiki/File:Agyag%C3%A1si_Dezs%C5%91_Park,_Well_house_and_Swimming_pool_in_Eger,_2016_Hungary.jpg",https://upload.wikimedia.org/wikipedia/commons/e/e0/Agyag%C3%A1si_Dezs%C5%91_Park%2C_Well_house_and_Swimming_pool_in_Eger%2C_2016_Hungary.jpg?utm_source=commons.wikimedia.org&utm_campaign=imageinfo&utm_content=original,CC BY-SA 3.0,,https://creativecommons.org/licenses/by-sa/3.0,Globetrotter19,,Globetrotter19,commons:Globetrotter19,0a7b097a4964078aced97af43b311230202ee513,1280,960,search:pool pump
images/negative/commons_5188242.jpg,negative,mailbox,train,negative,0,commons,5188242,File:Mailbox USA.jpg,https://commons.wikimedia.org/wiki/File:Mailbox_USA.jpg,https://upload.wikimedia.org/wikipedia/commons/8/82/Mailbox_USA.jpg?utm_source=commons.wikimedia.org&utm_campaign=imageinfo&utm_content=original,CC BY 2.5,,https://creativecommons.org/licenses/by/2.5,KeysPhotography.com,,Mercury13,commons:Mercury13,414a68e9db08840bac97f76f678020e84a992dd6,1280,851,Category:Letter boxes in the United States
images/negative/commons_5202309.jpg,negative,mailbox,train,negative,0,commons,5202309,File:USPS Post office boxes 1.jpg,https://commons.wikimedia.org/wiki/File:USPS_Post_office_boxes_1.jpg,https://upload.wikimedia.org/wikipedia/commons/0/02/USPS_Post_office_boxes_1.jpg?utm_source=commons.wikimedia.org&utm_campaign=imageinfo&utm_content=original,CC BY-SA 3.0,,https://creativecommons.org/licenses/by-sa/3.0,United States Postal Service,,Holly Cheng,commons:Holly Cheng,8097208ab03b745ad0040b0ccfdd7039b751ce77,1280,853,Category:Letter boxes in the United States
images/negative/commons_5202320.jpg,negative,mailbox,train,negative,0,commons,5202320,File:USPS Post office boxes 2.jpg,https://commons.wikimedia.org/wiki/File:USPS_Post_office_boxes_2.jpg,https://upload.wikimedia.org/wikipedia/commons/3/30/USPS_Post_office_boxes_2.jpg?utm_source=commons.wikimedia.org&utm_campaign=imageinfo&utm_content=original,CC BY-SA 3.0,,https://creativecommons.org/licenses/by-sa/3.0,United States Postal Service,,Holly Cheng,commons:Holly Cheng,6ea333b951eee81d366a1ae9e2cef7839eaf3251,1280,853,Category:Letter boxes in the United States
images/negative/commons_52513489.jpg,negative,air_conditioner_condenser,train,negative,0,commons,52513489,File:Jeep Wrangler Rubicon Montpelier VT October 2016.jpg,https://commons.wikimedia.org/wiki/File:Jeep_Wrangler_Rubicon_Montpelier_VT_October_2016.jpg,https://upload.wikimedia.org/wikipedia/commons/d/dc/Jeep_Wrangler_Rubicon_Montpelier_VT_October_2016.jpg?utm_source=commons.wikimedia.org&utm_campaign=imageinfo&utm_content=original,CC BY-SA 3.0,,https://creativecommons.org/licenses/by-sa/3.0,Artaxerxes,,Artaxerxes,commons:Artaxerxes,bd77de2e620068d7b94a99aba3b3ebb13928704b,768,1280,Category:Split type air conditioners - condenser in the United States
images/negative/commons_5430500.jpg,negative,mailbox,train,negative,0,commons,5430500,File:Support-our-troops.jpg,https://commons.wikimedia.org/wiki/File:Support-our-troops.jpg,https://upload.wikimedia.org/wikipedia/commons/0/00/Support-our-troops.jpg?utm_source=commons.wikimedia.org&utm_campaign=imageinfo&utm_content=original,CC BY-SA 3.0,,https://creativecommons.org/licenses/by-sa/3.0,N-Lange.de,,N-Lange.de,commons:N-Lange.de,2f1fb65f072b9ca275624adaaead30c362a273c8,1024,800,Category:Letter boxes in the United States
images/negative/commons_54478167.jpg,negative,pool_equipment,train,negative_flagged,0,commons,54478167,File:Pump building and tidal pool for the titanium and ilmenite mine - panoramio.jpg,https://commons.wikimedia.org/wiki/File:Pump_building_and_tidal_pool_for_the_titanium_and_ilmenite_mine_-_panoramio.jpg,https://upload.wikimedia.org/wikipedia/commons/1/1a/Pump_building_and_tidal_pool_for_the_titanium_and_ilmenite_mine_-_panoramio.jpg?utm_source=commons.wikimedia.org&utm_campaign=imageinfo&utm_content=original,CC BY 3.0,,https://creativecommons.org/licenses/by/3.0,~ souTH AFRica ~,,Panoramio upload bot,commons:Panoramio upload bot,2b1bde513bfae13ce36596b084b41d8e8025a1f8,1280,887,search:pool pump
images/negative/commons_5527087.jpg,negative,pool_equipment,train,negative_flagged,0,commons,5527087,File:Schwimmbadpumpe IMGP6571.jpg,https://commons.wikimedia.org/wiki/File:Schwimmbadpumpe_IMGP6571.jpg,https://upload.wikimedia.org/wikipedia/commons/0/0c/Schwimmbadpumpe_IMGP6571.jpg?utm_source=commons.wikimedia.org&utm_campaign=imageinfo&utm_content=original,GFDL 1.2,,http://www.gnu.org/licenses/old-licenses/fdl-1.2.html,Johann H. Addicks - addicks@gmx.net,,-jha-,commons:-jha-,f2e179c96e828b8b28418b4fd79775c242f6bede,851,1280,search:pool pump
images/negative/commons_55875167.jpg,negative,water_meter,train,negative,0,commons,55875167,File:05312jfManggahan Santa Cruz Santa Maria Bulacan Chapel Municipal Roadfvf 26.jpg,https://commons.wikimedia.org/wiki/File:05312jfManggahan_Santa_Cruz_Santa_Maria_Bulacan_Chapel_Municipal_Roadfvf_26.jpg,https://upload.wikimedia.org/wikipedia/commons/0/03/05312jfManggahan_Santa_Cruz_Santa_Maria_Bulacan_Chapel_Municipal_Roadfvf_26.jpg?utm_source=commons.wikimedia.org&utm_campaign=imageinfo&utm_content=original,CC0,,http://creativecommons.org/publicdomain/zero/1.0/deed.en,Judgefloro,,Judgefloro,commons:Judgefloro,1b58863d719960cd309dd37586590bfa75ee2f6d,1280,960,Category:Water meters
images/negative/commons_55875168.jpg,negative,water_meter,train,negative_flagged,0,commons,55875168,File:05312jfManggahan Santa Cruz Santa Maria Bulacan Chapel Municipal Roadfvf 27.jpg,https://commons.wikimedia.org/wiki/File:05312jfManggahan_Santa_Cruz_Santa_Maria_Bulacan_Chapel_Municipal_Roadfvf_27.jpg,https://upload.wikimedia.org/wikipedia/commons/7/72/05312jfManggahan_Santa_Cruz_Santa_Maria_Bulacan_Chapel_Municipal_Roadfvf_27.jpg?utm_source=commons.wikimedia.org&utm_campaign=imageinfo&utm_content=original,CC0,,http://creativecommons.org/publicdomain/zero/1.0/deed.en,Judgefloro,,Judgefloro,commons:Judgefloro,e9851a25ca42294e1ee003dc69adef3925e98835,1280,960,Category:Water meters
images/negative/commons_58219121.jpg,negative,hose_bib,train,negative,0,commons,58219121,"File:Dülmen, Rathaus, Waschbecken in der 1. Etage -- 2017 -- 9747.jpg","https://commons.wikimedia.org/wiki/File:D%C3%BClmen,_Rathaus,_Waschbecken_in_der_1._Etage_--_2017_--_9747.jpg",https://upload.wikimedia.org/wikipedia/commons/1/15/D%C3%BClmen%2C_Rathaus%2C_Waschbecken_in_der_1._Etage_--_2017_--_9747.jpg?utm_source=commons.wikimedia.org&utm_campaign=imageinfo&utm_content=original,CC BY-SA 4.0,,https://creativecommons.org/licenses/by-sa/4.0,Dietmar Rabich,,XRay,commons:XRay,bda4ef7b13f3cbeafdf66eeda5b26d288c2e1465,960,1200,search:hose bib
images/negative/commons_58219126.jpg,negative,hose_bib,train,negative,0,commons,58219126,"File:Dülmen, Rathaus, Waschbecken in der 1. Etage -- 2017 -- 9748.jpg","https://commons.wikimedia.org/wiki/File:D%C3%BClmen,_Rathaus,_Waschbecken_in_der_1._Etage_--_2017_--_9748.jpg",https://upload.wikimedia.org/wikipedia/commons/d/db/D%C3%BClmen%2C_Rathaus%2C_Waschbecken_in_der_1._Etage_--_2017_--_9748.jpg?utm_source=commons.wikimedia.org&utm_campaign=imageinfo&utm_content=original,CC BY-SA 4.0,,https://creativecommons.org/licenses/by-sa/4.0,Dietmar Rabich,,XRay,commons:XRay,880639b511a32e66326a1ce4d150c5fce74d801e,853,1280,search:hose bib
images/negative/commons_58219133.jpg,negative,hose_bib,train,negative,0,commons,58219133,"File:Dülmen, Rathaus, Waschbecken in der 1. Etage -- 2017 -- 9752.jpg","https://commons.wikimedia.org/wiki/File:D%C3%BClmen,_Rathaus,_Waschbecken_in_der_1._Etage_--_2017_--_9752.jpg",https://upload.wikimedia.org/wikipedia/commons/4/43/D%C3%BClmen%2C_Rathaus%2C_Waschbecken_in_der_1._Etage_--_2017_--_9752.jpg?utm_source=commons.wikimedia.org&utm_campaign=imageinfo&utm_content=original,CC BY-SA 4.0,,https://creativecommons.org/licenses/by-sa/4.0,Dietmar Rabich,,XRay,commons:XRay,6dd882217aebdb2d73fafc2b4d45a02ec2285ed8,853,1280,search:hose bib
images/negative/commons_58219135.jpg,negative,hose_bib,train,negative,0,commons,58219135,"File:Dülmen, Rathaus, Waschbecken in der 2. Etage -- 2017 -- 9697.jpg","https://commons.wikimedia.org/wiki/File:D%C3%BClmen,_Rathaus,_Waschbecken_in_der_2._Etage_--_2017_--_9697.jpg",https://upload.wikimedia.org/wikipedia/commons/c/ce/D%C3%BClmen%2C_Rathaus%2C_Waschbecken_in_der_2._Etage_--_2017_--_9697.jpg?utm_source=commons.wikimedia.org&utm_campaign=imageinfo&utm_content=original,CC BY-SA 4.0,,https://creativecommons.org/licenses/by-sa/4.0,Dietmar Rabich,,XRay,commons:XRay,905c70fabad2a96f55556cc82ea2b774e07cbf41,853,1280,search:hose bib
images/negative/commons_60275947.jpg,negative,hose_bib,train,negative,0,commons,60275947,"File:Dülmen, Rathaus, Waschbecken in der 1. Etage -- 2017 -- 0549.jpg","https://commons.wikimedia.org/wiki/File:D%C3%BClmen,_Rathaus,_Waschbecken_in_der_1._Etage_--_2017_--_0549.jpg",https://upload.wikimedia.org/wikipedia/commons/e/ee/D%C3%BClmen%2C_Rathaus%2C_Waschbecken_in_der_1._Etage_--_2017_--_0549.jpg?utm_source=commons.wikimedia.org&utm_campaign=imageinfo&utm_content=original,CC BY-SA 4.0,,https://creativecommons.org/licenses/by-sa/4.0,Dietmar Rabich,,XRay,commons:XRay,e32fcb95a5815e2de84cb66e39544ace6950841d,853,1280,search:hose bib
images/negative/commons_60275973.jpg,negative,hose_bib,train,negative,0,commons,60275973,"File:Dülmen, Rathaus, Waschbecken in der 1. Etage -- 2017 -- 0553.jpg","https://commons.wikimedia.org/wiki/File:D%C3%BClmen,_Rathaus,_Waschbecken_in_der_1._Etage_--_2017_--_0553.jpg",https://upload.wikimedia.org/wikipedia/commons/2/2f/D%C3%BClmen%2C_Rathaus%2C_Waschbecken_in_der_1._Etage_--_2017_--_0553.jpg?utm_source=commons.wikimedia.org&utm_campaign=imageinfo&utm_content=original,CC BY-SA 4.0,,https://creativecommons.org/licenses/by-sa/4.0,Dietmar Rabich,,XRay,commons:XRay,6e4e93ac9f7fab4ecd0193727fffb5c68305bedd,640,1280,search:hose bib
images/negative/commons_60276013.jpg,negative,hose_bib,train,negative,0,commons,60276013,"File:Dülmen, Rathaus, Waschbecken in der 1. Etage -- 2017 -- 0556.jpg","https://commons.wikimedia.org/wiki/File:D%C3%BClmen,_Rathaus,_Waschbecken_in_der_1._Etage_--_2017_--_0556.jpg",https://upload.wikimedia.org/wikipedia/commons/8/8a/D%C3%BClmen%2C_Rathaus%2C_Waschbecken_in_der_1._Etage_--_2017_--_0556.jpg?utm_source=commons.wikimedia.org&utm_campaign=imageinfo&utm_content=original,CC BY-SA 4.0,,https://creativecommons.org/licenses/by-sa/4.0,Dietmar Rabich,,XRay,commons:XRay,ee38cc362c1c39950f413385d5d69e5655583018,853,1280,search:hose bib
images/negative/commons_60276025.jpg,negative,hose_bib,train,negative,0,commons,60276025,"File:Dülmen, Rathaus, Waschbecken in der 1. Etage -- 2017 -- 0557.jpg","https://commons.wikimedia.org/wiki/File:D%C3%BClmen,_Rathaus,_Waschbecken_in_der_1._Etage_--_2017_--_0557.jpg",https://upload.wikimedia.org/wikipedia/commons/9/93/D%C3%BClmen%2C_Rathaus%2C_Waschbecken_in_der_1._Etage_--_2017_--_0557.jpg?utm_source=commons.wikimedia.org&utm_campaign=imageinfo&utm_content=original,CC BY-SA 4.0,,https://creativecommons.org/licenses/by-sa/4.0,Dietmar Rabich,,XRay,commons:XRay,2d46869cefcc5f517bea514953e61702e93e3337,853,1280,search:hose bib
images/negative/commons_60276046.jpg,negative,hose_bib,train,negative,0,commons,60276046,"File:Dülmen, Rathaus, Waschbecken in der 1. Etage -- 2017 -- 0558.jpg","https://commons.wikimedia.org/wiki/File:D%C3%BClmen,_Rathaus,_Waschbecken_in_der_1._Etage_--_2017_--_0558.jpg",https://upload.wikimedia.org/wikipedia/commons/a/a2/D%C3%BClmen%2C_Rathaus%2C_Waschbecken_in_der_1._Etage_--_2017_--_0558.jpg?utm_source=commons.wikimedia.org&utm_campaign=imageinfo&utm_content=original,CC BY-SA 4.0,,https://creativecommons.org/licenses/by-sa/4.0,Dietmar Rabich,,XRay,commons:XRay,c10dfc581210f16ba18e7da8aec0d8fe9346313b,853,1280,search:hose bib
images/negative/commons_60276107.jpg,negative,hose_bib,train,negative,0,commons,60276107,"File:Dülmen, Rathaus, Waschbecken in der 1. Etage -- 2017 -- 0560.jpg","https://commons.wikimedia.org/wiki/File:D%C3%BClmen,_Rathaus,_Waschbecken_in_der_1._Etage_--_2017_--_0560.jpg",https://upload.wikimedia.org/wikipedia/commons/e/e6/D%C3%BClmen%2C_Rathaus%2C_Waschbecken_in_der_1._Etage_--_2017_--_0560.jpg?utm_source=commons.wikimedia.org&utm_campaign=imageinfo&utm_content=original,CC BY-SA 4.0,,https://creativecommons.org/licenses/by-sa/4.0,Dietmar Rabich,,XRay,commons:XRay,345747de392737dfe05a2b60bb9b52bbe7a30c42,853,1280,search:hose bib
images/negative/commons_61527770.jpg,negative,pool_equipment,train,negative_flagged,0,commons,61527770,"File:Natural swimming pool in Litovel, pump.jpg","https://commons.wikimedia.org/wiki/File:Natural_swimming_pool_in_Litovel,_pump.jpg",https://upload.wikimedia.org/wikipedia/commons/3/38/Natural_swimming_pool_in_Litovel%2C_pump.jpg?utm_source=commons.wikimedia.org&utm_campaign=imageinfo&utm_content=original,CC BY-SA 4.0,,https://creativecommons.org/licenses/by-sa/4.0,Iveta Drábková,,Iveta Drábková,commons:Iveta Drábková,8fa3f5c14d016489bb5ac89dfde15368f1504b7d,1280,960,search:pool pump
images/negative/commons_6286401.jpg,negative,water_meter,train,negative,0,commons,6286401,File:2009-03-20 Submerged water meter in Durham.jpg,https://commons.wikimedia.org/wiki/File:2009-03-20_Submerged_water_meter_in_Durham.jpg,https://upload.wikimedia.org/wikipedia/commons/e/eb/2009-03-20_Submerged_water_meter_in_Durham.jpg?utm_source=commons.wikimedia.org&utm_campaign=imageinfo&utm_content=original,CC BY-SA 4.0,,https://creativecommons.org/licenses/by-sa/4.0,Ildar Sagdejev (Specious),,Specious,commons:Specious,bb79e1c1fe4cfaad223b102da460c16fda09ad03,853,1280,Category:Water meters
images/negative/commons_63466039.jpg,negative,hose_bib,train,negative,0,commons,63466039,File:Woman Working.jpg,https://commons.wikimedia.org/wiki/File:Woman_Working.jpg,https://upload.wikimedia.org/wikipedia/commons/1/11/Woman_Working.jpg?utm_source=commons.wikimedia.org&utm_campaign=imageinfo&utm_content=original,CC BY-SA 4.0,,https://creativecommons.org/licenses/by-sa/4.0,Osaba Gerald,,Osaba Gerald,commons:Osaba Gerald,96238b79262c540441a98c9252ebc225548f30fa,1280,853,search:hose bib
images/negative/commons_63466042.jpg,negative,hose_bib,train,negative,0,commons,63466042,File:Njombe Woman Working.jpg,https://commons.wikimedia.org/wiki/File:Njombe_Woman_Working.jpg,https://upload.wikimedia.org/wikipedia/commons/d/d5/Njombe_Woman_Working.jpg?utm_source=commons.wikimedia.org&utm_campaign=imageinfo&utm_content=original,CC BY-SA 4.0,,https://creativecommons.org/licenses/by-sa/4.0,Osaba Gerald,,Osaba Gerald,commons:Osaba Gerald,74d4e95169da5514f666925b98b01b82ee2317a5,1280,853,search:hose bib
images/negative/commons_63466045.jpg,negative,hose_bib,train,negative,0,commons,63466045,File:Town Njombe Woman Working.jpg,https://commons.wikimedia.org/wiki/File:Town_Njombe_Woman_Working.jpg,https://upload.wikimedia.org/wikipedia/commons/a/a5/Town_Njombe_Woman_Working.jpg?utm_source=commons.wikimedia.org&utm_campaign=imageinfo&utm_content=original,CC BY-SA 4.0,,https://creativecommons.org/licenses/by-sa/4.0,Osaba Gerald,,Osaba Gerald,commons:Osaba Gerald,e72cafec2fabdff77aaa1e3400d8f61aa03f1243,1280,853,search:hose bib
images/negative/commons_6652824.jpg,negative,air_conditioner_condenser,train,negative,0,commons,6652824,File:Northeastern University - air conditioner.JPG,https://commons.wikimedia.org/wiki/File:Northeastern_University_-_air_conditioner.JPG,https://upload.wikimedia.org/wikipedia/commons/e/e6/Northeastern_University_-_air_conditioner.JPG?utm_source=commons.wikimedia.org&utm_campaign=imageinfo&utm_content=original,CC BY-SA 3.0,,https://creativecommons.org/licenses/by-sa/3.0,myself (User:Piotrus),,Piotrus,commons:Piotrus,a77cc90b2a9f9447ce72170bd1948c32487c9890,1280,960,Category:Split type air conditioners - condenser in the United States
images/negative/commons_67352957.jpg,negative,air_conditioner_condenser,train,negative_flagged,0,commons,67352957,"File:Installation of copper piping for the air handling units located on the roof of the 50th Street ventilation facility. (CM014B, 2-05-2018) (39274448155).jpg","https://commons.wikimedia.org/wiki/File:Installation_of_copper_piping_for_the_air_handling_units_located_on_the_roof_of_the_50th_Street_ventilation_facility._(CM014B,_2-05-2018)_(39274448155).jpg",https://upload.wikimedia.org/wikipedia/commons/d/d0/Installation_of_copper_piping_for_the_air_handling_units_located_on_the_roof_of_the_50th_Street_ventilation_facility._%28CM014B%2C_2-05-2018%29_%2839274448155%29.jpg?utm_source=commons.wikimedia.org&utm_campaign=imageinfo&utm_content=original,CC BY 2.0,,https://creativecommons.org/licenses/by/2.0,MTA Capital Construction Mega Projects,,Epicgenius,commons:Epicgenius,09d2f0bc002213a4996a13fb62b71561625db08a,1280,960,Category:Split type air conditioners - condenser in the United States
images/negative/commons_67352958.jpg,negative,air_conditioner_condenser,train,negative_flagged,0,commons,67352958,"File:Installation of copper piping for the air handling units located on the roof of the 50th Street ventilation facility. (CM014B, 2-06-2018) (40173012651).jpg","https://commons.wikimedia.org/wiki/File:Installation_of_copper_piping_for_the_air_handling_units_located_on_the_roof_of_the_50th_Street_ventilation_facility._(CM014B,_2-06-2018)_(40173012651).jpg",https://upload.wikimedia.org/wikipedia/commons/6/64/Installation_of_copper_piping_for_the_air_handling_units_located_on_the_roof_of_the_50th_Street_ventilation_facility._%28CM014B%2C_2-06-2018%29_%2840173012651%29.jpg?utm_source=commons.wikimedia.org&utm_campaign=imageinfo&utm_content=original,CC BY 2.0,,https://creativecommons.org/licenses/by/2.0,MTA Capital Construction Mega Projects,,Epicgenius,commons:Epicgenius,aeb19e1ebd3f212a0307ef4fda902e1b6a4576da,1280,960,Category:Split type air conditioners - condenser in the United States
images/negative/commons_67812124.jpg,negative,hose_bib,train,negative,0,commons,67812124,"File:Bredevoort (NL), Markt, Wasserpumpe -- 2018 -- 1838.jpg","https://commons.wikimedia.org/wiki/File:Bredevoort_(NL),_Markt,_Wasserpumpe_--_2018_--_1838.jpg",https://upload.wikimedia.org/wikipedia/commons/f/f1/Bredevoort_%28NL%29%2C_Markt%2C_Wasserpumpe_--_2018_--_1838.jpg?utm_source=commons.wikimedia.org&utm_campaign=imageinfo&utm_content=original,CC BY-SA 4.0,,https://creativecommons.org/licenses/by-sa/4.0,Dietmar Rabich,,XRay,commons:XRay,b13edfd16d6ce025dca7a03830597297f95a7587,1280,853,search:hose bib
images/negative/commons_67812129.jpg,negative,hose_bib,train,negative_flagged,0,commons,67812129,"File:Bredevoort (NL), Markt, Wasserpumpe -- 2018 -- 1839.jpg","https://commons.wikimedia.org/wiki/File:Bredevoort_(NL),_Markt,_Wasserpumpe_--_2018_--_1839.jpg",https://upload.wikimedia.org/wikipedia/commons/b/b9/Bredevoort_%28NL%29%2C_Markt%2C_Wasserpumpe_--_2018_--_1839.jpg?utm_source=commons.wikimedia.org&utm_campaign=imageinfo&utm_content=original,CC BY-SA 4.0,,https://creativecommons.org/licenses/by-sa/4.0,Dietmar Rabich,,XRay,commons:XRay,22b6aa0247a73c9dd6f5cb38539779a1c407d166,853,1280,search:hose bib
images/negative/commons_68478319.jpg,negative,air_conditioner_condenser,val,negative,0,commons,68478319,File:Mineola Memorial Pk td 104 - Auxiliary Police.jpg,https://commons.wikimedia.org/wiki/File:Mineola_Memorial_Pk_td_104_-_Auxiliary_Police.jpg,https://upload.wikimedia.org/wikipedia/commons/5/56/Mineola_Memorial_Pk_td_104_-_Auxiliary_Police.jpg?utm_source=commons.wikimedia.org&utm_campaign=imageinfo&utm_content=original,CC BY-SA 4.0,,https://creativecommons.org/licenses/by-sa/4.0,Tdorante10,,Tdorante10,commons:Tdorante10,d6d87650f4b886a21b30d1aae8e2bcf309e0623c,1280,853,Category:Split type air conditioners - condenser in the United States
images/negative/commons_73597261.jpg,negative,hose_bib,train,negative_flagged,0,commons,73597261,"File:Korfu (GR), Sfakera, Roda -- 2018 -- 1362.jpg","https://commons.wikimedia.org/wiki/File:Korfu_(GR),_Sfakera,_Roda_--_2018_--_1362.jpg",https://upload.wikimedia.org/wikipedia/commons/6/6b/Korfu_%28GR%29%2C_Sfakera%2C_Roda_--_2018_--_1362.jpg?utm_source=commons.wikimedia.org&utm_campaign=imageinfo&utm_content=original,CC BY-SA 4.0,,https://creativecommons.org/licenses/by-sa/4.0,Dietmar Rabich,,XRay,commons:XRay,828ef2e596cb03fbdc0a83f137f8cc2a6bec9b54,1280,1280,search:hose bib
images/negative/commons_73753265.jpg,negative,pool_equipment,val,negative_flagged,0,commons,73753265,File:East Pool Mine Taylor Shaft pump lever.jpg,https://commons.wikimedia.org/wiki/File:East_Pool_Mine_Taylor_Shaft_pump_lever.jpg,https://upload.wikimedia.org/wikipedia/commons/1/1a/East_Pool_Mine_Taylor_Shaft_pump_lever.jpg?utm_source=commons.wikimedia.org&utm_campaign=imageinfo&utm_content=original,CC BY-SA 4.0,,https://creativecommons.org/licenses/by-sa/4.0,Geertivp,,Geertivp,commons:Geertivp,d146be0a54d1ace3155533aa808ddb0e4e9e4fbc,1280,720,search:pool pump
images/negative/commons_73753532.jpg,negative,pool_equipment,val,negative,0,commons,73753532,File:East Pool Mine Taylor's Shaft pump piston.jpg,https://commons.wikimedia.org/wiki/File:East_Pool_Mine_Taylor%27s_Shaft_pump_piston.jpg,https://upload.wikimedia.org/wikipedia/commons/3/39/East_Pool_Mine_Taylor%27s_Shaft_pump_piston.jpg?utm_source=commons.wikimedia.org&utm_campaign=imageinfo&utm_content=original,CC BY-SA 4.0,,https://creativecommons.org/licenses/by-sa/4.0,Geertivp,,Geertivp,commons:Geertivp,a8ab42cbf757d2095508a27b3c0ff0f6c4a3be3c,720,1280,search:pool pump
images/negative/commons_73782164.jpg,negative,pool_equipment,val,negative,0,commons,73782164,File:East Pool mine Michell pumping station.jpg,https://commons.wikimedia.org/wiki/File:East_Pool_mine_Michell_pumping_station.jpg,https://upload.wikimedia.org/wikipedia/commons/d/df/East_Pool_mine_Michell_pumping_station.jpg?utm_source=commons.wikimedia.org&utm_campaign=imageinfo&utm_content=original,CC BY-SA 4.0,,https://creativecommons.org/licenses/by-sa/4.0,Geertivp,,Geertivp,commons:Geertivp,4cc9a1b9b801adb576f8df08691aeb2920ae9e69,720,1280,search:pool pump
images/negative/commons_7589210.jpg,negative,mailbox,train,negative,0,commons,7589210,File:Decorated mailbox.jpg,https://commons.wikimedia.org/wiki/File:Decorated_mailbox.jpg,https://upload.wikimedia.org/wikipedia/commons/a/a8/Decorated_mailbox.jpg?utm_source=commons.wikimedia.org&utm_campaign=imageinfo&utm_content=original,CC BY-SA 3.0,,https://creativecommons.org/licenses/by-sa/3.0,J.smith,,J.smith,commons:J.smith,00e34e71b91891d4768913ca85990f232d57567b,1280,773,Category:Letter boxes in the United States
images/negative/commons_77133519.jpg,negative,hose_bib,val,negative,0,commons,77133519,File:Tanzanian child Playing with water by Rasheedhrasheed 01.jpg,https://commons.wikimedia.org/wiki/File:Tanzanian_child_Playing_with_water_by_Rasheedhrasheed_01.jpg,https://upload.wikimedia.org/wikipedia/commons/0/05/Tanzanian_child_Playing_with_water_by_Rasheedhrasheed_01.jpg?utm_source=commons.wikimedia.org&utm_campaign=imageinfo&utm_content=original,CC BY-SA 4.0,,https://creativecommons.org/licenses/by-sa/4.0,Rasheedhrasheed,,Rasheedhrasheed,commons:Rasheedhrasheed,485a046225922f67a5152a2ae90dc90dc3c32dbe,1280,854,search:hose bib
images/negative/commons_77990764.jpg,negative,pool_equipment,val,negative,0,commons,77990764,File:Sacrifice block in the engine house of Taylor's Shaft East Pool mine.jpg,https://commons.wikimedia.org/wiki/File:Sacrifice_block_in_the_engine_house_of_Taylor%27s_Shaft_East_Pool_mine.jpg,https://upload.wikimedia.org/wikipedia/commons/8/88/Sacrifice_block_in_the_engine_house_of_Taylor%27s_Shaft_East_Pool_mine.jpg?utm_source=commons.wikimedia.org&utm_campaign=imageinfo&utm_content=original,CC BY-SA 4.0,,https://creativecommons.org/licenses/by-sa/4.0,Geertivp,,Geertivp,commons:Geertivp,346277ed66770bd8411b28bc81d758b9dc22d6ed,1280,720,search:pool pump
images/negative/commons_8061724.jpg,negative,air_conditioner_condenser,train,negative_flagged,0,commons,8061724,File:FEMA - 290 - Hazard Mitigation - raised Lennox air conditioning unit.jpg,https://commons.wikimedia.org/wiki/File:FEMA_-_290_-_Hazard_Mitigation_-_raised_Lennox_air_conditioning_unit.jpg,https://upload.wikimedia.org/wikipedia/commons/1/12/FEMA_-_290_-_Hazard_Mitigation_-_raised_Lennox_air_conditioning_unit.jpg?utm_source=commons.wikimedia.org&utm_campaign=imageinfo&utm_content=original,Public domain,,,Dave Gatley,,BotMultichill,commons:BotMultichill,ee38a588bda75370586c94bf63d0e2625163f187,896,1280,Category:Split type air conditioners - condenser in the United States
images/negative/commons_8086769.jpg,negative,air_conditioner_condenser,train,negative,0,commons,8086769,File:FEMA - 14188 - Photograph by Mark Wolfe taken on 07-26-2005 in Alabama.jpg,https://commons.wikimedia.org/wiki/File:FEMA_-_14188_-_Photograph_by_Mark_Wolfe_taken_on_07-26-2005_in_Alabama.jpg,https://upload.wikimedia.org/wikipedia/commons/4/47/FEMA_-_14188_-_Photograph_by_Mark_Wolfe_taken_on_07-26-2005_in_Alabama.jpg?utm_source=commons.wikimedia.org&utm_campaign=imageinfo&utm_content=original,Public domain,,,Mark Wolfe,,BotMultichillT,commons:BotMultichillT,12f56ac26a6c0cf9f940af0c38bd3fc39e335ee0,851,1280,Category:Split type air conditioners - condenser in the United States
images/negative/commons_83175168.jpg,negative,pool_equipment,val,negative,0,commons,83175168,File:Jerusalem-Mamila-KTM-1281.jpg,https://commons.wikimedia.org/wiki/File:Jerusalem-Mamila-KTM-1281.jpg,https://upload.wikimedia.org/wikipedia/commons/7/79/Jerusalem-Mamila-KTM-1281.jpg?utm_source=commons.wikimedia.org&utm_campaign=imageinfo&utm_content=original,CC BY 4.0,,https://creativecommons.org/licenses/by/4.0,Bukvoed,,Bukvoed,commons:Bukvoed,77dd1cda2d8af5668cc1ecbab3ec51910b03741d,1280,853,search:pool pump
images/negative/commons_83175171.jpg,negative,pool_equipment,val,negative,0,commons,83175171,File:Jerusalem-Mamila-KTM-1285.jpg,https://commons.wikimedia.org/wiki/File:Jerusalem-Mamila-KTM-1285.jpg,https://upload.wikimedia.org/wikipedia/commons/d/da/Jerusalem-Mamila-KTM-1285.jpg?utm_source=commons.wikimedia.org&utm_campaign=imageinfo&utm_content=original,CC BY 4.0,,https://creativecommons.org/licenses/by/4.0,Bukvoed,,Bukvoed,commons:Bukvoed,ff00b6d1c7165fba9a5ccbc03a7c493f99d18650,1280,1044,search:pool pump
images/negative/commons_8344208.jpg,negative,electrical_junction_box,train,negative,0,commons,8344208,File:Cable junction box for maintaining electrical functional integrity according to DIN 4102 Part 12.JPG,https://commons.wikimedia.org/wiki/File:Cable_junction_box_for_maintaining_electrical_functional_integrity_according_to_DIN_4102_Part_12.JPG,https://upload.wikimedia.org/wikipedia/commons/d/d7/Cable_junction_box_for_maintaining_electrical_functional_integrity_according_to_DIN_4102_Part_12.JPG?utm_source=commons.wikimedia.org&utm_campaign=imageinfo&utm_content=original,CC BY 2.5,,https://creativecommons.org/licenses/by/2.5,S.J. de Waard,,Stunteltje,commons:Stunteltje,b9a27eab4682b83b03d1e99069c2d6819a308e9b,1280,962,search:junction box electrical
images/negative/commons_8925667.jpg,negative,mailbox,train,negative,0,commons,8925667,File:Albion post office interior boxes.JPG,https://commons.wikimedia.org/wiki/File:Albion_post_office_interior_boxes.JPG,https://upload.wikimedia.org/wikipedia/commons/4/46/Albion_post_office_interior_boxes.JPG?utm_source=commons.wikimedia.org&utm_campaign=imageinfo&utm_content=original,Public domain,,,Ammodramus,,Ammodramus,commons:Ammodramus,a93fdca2580a77343ac7a00e08a375777d712e6c,960,1225,Category:Letter boxes in the United States
images/negative/commons_9013892.jpg,negative,electrical_junction_box,train,negative_flagged,0,commons,9013892,File:Conduit junction boxes.jpg,https://commons.wikimedia.org/wiki/File:Conduit_junction_boxes.jpg,https://upload.wikimedia.org/wikipedia/commons/e/e7/Conduit_junction_boxes.jpg?utm_source=commons.wikimedia.org&utm_campaign=imageinfo&utm_content=original,CC BY 3.0,,https://creativecommons.org/licenses/by/3.0,Achim Hering,,Achim Hering,commons:Achim Hering,2ef4ea922728815b04a4874014fdd0066529af03,960,1280,search:junction box electrical
images/negative/commons_9039918.jpg,negative,mailbox,train,negative,0,commons,9039918,"File:Holdrege, Nebraska post office - Mail Worked lamp.JPG","https://commons.wikimedia.org/wiki/File:Holdrege,_Nebraska_post_office_-_Mail_Worked_lamp.JPG",https://upload.wikimedia.org/wikipedia/commons/f/f9/Holdrege%2C_Nebraska_post_office_-_Mail_Worked_lamp.JPG?utm_source=commons.wikimedia.org&utm_campaign=imageinfo&utm_content=original,Public domain,,,Ammodramus,,Ammodramus,commons:Ammodramus,d2a5c3458db74e933a2e8671b3c7ab2b4cfa2e73,1280,938,Category:Letter boxes in the United States
images/negative/commons_9039926.jpg,negative,mailbox,train,negative,0,commons,9039926,"File:Holdrege, Nebraska post office - Working Mail lamp.JPG","https://commons.wikimedia.org/wiki/File:Holdrege,_Nebraska_post_office_-_Working_Mail_lamp.JPG",https://upload.wikimedia.org/wikipedia/commons/1/19/Holdrege%2C_Nebraska_post_office_-_Working_Mail_lamp.JPG?utm_source=commons.wikimedia.org&utm_campaign=imageinfo&utm_content=original,Public domain,,,Ammodramus,,Ammodramus,commons:Ammodramus,56223d9ceb5aca473eec9562fcde3ba3580bd19c,1280,944,Category:Letter boxes in the United States
images/negative/commons_9039991.jpg,negative,mailbox,train,negative,0,commons,9039991,"File:Holdrege, Nebraska post office mailboxes.JPG","https://commons.wikimedia.org/wiki/File:Holdrege,_Nebraska_post_office_mailboxes.JPG",https://upload.wikimedia.org/wikipedia/commons/d/db/Holdrege%2C_Nebraska_post_office_mailboxes.JPG?utm_source=commons.wikimedia.org&utm_campaign=imageinfo&utm_content=original,Public domain,,,Ammodramus,,Ammodramus,commons:Ammodramus,69ff41dbf84d33bedbc53b9a6ddbe15adf832774,1280,960,Category:Letter boxes in the United States
images/negative/commons_9097510.jpg,negative,hose_bib,train,negative,0,commons,9097510,File:Tap-jig-torneira.JPG,https://commons.wikimedia.org/wiki/File:Tap-jig-torneira.JPG,https://upload.wikimedia.org/wikipedia/commons/6/68/Tap-jig-torneira.JPG?utm_source=commons.wikimedia.org&utm_campaign=imageinfo&utm_content=original,Public domain,,,Onjacktallcuca,,Onjacktallcuca,commons:Onjacktallcuca,58c3d24e91f7e8c82380e951e8ca3ebd14898955,1280,960,search:hose bib
images/negative/commons_9220151.jpg,negative,telecom_box,train,negative,0,commons,9220151,"File:Telephone box and postbox at a junction in Newtown, New Forest - geograph.org.uk - 94177.jpg","https://commons.wikimedia.org/wiki/File:Telephone_box_and_postbox_at_a_junction_in_Newtown,_New_Forest_-_geograph.org.uk_-_94177.jpg",https://upload.wikimedia.org/wikipedia/commons/8/83/Telephone_box_and_postbox_at_a_junction_in_Newtown%2C_New_Forest_-_geograph.org.uk_-_94177.jpg?utm_source=commons.wikimedia.org&utm_campaign=imageinfo&utm_content=original,CC BY-SA 2.0,,https://creativecommons.org/licenses/by-sa/2.0,Jim Champion,,GeographBot,commons:GeographBot,99619004f54f264ecf08b5f5dc834ce0d543b712,640,480,search:telephone junction box
images/negative/commons_9238697.jpg,negative,telecom_box,train,negative,0,commons,9238697,File:Telephone Box at Shulista road junction - geograph.org.uk - 129925.jpg,https://commons.wikimedia.org/wiki/File:Telephone_Box_at_Shulista_road_junction_-_geograph.org.uk_-_129925.jpg,https://upload.wikimedia.org/wikipedia/commons/b/b8/Telephone_Box_at_Shulista_road_junction_-_geograph.org.uk_-_129925.jpg?utm_source=commons.wikimedia.org&utm_campaign=imageinfo&utm_content=original,CC BY-SA 2.0,,https://creativecommons.org/licenses/by-sa/2.0,Dave Fergusson,,GeographBot,commons:GeographBot,48ec15e0eac5123a0678b4fad1f52c4090595acf,640,480,search:telephone junction box
images/negative/commons_9436967.jpg,negative,water_meter,train,negative,0,commons,9436967,File:Compteur de chantier 01.JPG,https://commons.wikimedia.org/wiki/File:Compteur_de_chantier_01.JPG,https://upload.wikimedia.org/wikipedia/commons/f/f8/Compteur_de_chantier_01.JPG?utm_source=commons.wikimedia.org&utm_campaign=imageinfo&utm_content=original,Public domain,,,Patschw,,Patschw~commonswiki,commons:Patschw~commonswiki,941d333bae6bd872e7fa7fe5fd748110d37362ae,959,1280,Category:Water meters
images/negative/commons_9461616.jpg,negative,air_conditioner_condenser,train,negative_flagged,0,commons,9461616,File:Rooftop AC units.jpg,https://commons.wikimedia.org/wiki/File:Rooftop_AC_units.jpg,https://upload.wikimedia.org/wikipedia/commons/8/87/Rooftop_AC_units.jpg?utm_source=commons.wikimedia.org&utm_campaign=imageinfo&utm_content=original,CC BY 2.0,,https://creativecommons.org/licenses/by/2.0,Bo Riser,,Flickr upload bot,commons:Flickr upload bot,da9488e449275f085fbf8e203b31ffc0bf7adedf,487,675,Category:Split type air conditioners - condenser in the United States
images/negative/commons_9679760.jpg,negative,electrical_junction_box,train,negative,0,commons,9679760,File:Exterior junction box 3.jpg,https://commons.wikimedia.org/wiki/File:Exterior_junction_box_3.jpg,https://upload.wikimedia.org/wikipedia/commons/2/24/Exterior_junction_box_3.jpg?utm_source=commons.wikimedia.org&utm_campaign=imageinfo&utm_content=original,CC BY 3.0,,https://creativecommons.org/licenses/by/3.0,Achim Hering,,Achim Hering,commons:Achim Hering,f15a605736f45031d218a7c2b4d6153385a272b7,600,800,search:junction box electrical
images/negative/openverse_0035a9b2b38949dea275f24a06b74d32.jpg,negative,pool_equipment,train,negative,0,openverse,0035a9b2-b389-49de-a275-f24a06b74d32,William Mullholand Memorial Fountain - Griffith Park,https://www.flickr.com/photos/12806074@N08/2825949528,https://live.staticflickr.com/3122/2825949528_d58c773aa6_b.jpg,by-sa,2.0,https://creativecommons.org/licenses/by-sa/2.0/,tkksummers,https://www.flickr.com/photos/12806074@N08,12806074@N08,flickr:12806074@N08,e9d9c799a6afc6a81ac81cfb41a8970aa5af20d2,768,1024,pool pump
images/negative/openverse_00b650c31eeb448bb063eb62ed7dc643.jpg,negative,pool_equipment,train,negative,0,openverse,00b650c3-1eeb-448b-b063-eb62ed7dc643,William Mullholand Memorial Fountain - Griffith Park,https://www.flickr.com/photos/12806074@N08/2825111537,https://live.staticflickr.com/3165/2825111537_f1f31e852b_b.jpg,by-sa,2.0,https://creativecommons.org/licenses/by-sa/2.0/,tkksummers,https://www.flickr.com/photos/12806074@N08,12806074@N08,flickr:12806074@N08,7a08cedb3c1aa37d8f17390fa426fde6ef3b8825,768,1024,pool pump
images/negative/openverse_01283b71a9b54e4e8e7374d98f8dfe94.jpg,negative,mailbox,train,negative,0,openverse,01283b71-a9b5-4e4e-8e73-74d98f8dfe94,Mailbox House Wall,https://www.flickr.com/photos/53313745@N00/4684121796,https://live.staticflickr.com/4038/4684121796_be4d779905_b.jpg,by,2.0,https://creativecommons.org/licenses/by/2.0/,cdsessums,https://www.flickr.com/photos/53313745@N00,53313745@N00,flickr:53313745@N00,c6c76f57e6d4c14bd22fe9c1000214157981a291,1024,802,mailbox house
images/negative/openverse_096a82e6b35c4f678a119b3adff9ab6f.jpg,negative,water_meter,train,negative,0,openverse,096a82e6-b35c-4f67-8a11-9b3adff9ab6f,Pumber with new water meter,https://www.flickr.com/photos/16935515@N00/12539920153,https://live.staticflickr.com/7379/12539920153_ac1c04f38e_b.jpg,by-sa,2.0,https://creativecommons.org/licenses/by-sa/2.0/,Julien Harneis,https://www.flickr.com/photos/16935515@N00,16935515@N00,flickr:16935515@N00,c8e7eab47f10826b4922ed0b5ea636c16e01d3a3,683,1024,water meter
images/negative/openverse_0c90f18ccf6349a5a2c7eacf32ad79d0.jpg,negative,water_meter,train,negative,0,openverse,0c90f18c-cf63-49a5-a2c7-eacf32ad79d0,water meter,https://www.flickr.com/photos/19752067@N00/1244320899,https://live.staticflickr.com/1173/1244320899_f4f116b669_b.jpg,by,2.0,https://creativecommons.org/licenses/by/2.0/,Slideshow Bruce,https://www.flickr.com/photos/19752067@N00,19752067@N00,flickr:19752067@N00,efd2b36c94daa217379869e1d466fa4be5cf56d9,1024,728,water meter
images/negative/openverse_0cac65c4252a49809b68507b322d2396.jpg,negative,telecom_box,train,negative,0,openverse,0cac65c4-252a-4980-9b68-507b322d2396,Samuel Beckett Bridge [ Open / Close Cycle],https://www.flickr.com/photos/80824546@N00/4693584217,https://live.staticflickr.com/4032/4693584217_3dc8e07f8c_b.jpg,by-sa,2.0,https://creativecommons.org/licenses/by-sa/2.0/,infomatique,https://www.flickr.com/photos/80824546@N00,80824546@N00,flickr:80824546@N00,65a7b148bcfd65dbe8d2d223430528937872cbaf,1024,683,cable box outside
images/negative/openverse_103cbf82a78346b982a4ebe3b27d2a63.jpg,negative,mailbox,val,negative,0,openverse,103cbf82-a783-46b9-82a4-ebe3b27d2a63,mailbox collection,https://www.flickr.com/photos/65636222@N05/8337014543,https://live.staticflickr.com/8357/8337014543_33d854d4bb_b.jpg,by-sa,2.0,https://creativecommons.org/licenses/by-sa/2.0/,beameir,https://www.flickr.com/photos/65636222@N05,65636222@N05,flickr:65636222@N05,6f359c720ee7dd0dd6bc10b1d10fd3cb10051752,1024,768,mailbox
images/negative/openverse_1224bae60b8e4a938656150372340828.jpg,negative,water_meter,val,negative_flagged,0,openverse,1224bae6-0b8e-4a93-8656-150372340828,Water Meter,https://www.flickr.com/photos/53332339@N00/48150821,https://live.staticflickr.com/26/48150821_e20598d96f_b.jpg,by-sa,2.0,https://creativecommons.org/licenses/by-sa/2.0/,Beige Alert,https://www.flickr.com/photos/53332339@N00,53332339@N00,flickr:53332339@N00,ffc79a09da74e09ce98979b75ad965a02401453b,1024,692,water meter
images/negative/openverse_12edca85c1ea403781fbcec26b576e71.jpg,negative,pool_equipment,train,negative,0,openverse,12edca85-c1ea-4037-81fb-cec26b576e71,William Mullholand Memorial Fountain - Griffith Park,https://www.flickr.com/photos/12806074@N08/2825108705,https://live.staticflickr.com/3137/2825108705_fcb9d70da8_b.jpg,by-sa,2.0,https://creativecommons.org/licenses/by-sa/2.0/,tkksummers,https://www.flickr.com/photos/12806074@N08,12806074@N08,flickr:12806074@N08,85ae445cf945f1e8c2ee86af93a15b9303c4d99c,1024,768,pool pump
images/negative/openverse_16c07df9cd1e48dfa892198001d95990.jpg,negative,hose_bib,train,negative,0,openverse,16c07df9-cd1e-48df-a892-198001d95990,DIY faucet handle,https://www.flickr.com/photos/60944636@N00/28320171604,https://live.staticflickr.com/8721/28320171604_2f3f24526b_b.jpg,by,2.0,https://creativecommons.org/licenses/by/2.0/,el cajon yacht club,https://www.flickr.com/photos/60944636@N00,60944636@N00,flickr:60944636@N00,d055ee2317a68e0eb51e50a347e6e94c8b80162a,1024,1024,hose bib
images/negative/openverse_177aedfb150e4c12b7b2a40564526761.jpg,negative,electrical_junction_box,val,negative,0,openverse,177aedfb-150e-4c12-b7b2-a40564526761,Inside Tollcross Junction Box,https://www.flickr.com/photos/20483509@N00/42476505,https://live.staticflickr.com/30/42476505_98bb45e4a2_b.jpg,by-sa,2.0,https://creativecommons.org/licenses/by-sa/2.0/,subberculture,https://www.flickr.com/photos/20483509@N00,20483509@N00,flickr:20483509@N00,1115457da7edf5bf2fdfef96390171577147a9ef,1024,768,junction box
images/negative/openverse_198a2e12798c4e259602c47ed80fe4d5.jpg,negative,air_conditioner_condenser,train,negative,0,openverse,198a2e12-798c-4e25-9602-c47ed80fe4d5,Blue Angels Monument (66/365),https://www.flickr.com/photos/9297241@N02/52738379399,https://live.staticflickr.com/65535/52738379399_cf12a5bb0d_b.jpg,by,2.0,https://creativecommons.org/licenses/by/2.0/,aparlette,https://www.flickr.com/photos/9297241@N02,9297241@N02,flickr:9297241@N02,b9ffbbc820887ec151d06361ec6159fff4e87368,1024,683,ac unit outside
images/negative/openverse_1b07c1cb4df14fe2a05fff1fbf1ca982.jpg,negative,air_conditioner_condenser,val,negative,0,openverse,1b07c1cb-4df1-4fe2-a05f-ff1fbf1ca982,מזגנים,https://www.flickr.com/photos/29001414@N00/7184184383,https://live.staticflickr.com/8012/7184184383_be7ba014d0_b.jpg,by,2.0,https://creativecommons.org/licenses/by/2.0/,zeevveez,https://www.flickr.com/photos/29001414@N00,29001414@N00,flickr:29001414@N00,0a51a2ffdf669e4a79bae2d8551fae95764620c9,1024,768,air conditioner condenser
images/negative/openverse_1f94262d16104efb8037124e09dee994.jpg,negative,water_meter,train,negative_flagged,0,openverse,1f94262d-1610-4efb-8037-124e09dee994,Water Meter,https://www.flickr.com/photos/10688882@N00/34814510082,https://live.staticflickr.com/4243/34814510082_c5046376fc_b.jpg,by,2.0,https://creativecommons.org/licenses/by/2.0/,byzantiumbooks,https://www.flickr.com/photos/10688882@N00,10688882@N00,flickr:10688882@N00,19992fcd02f7f78bd8ce8786ff298581b89e0e6b,1024,681,water meter
images/negative/openverse_213dc222160d4394a9ba80bd7bdbdbc0.jpg,negative,pool_equipment,train,negative,0,openverse,213dc222-160d-4394-a9ba-80bd7bdbdbc0,Cavorting on water,https://www.flickr.com/photos/73230975@N03/6800528365,https://live.staticflickr.com/7143/6800528365_79324e736e_b.jpg,by,2.0,https://creativecommons.org/licenses/by/2.0/,Peggy2012CREATIVELENZ,https://www.flickr.com/photos/73230975@N03,73230975@N03,flickr:73230975@N03,52191818c306bb7e176a94cf51534b9d94dd7c35,1024,773,pool pump
images/negative/openverse_24b7d1531d994eea946f22c8ee168571.jpg,negative,telecom_box,train,negative,0,openverse,24b7d153-1d99-4eea-946f-22c8ee168571,Telephone boxes,https://www.flickr.com/photos/37072378@N08/14245391014,https://live.staticflickr.com/2933/14245391014_fd1599ab60_b.jpg,by,2.0,https://creativecommons.org/licenses/by/2.0/,Orchids love rainwater,https://www.flickr.com/photos/37072378@N08,37072378@N08,flickr:37072378@N08,a6d8368041175ddcc5c3b53dd0d1888185b3c2d7,1024,761,telephone box wall
images/negative/openverse_25fdf464ee7844628b88af9cf2358622.jpg,negative,air_conditioner_condenser,train,negative,0,openverse,25fdf464-ee78-4462-8b88-af9cf2358622,"Maple Leaf Gardens, Toronto, Ontario",https://www.flickr.com/photos/75683070@N00/29376213643,https://live.staticflickr.com/65535/29376213643_ce15aafe47_b.jpg,by-sa,2.0,https://creativecommons.org/licenses/by-sa/2.0/,Ken Lund,https://www.flickr.com/photos/75683070@N00,75683070@N00,flickr:75683070@N00,3a177ef6b5d01462266c16d502e7c98c10f674f1,1024,577,ac unit outside
images/negative/openverse_2a04363634814b6aa12156d82662cda9.jpg,negative,mailbox,train,negative,0,openverse,2a043636-3481-4b6a-a121-56d82662cda9,old blue mailbox,https://www.flickr.com/photos/53393808@N00/128804265,https://live.staticflickr.com/56/128804265_d9749a62e7_b.jpg,by,2.0,https://creativecommons.org/licenses/by/2.0/,Thomas Kamann,https://www.flickr.com/photos/53393808@N00,53393808@N00,flickr:53393808@N00,036143d6fb65044219d107cc23701d25d4e93b05,1024,768,mailbox
images/negative/openverse_2a095d3c3fde48ceb2ca14e66fdfd4e5.jpg,negative,water_meter,train,negative,0,openverse,2a095d3c-3fde-48ce-b2ca-14e66fdfd4e5,Water Meter,https://www.flickr.com/photos/29350288@N06/3297360189,https://live.staticflickr.com/3355/3297360189_5cf021208f_b.jpg,by,2.0,https://creativecommons.org/licenses/by/2.0/,Infrogmation,https://www.flickr.com/photos/29350288@N06,29350288@N06,flickr:29350288@N06,00f855a1778eb9eec323bc8240df40bc98d76ba5,1024,768,water meter
images/negative/openverse_2c90abf81f9546c9ada6b0eb518f3487.jpg,negative,water_meter,train,negative,0,openverse,2c90abf8-1f95-46c9-ada6-b0eb518f3487,Water Meter.,https://www.flickr.com/photos/48889038283@N01/5067951366,https://live.staticflickr.com/4129/5067951366_26b5f2065b_b.jpg,by,2.0,https://creativecommons.org/licenses/by/2.0/,izik,https://www.flickr.com/photos/48889038283@N01,48889038283@N01,flickr:48889038283@N01,0dcd9650e0f886900dfdc162d0a65b1872a44ee4,1024,612,water meter
images/negative/openverse_2cb24bb1d64c48d79934487b78c188dd.jpg,negative,air_conditioner_condenser,train,negative,0,openverse,2cb24bb1-d64c-48d7-9934-487b78c188dd,Fort Furggels - 10.5 cm Armored Turret No. 2,https://www.flickr.com/photos/70981241@N00/32502086287,https://live.staticflickr.com/7801/32502086287_a16fc7677d_b.jpg,by,2.0,https://creativecommons.org/licenses/by/2.0/,Kecko,https://www.flickr.com/photos/70981241@N00,70981241@N00,flickr:70981241@N00,e710ea21e9f60e771807329a005b6b86598e899e,1024,683,air conditioner condenser
images/negative/openverse_2edff93354024e98b4131911a67b6400.jpg,negative,hose_bib,train,negative,0,openverse,2edff933-5402-4e98-b413-1911a67b6400,"Washing glass mugs by hand in the basement interior of the chaang house, blue walls, blue shirt, motion, green boxes, soap, bricks, hose, spigot, Boudha, Kathmandu, Nepal",https://www.flickr.com/photos/71401718@N00/5894196563,https://live.staticflickr.com/6025/5894196563_2b42a2afba_b.jpg,by,2.0,https://creativecommons.org/licenses/by/2.0/,Wonderlane,https://www.flickr.com/photos/71401718@N00,71401718@N00,flickr:71401718@N00,e6056a45ea62005a2f59afe575314326a85a97f7,1023,680,spigot
images/negative/openverse_2f29c62e92c54f0ea9a06af5b9e38d39.jpg,negative,pool_equipment,train,negative,0,openverse,2f29c62e-92c5-4f0e-a9a0-6af5b9e38d39,Pool Pump,https://www.flickr.com/photos/89165847@N00/50592458468,https://live.staticflickr.com/65535/50592458468_64a2223fdd_b.jpg,by-sa,2.0,https://creativecommons.org/licenses/by-sa/2.0/,mikecogh,https://www.flickr.com/photos/89165847@N00,89165847@N00,flickr:89165847@N00,e108c074b9d201db8008627c27c02c2a993eba86,768,1024,pool pump
images/negative/openverse_2f5eb5c2b40d4f6a8826ead0eb774aea.jpg,negative,telecom_box,train,negative,0,openverse,2f5eb5c2-b40d-4f6a-8826-ead0eb774aea,"Fashion Square Mall, Saginaw MI",https://www.flickr.com/photos/9148720@N05/5252553439,https://live.staticflickr.com/5204/5252553439_4572af6909_b.jpg,by,2.0,https://creativecommons.org/licenses/by/2.0/,wachovia_138,https://www.flickr.com/photos/9148720@N05,9148720@N05,flickr:9148720@N05,147657879d7983bac3db6007ca60ad736e8cb9f4,922,547,telephone box wall
images/negative/openverse_2ffc65dd33f34d5a8e827c3a5ec2a846.jpg,negative,hose_bib,train,negative_flagged,0,openverse,2ffc65dd-33f3-4d5a-8e82-7c3a5ec2a846,patio irrigation station P1010240,https://www.flickr.com/photos/60944636@N00/51404755914,https://live.staticflickr.com/65535/51404755914_da971996c6_b.jpg,by,2.0,https://creativecommons.org/licenses/by/2.0/,el cajon yacht club,https://www.flickr.com/photos/60944636@N00,60944636@N00,flickr:60944636@N00,68c04a10301f473ddb40879a0ad805ae74003a95,1024,768,hose bib
images/negative/openverse_313432b806a44d959a9a923e09cdb9d4.jpg,negative,telecom_box,val,negative_flagged,0,openverse,313432b8-06a4-4d95-9a9a-923e09cdb9d4,Jack Mintz's Restaurant,https://www.flickr.com/photos/115892967@N03/25819497308,https://live.staticflickr.com/4750/25819497308_cb5b109d1f_b.jpg,pdm,1.0,https://creativecommons.org/publicdomain/mark/1.0/,Ashtabula Archive,https://www.flickr.com/photos/115892967@N03,115892967@N03,flickr:115892967@N03,001a8f95949dc59af790d413dcadb197f8a37203,1024,642,telephone box wall
images/negative/openverse_31a70841b27b43029accad7183dda1bc.jpg,negative,hose_bib,train,negative,0,openverse,31a70841-b27b-4302-9acc-ad7183dda1bc,"Bainbridge, Seattle - Ferry",https://www.flickr.com/photos/77551055@N00/52654205242,https://live.staticflickr.com/65535/52654205242_11b1b84da0_b.jpg,by,2.0,https://creativecommons.org/licenses/by/2.0/,Mr ATM,https://www.flickr.com/photos/77551055@N00,77551055@N00,flickr:77551055@N00,fe80eb723d6b59e6d49ece68e191889d3340e85f,768,1024,hose bib
images/negative/openverse_31fa7c15ae45438a963cc3a0879a9fd0.jpg,negative,air_conditioner_condenser,train,negative,0,openverse,31fa7c15-ae45-438a-963c-c3a0879a9fd0,Ac unit outside frog pod ABG,https://www.flickr.com/photos/19731486@N07/6181997043,https://live.staticflickr.com/6158/6181997043_140d7baefb_b.jpg,by,2.0,https://creativecommons.org/licenses/by/2.0/,brian.gratwicke,https://www.flickr.com/photos/19731486@N07,19731486@N07,flickr:19731486@N07,d758733b1c8fd989bfa3959b91eb011b77a249c8,1024,683,ac unit outside
images/negative/openverse_325b74f184bb478c897f5717338beba7.jpg,negative,mailbox,train,negative_flagged,0,openverse,325b74f1-84bb-478c-897f-5717338beba7,Mailbox,https://www.flickr.com/photos/54217251@N05/14756002519,https://live.staticflickr.com/3885/14756002519_f3206d1903_b.jpg,by-sa,2.0,https://creativecommons.org/licenses/by-sa/2.0/,halfrain,https://www.flickr.com/photos/54217251@N05,54217251@N05,flickr:54217251@N05,16e2846d67ede2731f285cc50053da9e3e624907,1023,689,mailbox
images/negative/openverse_35cd192353674ce2b6925c21af0e87cd.jpg,negative,electrical_junction_box,train,negative,0,openverse,35cd1923-5367-4ce2-b692-5c21af0e87cd,Installing conduit and junction boxes for various systems in the future Mid-Day Storage Yard. 07-23-21,https://www.flickr.com/photos/59595815@N03/51361043406,https://live.staticflickr.com/65535/51361043406_c00b7557f9_b.jpg,by,2.0,https://creativecommons.org/licenses/by/2.0/,MTA C&D - EAST SIDE ACCESS,https://www.flickr.com/photos/59595815@N03,59595815@N03,flickr:59595815@N03,2f34079d3b7cce08bb2bbe4670756e07a105221a,545,969,junction box
images/negative/openverse_3c0fe54f51a24d56b60174c41f60c82a.jpg,negative,electrical_junction_box,train,negative_flagged,0,openverse,3c0fe54f-51a2-4d56-b601-74c41f60c82a,FHL02 - Cable Termination at Disconnect Switch Box L1 Power Supply (02-04-2014),https://www.flickr.com/photos/59595815@N03/12346984855,https://live.staticflickr.com/7314/12346984855_7dbe2f829e_b.jpg,by,2.0,https://creativecommons.org/licenses/by/2.0/,MTA C&D - EAST SIDE ACCESS,https://www.flickr.com/photos/59595815@N03,59595815@N03,flickr:59595815@N03,66f88f7944cec06b7e5de13a84a859d05ffa717e,959,708,disconnect switch
images/negative/openverse_3f59cb02a22d4b749e3df59d116ad34c.jpg,negative,mailbox,val,negative,0,openverse,3f59cb02-a22d-4b74-9e3d-f59d116ad34c,Even the Road...,https://www.flickr.com/photos/33143245@N02/15141171154,https://live.staticflickr.com/3948/15141171154_989da7f0b5_b.jpg,by,2.0,https://creativecommons.org/licenses/by/2.0/,SurFeRGiRL30,https://www.flickr.com/photos/33143245@N02,33143245@N02,flickr:33143245@N02,74d22b7f83d7797e88b469306353d0542105dcf4,768,1024,mailbox house
images/negative/openverse_41ef58fff84c4593b06d41d6b1e6d336.jpg,negative,mailbox,val,negative,0,openverse,41ef58ff-f84c-4593-b06d-41d6b1e6d336,Danish Post Box,https://www.flickr.com/photos/39423133@N04/6935256764,https://live.staticflickr.com/7069/6935256764_6598249f27_b.jpg,by-sa,2.0,https://creativecommons.org/licenses/by-sa/2.0/,Debarshi Ray,https://www.flickr.com/photos/39423133@N04,39423133@N04,flickr:39423133@N04,b95c45d987bddd0ad7343221f8e45c2798753b6a,1024,731,mailbox house
images/negative/openverse_43bd10c3aa5e491499a8a3b7b8604d5a.jpg,negative,electrical_junction_box,train,negative_flagged,0,openverse,43bd10c3-aa5e-4914-99a8-a3b7b8604d5a,"OP I97I26 Rail Junction Box, Handle, Lamp, Borf (Forest Glen, MD)",https://www.flickr.com/photos/38782010@N00/1081704616,https://live.staticflickr.com/1062/1081704616_4f600a29e4_b.jpg,by,2.0,https://creativecommons.org/licenses/by/2.0/,takomabibelot,https://www.flickr.com/photos/38782010@N00,38782010@N00,flickr:38782010@N00,d2a6b59583fd6c9e20e9e361a71ce46138e39366,615,1024,junction box
images/negative/openverse_43caa2e52df448a49c87f441c1b763dc.jpg,negative,hose_bib,train,negative,0,openverse,43caa2e5-2df4-48a4-9c87-f441c1b763dc,Spigot Peak,https://www.flickr.com/photos/79721788@N00/16220687796,https://live.staticflickr.com/8569/16220687796_0c63146592_b.jpg,by,2.0,https://creativecommons.org/licenses/by/2.0/,D-Stanley,https://www.flickr.com/photos/79721788@N00,79721788@N00,flickr:79721788@N00,3206edf53f6d0a40ce2a3227c59be950e566afcc,1024,768,spigot
images/negative/openverse_446f7bebc7c64bb9931de2abb62bd9dd.jpg,negative,pool_equipment,train,negative,0,openverse,446f7beb-c7c6-4bb9-931d-e2abb62bd9dd,William Mullholand Memorial Fountain - Griffith Park,https://www.flickr.com/photos/12806074@N08/2825113153,https://live.staticflickr.com/3247/2825113153_db3cdb9f42_b.jpg,by-sa,2.0,https://creativecommons.org/licenses/by-sa/2.0/,tkksummers,https://www.flickr.com/photos/12806074@N08,12806074@N08,flickr:12806074@N08,349dadab53b9800db45cbd6639c1c3690411d2a9,768,1024,pool pump
images/negative/openverse_44df8427965d47f092c8aed2ceb9cc22.jpg,negative,mailbox,train,negative,0,openverse,44df8427-965d-47f0-92c8-aed2ceb9cc22,R2D2 Mailbox,https://www.flickr.com/photos/79877212@N00/1557388343,https://live.staticflickr.com/2108/1557388343_c7179758b3_b.jpg,by,2.0,https://creativecommons.org/licenses/by/2.0/,JoshBerglund19,https://www.flickr.com/photos/79877212@N00,79877212@N00,flickr:79877212@N00,c3a872bfdfff94b0d283821b71d4768ab5a71ff5,768,1024,mailbox
images/negative/openverse_498f92e1c17b4e4baf6dd6ffca57960b.jpg,negative,pool_equipment,val,negative,0,openverse,498f92e1-c17b-4e4b-af6d-d6ffca57960b,why you need a pool filter,https://www.flickr.com/photos/23206546@N04/7205271462,https://live.staticflickr.com/5452/7205271462_a1fcd7d261_b.jpg,by,2.0,https://creativecommons.org/licenses/by/2.0/,Rusty Clark ~ 100K Photos,https://www.flickr.com/photos/23206546@N04,23206546@N04,flickr:23206546@N04,86c60dac0df808623b54fd0fff4847cbbe87ca4b,1024,768,pool filter
images/negative/openverse_4acb22a97e2f425482e9b5bd43338cbb.jpg,negative,air_conditioner_condenser,train,negative,0,openverse,4acb22a9-7e2f-4254-82e9-b5bd43338cbb,lg_7000_btu_air_conditioner_lw7010hr,https://www.flickr.com/photos/84735213@N04/7787736750,https://live.staticflickr.com/8427/7787736750_73893f2d7a_b.jpg,by,2.0,https://creativecommons.org/licenses/by/2.0/,AC Home X,https://www.flickr.com/photos/84735213@N04,84735213@N04,flickr:84735213@N04,a2de009af2ed9f7eaa63c224da675bad46f4b331,1000,1000,air conditioner condenser
images/negative/openverse_4b1d1a3c5ce04b7e99985b000a1d42a9.jpg,negative,mailbox,train,negative,0,openverse,4b1d1a3c-5ce0-4b7e-9998-5b000a1d42a9,Mailbox Peak - Flag,https://www.flickr.com/photos/12943203@N04/3707574880,https://live.staticflickr.com/3450/3707574880_c2b59f4dc4_b.jpg,by,2.0,https://creativecommons.org/licenses/by/2.0/,laffertyryan,https://www.flickr.com/photos/12943203@N04,12943203@N04,flickr:12943203@N04,e55f34d3b948610dc72fbfd9e6066378f7312458,1024,768,mailbox
images/negative/openverse_4bf60a13a650457089bc93cb06a275ee.jpg,negative,pool_equipment,train,negative,0,openverse,4bf60a13-a650-4570-89bc-93cb06a275ee,William Mullholand Memorial Fountain - Griffith Park,https://www.flickr.com/photos/12806074@N08/2825946322,https://live.staticflickr.com/3254/2825946322_acf63ee7dc_b.jpg,by-sa,2.0,https://creativecommons.org/licenses/by-sa/2.0/,tkksummers,https://www.flickr.com/photos/12806074@N08,12806074@N08,flickr:12806074@N08,4d98d740dc279abfd7eaabb87a8e3bbe198a470e,768,1024,pool pump
images/negative/openverse_4cebf6b48ffb41c9a19b7cb372b5c969.jpg,negative,pool_equipment,train,negative,0,openverse,4cebf6b4-8ffb-41c9-a19b-7cb372b5c969,William Mullholand Memorial Fountain - Griffith Park,https://www.flickr.com/photos/12806074@N08/2825951116,https://live.staticflickr.com/3249/2825951116_25f13af1d8_b.jpg,by-sa,2.0,https://creativecommons.org/licenses/by-sa/2.0/,tkksummers,https://www.flickr.com/photos/12806074@N08,12806074@N08,flickr:12806074@N08,cb63d309fd4b4e3e637605f3bbab90f31ef41d95,768,1024,pool pump
images/negative/openverse_4e2745fcb0d84464a0a1ced2e63562c3.jpg,negative,electrical_junction_box,train,negative_flagged,0,openverse,4e2745fc-b0d8-4464-a0a1-ced2e63562c3,BOW DISCONNECT SWITCH,https://www.flickr.com/photos/59141600@N00/1056283078,https://live.staticflickr.com/1433/1056283078_0db3144806_b.jpg,by-sa,2.0,https://creativecommons.org/licenses/by-sa/2.0/,BenFrantzDale,https://www.flickr.com/photos/59141600@N00,59141600@N00,flickr:59141600@N00,3126d43c043d150196f93fc177d4520f11871ed9,768,1024,disconnect switch
images/negative/openverse_4f439049e89141f589246f4b65d3c734.jpg,negative,air_conditioner_condenser,train,negative,0,openverse,4f439049-e891-41f5-8924-6f4b65d3c734,211014-N-LK647-0022,https://www.flickr.com/photos/94966166@N02/51590794096,https://live.staticflickr.com/65535/51590794096_1dc730e4e5_b.jpg,pdm,1.0,https://creativecommons.org/publicdomain/mark/1.0/,CNE CNA C6F,https://www.flickr.com/photos/94966166@N02,94966166@N02,flickr:94966166@N02,e6461d1aa807608c09e2ba867b6e9286b44aefb1,1023,731,air conditioner condenser
images/negative/openverse_4fca17404b6f41669a72c0fb6673dd3d.jpg,negative,pool_equipment,val,negative,0,openverse,4fca1740-4b6f-4166-9a72-c0fb6673dd3d,"Path round the back of the Royal Pump Rooms, Leamington Spa",https://www.flickr.com/photos/39415781@N06/6273776928,https://live.staticflickr.com/6232/6273776928_b08da95685_b.jpg,by,2.0,https://creativecommons.org/licenses/by/2.0/,ell brown,https://www.flickr.com/photos/39415781@N06,39415781@N06,flickr:39415781@N06,d1f3ddde66a26c2b0bf7761d79c95744ec4fa908,1024,768,pool pump
images/negative/openverse_529fc5066d7446c9ab60a95a7ad5054d.jpg,negative,pool_equipment,train,negative,0,openverse,529fc506-6d74-46c9-ab60-a95a7ad5054d,William Mullholand Memorial Fountain - Griffith Park,https://www.flickr.com/photos/12806074@N08/2825113443,https://live.staticflickr.com/2154/2825113443_30c9ecb29b_b.jpg,by-sa,2.0,https://creativecommons.org/licenses/by-sa/2.0/,tkksummers,https://www.flickr.com/photos/12806074@N08,12806074@N08,flickr:12806074@N08,85df7446408d4923a98b3c6ee2c9dfe7a2ebab1b,768,1024,pool pump
images/negative/openverse_52a8979d44374722beb5a18999b50014.jpg,negative,telecom_box,train,negative,0,openverse,52a8979d-4437-4722-beb5-a18999b50014,Buying a Better (Electronic) Mouse Trap,https://www.flickr.com/photos/37996646802@N01/5088012913,https://live.staticflickr.com/4110/5088012913_261002ed08_b.jpg,by,2.0,https://creativecommons.org/licenses/by/2.0/,cogdogblog,https://www.flickr.com/photos/37996646802@N01,37996646802@N01,flickr:37996646802@N01,b87514e93a30aee3af440130c2cab43ea4b26cff,1024,683,telephone box wall
images/negative/openverse_53630ba5ce3e45aab9c94f0820be726a.jpg,negative,mailbox,train,negative,0,openverse,53630ba5-ce3e-45aa-b9c9-4f0820be726a,Mailboxes,https://www.flickr.com/photos/40944554@N04/5707316547,https://live.staticflickr.com/3009/5707316547_9ed360746b_b.jpg,by,2.0,https://creativecommons.org/licenses/by/2.0/,taylor.a,https://www.flickr.com/photos/40944554@N04,40944554@N04,flickr:40944554@N04,53df81e28c64baebea258aedd57adcfce75555f8,1023,685,mailbox
images/negative/openverse_5393249cead24a1eafd96a966672d6c8.jpg,negative,telecom_box,train,negative,0,openverse,5393249c-ead2-4a1e-afd9-6a966672d6c8,Samuel Beckett Bridge [ Open / Close Cycle],https://www.flickr.com/photos/80824546@N00/4693580695,https://live.staticflickr.com/4071/4693580695_91f2e26310_b.jpg,by-sa,2.0,https://creativecommons.org/licenses/by-sa/2.0/,infomatique,https://www.flickr.com/photos/80824546@N00,80824546@N00,flickr:80824546@N00,465419b04e2d173ba00abf27108576b5e29a00c5,1024,683,cable box outside
images/negative/openverse_57428d72961c478292b6c6639d91f611.jpg,negative,pool_equipment,val,negative,0,openverse,57428d72-961c-4782-92b6-c6639d91f611,Pool pump before,https://www.flickr.com/photos/23941628@N02/9138329818,https://live.staticflickr.com/3767/9138329818_ff3c036f8a_b.jpg,by,2.0,https://creativecommons.org/licenses/by/2.0/,sailn1,https://www.flickr.com/photos/23941628@N02,23941628@N02,flickr:23941628@N02,bf634c4094d706206a96f8d626bb6b27d6b9e56d,1024,768,pool pump
images/negative/openverse_5a8a7838e6a84e59822a84881a49d5ee.jpg,negative,hose_bib,train,negative,0,openverse,5a8a7838-e6a8-4e59-822a-84881a49d5ee,Finished garden,https://www.flickr.com/photos/51035786238@N01/6802925891,https://live.staticflickr.com/7018/6802925891_a188f9565f_b.jpg,by,2.0,https://creativecommons.org/licenses/by/2.0/,RBerteig,https://www.flickr.com/photos/51035786238@N01,51035786238@N01,flickr:51035786238@N01,25e7fec5502079b8c813e6e8c92b075dcaa70ab6,1024,768,hose bib
images/negative/openverse_5b7a55b37488402498794e9d0536f938.jpg,negative,telecom_box,train,negative,0,openverse,5b7a55b3-7488-4024-9879-4e9d0536f938,Eavesdropping ( Hello Hello anyone there ),https://www.flickr.com/photos/37072378@N08/13873732903,https://live.staticflickr.com/3683/13873732903_fc64823225_b.jpg,by,2.0,https://creativecommons.org/licenses/by/2.0/,Orchids love rainwater,https://www.flickr.com/photos/37072378@N08,37072378@N08,flickr:37072378@N08,1767d1bdefcccd47eb53dad3f6195aab5b9282c0,708,1024,telephone box wall
images/negative/openverse_5c764560952942c29fccb962e90a0458.jpg,negative,air_conditioner_condenser,train,negative,0,openverse,5c764560-9529-42c2-9fcc-b962e90a0458,California National Guard,https://www.flickr.com/photos/33252741@N08/53212965775,https://live.staticflickr.com/65535/53212965775_64ce1fb6f3_b.jpg,by,2.0,https://creativecommons.org/licenses/by/2.0/,The National Guard,https://www.flickr.com/photos/33252741@N08,33252741@N08,flickr:33252741@N08,b140cd95e5721ea3dbb050f18e73f0cfcc6a91be,1024,576,ac unit outside
images/negative/openverse_5f3551d5f7494cfca92ca62f0fe9191f.jpg,negative,pool_equipment,train,negative,0,openverse,5f3551d5-f749-4cfc-a92c-a62f0fe9191f,Finished Pool Construction,https://www.flickr.com/photos/67513462@N00/125510752,https://live.staticflickr.com/42/125510752_fd15e7307f_b.jpg,by,2.0,https://creativecommons.org/licenses/by/2.0/,billjacobus1,https://www.flickr.com/photos/67513462@N00,67513462@N00,flickr:67513462@N00,45aa965d94cba36867ec30d6bb920e59994370e8,1024,768,pool pump
images/negative/openverse_5f743dd8d08a4b8183ca883dbfbc1e6e.jpg,negative,electrical_junction_box,train,negative,0,openverse,5f743dd8-d08a-4b81-83ca-883dbfbc1e6e,IAG16 - ProcessAssemblyEnabling #59 - Assisted Positive-Locking Junction Box,https://www.flickr.com/photos/32775400@N06/29613198794,https://live.staticflickr.com/8280/29613198794_c082440c13_b.jpg,by-sa,2.0,https://creativecommons.org/licenses/by-sa/2.0/,spe.automotive,https://www.flickr.com/photos/32775400@N06,32775400@N06,flickr:32775400@N06,3b3206a08925f6f4a73d4844d6620753efb95ca9,1024,683,junction box
images/negative/openverse_5f89c551d19841b89ff50dadce763530.jpg,negative,water_meter,train,negative_flagged,0,openverse,5f89c551-d198-41b8-9ff5-0dadce763530,Electricians pulling wires in the back of house water meter room at the 50th Street vent facility. 11-14-2019,https://www.flickr.com/photos/59595815@N03/49070980767,https://live.staticflickr.com/65535/49070980767_865676560e_b.jpg,by,2.0,https://creativecommons.org/licenses/by/2.0/,MTA C&D - EAST SIDE ACCESS,https://www.flickr.com/photos/59595815@N03,59595815@N03,flickr:59595815@N03,10dfec48c589df8256a051c656b5f2f1bff35001,768,1024,water meter
images/negative/openverse_623c432b40724d5e8fdc633ae1377442.jpg,negative,telecom_box,val,negative,0,openverse,623c432b-4072-4d5e-8fdc-633ae1377442,"The Arcadian, Birmingham - Chinese New Year - Telephone box - Yes cash arrives quicker than Santa",https://www.flickr.com/photos/39415781@N06/5400845219,https://live.staticflickr.com/5137/5400845219_2f3d8b2c65_b.jpg,by,2.0,https://creativecommons.org/licenses/by/2.0/,ell brown,https://www.flickr.com/photos/39415781@N06,39415781@N06,flickr:39415781@N06,b7eba1e7dca85c9e3718d701c700d362155c6d79,768,1024,telephone box wall
images/negative/openverse_628e3ee1a3fc48e3af028c25947bacad.jpg,negative,air_conditioner_condenser,train,negative,0,openverse,628e3ee1-a3fc-48e3-af02-8c25947bacad,"Maple Leaf Gardens, Toronto, Ontario",https://www.flickr.com/photos/75683070@N00/29889304742,https://live.staticflickr.com/65535/29889304742_7289ab2e9b_b.jpg,by-sa,2.0,https://creativecommons.org/licenses/by-sa/2.0/,Ken Lund,https://www.flickr.com/photos/75683070@N00,75683070@N00,flickr:75683070@N00,fee033f5c03be9a0b2d33086f88ee23366241053,987,1024,ac unit outside
images/negative/openverse_62d930af3ebb44bc87daabcf6059825c.jpg,negative,air_conditioner_condenser,val,negative,0,openverse,62d930af-3ebb-44bc-87da-abcf6059825c,air conditioner condensers,https://www.flickr.com/photos/50565671@N00/6209852108,https://live.staticflickr.com/6239/6209852108_598dd16115_b.jpg,by-sa,2.0,https://creativecommons.org/licenses/by-sa/2.0/,jeffcovey,https://www.flickr.com/photos/50565671@N00,50565671@N00,flickr:50565671@N00,aa3eca2332d4ec8e26ecf3858a5082c30663eb98,1024,768,air conditioner condenser
images/negative/openverse_65ee94141a37438d9f851c2bfe5751c0.jpg,negative,electrical_junction_box,train,negative,0,openverse,65ee9414-1a37-438d-9f85-1c2bfe5751c0,Traffic signal junction box under repair,https://www.flickr.com/photos/24431382@N03/38254162151,https://live.staticflickr.com/4568/38254162151_49a270691b_b.jpg,by,2.0,https://creativecommons.org/licenses/by/2.0/,Eric Fischer,https://www.flickr.com/photos/24431382@N03,24431382@N03,flickr:24431382@N03,d87cc84dbc408ae866a1f1b936b80a64beed9be4,1024,768,junction box
images/negative/openverse_666978d7f7d844c1845b2e3674dbdb93.jpg,negative,mailbox,train,negative,0,openverse,666978d7-f7d8-44c1-845b-2e3674dbdb93,Mailbox House,https://www.flickr.com/photos/26223114@N02/6095818666,https://live.staticflickr.com/6086/6095818666_02bfdfd113_b.jpg,by-sa,2.0,https://creativecommons.org/licenses/by-sa/2.0/,4nitsirk,https://www.flickr.com/photos/26223114@N02,26223114@N02,flickr:26223114@N02,3b6adf165b43113c0d76d519c7adc01d2033cae6,1024,683,mailbox house
images/negative/openverse_66da2a82c14b4650af7f368c5d540dc9.jpg,negative,telecom_box,train,negative,0,openverse,66da2a82-c14b-4650-af7f-368c5d540dc9,Samuel Beckett Bridge [ Open / Close Cycle],https://www.flickr.com/photos/80824546@N00/4694210288,https://live.staticflickr.com/4035/4694210288_6cd42469fb_b.jpg,by-sa,2.0,https://creativecommons.org/licenses/by-sa/2.0/,infomatique,https://www.flickr.com/photos/80824546@N00,80824546@N00,flickr:80824546@N00,d692876a687f77d9ea6b3086c4873d0c177978ed,1024,683,cable box outside
images/negative/openverse_67398e9e66824619bcf2e9be701cb843.jpg,negative,water_meter,train,negative,0,openverse,67398e9e-6682-4619-bcf2-e9be701cb843,PROTEST AGAINST WATER TAX [ Tallaght Says No To Water Meters And Charges ] Ref-7016,https://www.flickr.com/photos/80824546@N00/15064103053,https://live.staticflickr.com/3951/15064103053_b06380b258_b.jpg,by-sa,2.0,https://creativecommons.org/licenses/by-sa/2.0/,infomatique,https://www.flickr.com/photos/80824546@N00,80824546@N00,flickr:80824546@N00,69e15f8fededc9d8701fe1cedca6ef20c5a56ef1,1024,683,water meter
images/negative/openverse_677c2d0e1f694cbb99b1971b4d2900b7.jpg,negative,hose_bib,train,negative,0,openverse,677c2d0e-1f69-4cbb-99b1-971b4d2900b7,Hose down Lecol HC bibs - super impressed and the look cool. #cyclingkits #crossbike #cyclocrossbike #lecol #lecolapparel,https://www.flickr.com/photos/29558127@N06/22663888030,https://live.staticflickr.com/5667/22663888030_4c2649fba8_b.jpg,by,2.0,https://creativecommons.org/licenses/by/2.0/,Glory Cycles,https://www.flickr.com/photos/29558127@N06,29558127@N06,flickr:29558127@N06,7efab8036701667feaa0c1e5bf56c08be809f6d8,1024,1024,hose bib
images/negative/openverse_67de2fbfeaba4283b1926391385ac145.jpg,negative,mailbox,train,negative,0,openverse,67de2fbf-eaba-4283-b192-6391385ac145,Mailboxes,https://www.flickr.com/photos/15411972@N00/5094833752,https://live.staticflickr.com/4149/5094833752_a79df606c7_b.jpg,by,2.0,https://creativecommons.org/licenses/by/2.0/,Jo@net,https://www.flickr.com/photos/15411972@N00,15411972@N00,flickr:15411972@N00,ec576c083172a6bd96a4e452f9921ce27bebe7a5,1024,768,mailbox
images/negative/openverse_6885af2644b04508b089ab3315fd3e72.jpg,negative,telecom_box,train,negative,0,openverse,6885af26-44b0-4508-b089-ab3315fd3e72,Samuel Beckett Bridge [ Open / Close Cycle],https://www.flickr.com/photos/80824546@N00/4694246654,https://live.staticflickr.com/4044/4694246654_ffaf943233_b.jpg,by-sa,2.0,https://creativecommons.org/licenses/by-sa/2.0/,infomatique,https://www.flickr.com/photos/80824546@N00,80824546@N00,flickr:80824546@N00,614f66c5a849176b04ab2eb9c57a47516fd6977a,1024,683,cable box outside
images/negative/openverse_69b648e6a3f24d579e9c5dc6e90f8c08.jpg,negative,water_meter,train,negative,0,openverse,69b648e6-a3f2-4d57-9e9c-5dc6e90f8c08,Pumber with new water meter,https://www.flickr.com/photos/16935515@N00/12540460404,https://live.staticflickr.com/5479/12540460404_7240830213_b.jpg,by-sa,2.0,https://creativecommons.org/licenses/by-sa/2.0/,Julien Harneis,https://www.flickr.com/photos/16935515@N00,16935515@N00,flickr:16935515@N00,97f5237cc733faf984bce48d9dcde64da3b502ab,683,1024,water meter
images/negative/openverse_6cea568458a04e0ea21167444564af59.jpg,negative,mailbox,val,negative,0,openverse,6cea5684-58a0-4e0e-a211-67444564af59,house calls,https://www.flickr.com/photos/59898414@N00/9695572782,https://live.staticflickr.com/2858/9695572782_dfcc3b5d8d_b.jpg,by,2.0,https://creativecommons.org/licenses/by/2.0/,jumpinjimmyjava,https://www.flickr.com/photos/59898414@N00,59898414@N00,flickr:59898414@N00,a2b641abd4f4736011f8c46732129d8de100e4cf,1024,678,mailbox house
images/negative/openverse_6e5180f654e24f60b5f2b816b20dba2c.jpg,negative,telecom_box,train,negative,0,openverse,6e5180f6-54e2-4f60-b5f2-b816b20dba2c,Samuel Beckett Bridge [ Open / Close Cycle],https://www.flickr.com/photos/80824546@N00/4693604603,https://live.staticflickr.com/4036/4693604603_b66dac91f5_b.jpg,by-sa,2.0,https://creativecommons.org/licenses/by-sa/2.0/,infomatique,https://www.flickr.com/photos/80824546@N00,80824546@N00,flickr:80824546@N00,5666541857d986002e46b80d3e90d6016f03fa43,1024,683,cable box outside
images/negative/openverse_6f9bcf5cdb7b4bffaa4ca8450266ed4d.jpg,negative,water_meter,val,negative,0,openverse,6f9bcf5c-db7b-4bff-aa4c-a8450266ed4d,St. Louis Water Meter,https://www.flickr.com/photos/98185064@N00/9561651744,https://live.staticflickr.com/5483/9561651744_5430fa5c0d_b.jpg,by,2.0,https://creativecommons.org/licenses/by/2.0/,bryce_edwards,https://www.flickr.com/photos/98185064@N00,98185064@N00,flickr:98185064@N00,6841faef601d773b5742da146d6bad99f677062b,1024,1024,water meter
images/negative/openverse_724867bb56614398ac8410812574738f.jpg,negative,pool_equipment,train,negative,0,openverse,724867bb-5661-4398-ac84-10812574738f,Sandfilter Pump Part / Pool Pump,https://www.thingiverse.com/thing:1448505,https://cdn.thingiverse.com/renders/71/20/a0/27/36/ea2b479d0b360c11d71b9cb414496d3a_display_large.jpg,cc0,1.0,https://creativecommons.org/publicdomain/zero/1.0/,Robert Bartl,https://www.thingiverse.com/rbartl,rbartl,thingiverse:rbartl,de00d336f7eede52a8d4d1af5b861863dc66281f,800,600,pool pump
images/negative/openverse_74d4552ef3aa4fdbbe8258b35abb9ad0.jpg,negative,electrical_junction_box,train,negative_flagged,0,openverse,74d4552e-f3aa-4fdb-be82-58b35abb9ad0,Cable Junction Box,https://www.flickr.com/photos/41894148532@N01/5995147,https://live.staticflickr.com/7/5995147_c216cc884a_b.jpg,by-sa,2.0,https://creativecommons.org/licenses/by-sa/2.0/,Neil T,https://www.flickr.com/photos/41894148532@N01,41894148532@N01,flickr:41894148532@N01,426c7204469682adf5f127734e1a1c5343ea0ef9,1024,768,junction box
images/negative/openverse_750c834298f940638016f923a18e0dbb.jpg,negative,pool_equipment,train,negative,0,openverse,750c8342-98f9-4063-8016-f923a18e0dbb,Pool filtering,https://www.flickr.com/photos/82439748@N00/410780506,https://live.staticflickr.com/177/410780506_002734be2b_b.jpg,by-sa,2.0,https://creativecommons.org/licenses/by-sa/2.0/,blmurch,https://www.flickr.com/photos/82439748@N00,82439748@N00,flickr:82439748@N00,ddc0ad94a2c899b93e29d1460914244f104229e2,1024,768,pool filter
images/negative/openverse_75e57d615d7549a89e683932dea72135.jpg,negative,telecom_box,train,negative_flagged,0,openverse,75e57d61-5d75-49a8-9e68-3932dea72135,Project 365 #362: 281214 Trip Through Your Wires,https://www.flickr.com/photos/23408922@N07/16130763571,https://live.staticflickr.com/7503/16130763571_c2aa4d0c9f_b.jpg,pdm,1.0,https://creativecommons.org/publicdomain/mark/1.0/,comedy_nose,https://www.flickr.com/photos/23408922@N07,23408922@N07,flickr:23408922@N07,0ca4ee6d8beb939e77bf6ba0ea7e55bb93b498d4,577,1024,telephone box wall
images/negative/openverse_75f2838f8d014c8181a7ae2513847721.jpg,negative,hose_bib,train,negative,0,openverse,75f2838f-8d01-4c81-81a7-ae2513847721,Water valve?,https://www.flickr.com/photos/26209464@N00/4146704975,https://live.staticflickr.com/2547/4146704975_6f1dee2162_b.jpg,by-sa,2.0,https://creativecommons.org/licenses/by-sa/2.0/,simonov,https://www.flickr.com/photos/26209464@N00,26209464@N00,flickr:26209464@N00,25a5cc5cd75cc2456180262b59cbc84bd81c9b4d,768,1024,hose bib
images/negative/openverse_770fb78b384b432c95a24febcdb76816.jpg,negative,air_conditioner_condenser,train,negative,0,openverse,770fb78b-384b-432c-95a2-4febcdb76816,Ohio National Guard,https://www.flickr.com/photos/33252741@N08/52648711995,https://live.staticflickr.com/65535/52648711995_8a6bd10cae_b.jpg,by,2.0,https://creativecommons.org/licenses/by/2.0/,The National Guard,https://www.flickr.com/photos/33252741@N08,33252741@N08,flickr:33252741@N08,d4e8a4688f07497151d0c99efd58648004d5b79c,1024,722,ac unit outside
images/negative/openverse_771d517e31d4411babb63d90a2a49b28.jpg,negative,telecom_box,train,negative,0,openverse,771d517e-31d4-411b-abb6-3d90a2a49b28,Samuel Beckett Bridge [ Open / Close Cycle],https://www.flickr.com/photos/80824546@N00/4694206712,https://live.staticflickr.com/4034/4694206712_5f5bc1fde9_b.jpg,by-sa,2.0,https://creativecommons.org/licenses/by-sa/2.0/,infomatique,https://www.flickr.com/photos/80824546@N00,80824546@N00,flickr:80824546@N00,bd0df447a2222b08a4965178c8bf41d58b1e47b1,1024,683,cable box outside
images/negative/openverse_777316ce7cbe4d3e857a841b21bf9016.jpg,negative,hose_bib,train,negative,0,openverse,777316ce-7cbe-4d3e-857a-841b21bf9016,Drain The Bottom of Your Water Heater,https://www.flickr.com/photos/55922094@N00/4835300744,https://live.staticflickr.com/4110/4835300744_3c2b76c5ae_b.jpg,by-sa,2.0,https://creativecommons.org/licenses/by-sa/2.0/,Paul Garland,https://www.flickr.com/photos/55922094@N00,55922094@N00,flickr:55922094@N00,cc4a9ca4b6b6e4656652cb7571dc5e0fee002e9a,1024,768,hose bib
images/negative/openverse_7f9c5e1902ab40718969e60655b74b1c.jpg,negative,electrical_junction_box,train,negative,0,openverse,7f9c5e19-02ab-4071-8969-e60655b74b1c,Installing junction boxes and other equipment in the future Mid-Day Storage Yard. 07-12-21,https://www.flickr.com/photos/59595815@N03/51316435625,https://live.staticflickr.com/65535/51316435625_6827d7524d_b.jpg,by,2.0,https://creativecommons.org/licenses/by/2.0/,MTA C&D - EAST SIDE ACCESS,https://www.flickr.com/photos/59595815@N03,59595815@N03,flickr:59595815@N03,01cf8743790d600c17340ae1b3b017667ab71900,1024,576,junction box
images/negative/openverse_83c8211f81224f418e9cb20530012df8.jpg,negative,hose_bib,train,negative_flagged,0,openverse,83c8211f-8122-4f41-8e9c-b20530012df8,Hose Bibb,https://www.flickr.com/photos/195752343@N05/52119792040,https://live.staticflickr.com/65535/52119792040_b9dfa9878e_b.jpg,by,2.0,https://creativecommons.org/licenses/by/2.0/,helpatmyhome,https://www.flickr.com/photos/195752343@N05,195752343@N05,flickr:195752343@N05,da74dde444e996088ae60f39a00e9d61539eb347,1024,552,hose bib
images/negative/openverse_896ed65dedf24137a556538c62a3ad40.jpg,negative,air_conditioner_condenser,train,negative,0,openverse,896ed65d-edf2-4137-a556-538c62a3ad40,"Maple Leaf Gardens, Toronto, Ontario",https://www.flickr.com/photos/75683070@N00/29375274274,https://live.staticflickr.com/65535/29375274274_736ea10f54_b.jpg,by-sa,2.0,https://creativecommons.org/licenses/by-sa/2.0/,Ken Lund,https://www.flickr.com/photos/75683070@N00,75683070@N00,flickr:75683070@N00,d322b9bc1ea39616d67a834766039756f49c44e3,1024,604,ac unit outside
images/negative/openverse_8c848ce698c4416cba0b87b01fe01f32.jpg,negative,pool_equipment,val,negative,0,openverse,8c848ce6-98c4-416c-ba0b-87b01fe01f32,"Royal Pump Rooms & Baths, Leamington Spa - Royal coat of arms",https://www.flickr.com/photos/39415781@N06/6273235845,https://live.staticflickr.com/6047/6273235845_a80b45f8bd_b.jpg,by,2.0,https://creativecommons.org/licenses/by/2.0/,ell brown,https://www.flickr.com/photos/39415781@N06,39415781@N06,flickr:39415781@N06,7d476d579db740cefbee57bd885c42669c9a328c,1024,768,pool pump
images/negative/openverse_8cc7c759dfc047cfb9eda92db3cc8c55.jpg,negative,water_meter,train,negative_flagged,0,openverse,8cc7c759-dfc0-47cf-b9ed-a92db3cc8c55,"Installing relay modules in the 44th Street ventilation facility water meter room. (CS179, 08-21-2019)",https://www.flickr.com/photos/59595815@N03/48607447283,https://live.staticflickr.com/65535/48607447283_a841e8592f_b.jpg,by,2.0,https://creativecommons.org/licenses/by/2.0/,MTA C&D - EAST SIDE ACCESS,https://www.flickr.com/photos/59595815@N03,59595815@N03,flickr:59595815@N03,6a629169fceebebab51cf253ca45943711012286,768,1024,water meter
images/negative/openverse_90c0b7f73e2a4b878ac840dbf9330514.jpg,negative,air_conditioner_condenser,val,negative,0,openverse,90c0b7f7-3e2a-4b87-8ac8-40dbf9330514,SPAD XIII C.1,https://www.flickr.com/photos/54825391@N00/5148094564,https://live.staticflickr.com/4019/5148094564_a899a8c1fa_b.jpg,by-sa,2.0,https://creativecommons.org/licenses/by-sa/2.0/,ksr8s,https://www.flickr.com/photos/54825391@N00,54825391@N00,flickr:54825391@N00,8a18eb9923d93f6b02a8bbf1d0ccb31ff3fdc2c5,1024,680,ac unit outside
images/negative/openverse_91272d428e22461aa576fa0aa1c715ac.jpg,negative,pool_equipment,val,negative,0,openverse,91272d42-8e22-461a-a576-fa0aa1c715ac,Pool Filter,https://www.flickr.com/photos/23206546@N04/7205271400,https://live.staticflickr.com/7102/7205271400_2c18bfb820_b.jpg,by,2.0,https://creativecommons.org/licenses/by/2.0/,Rusty Clark ~ 100K Photos,https://www.flickr.com/photos/23206546@N04,23206546@N04,flickr:23206546@N04,1d9dc9a8a49117d18316da1256dc0129edf508f3,1024,768,pool filter
images/negative/openverse_9150c7aed16d4e4aa99422e21af7e1fd.jpg,negative,pool_equipment,train,negative_flagged,0,openverse,9150c7ae-d16d-4e4a-a994-22e21af7e1fd,Pool Equipment,https://www.flickr.com/photos/67513462@N00/128208411,https://live.staticflickr.com/47/128208411_4a3e5df422_b.jpg,by,2.0,https://creativecommons.org/licenses/by/2.0/,billjacobus1,https://www.flickr.com/photos/67513462@N00,67513462@N00,flickr:67513462@N00,f47ecae36aae705d5f6e50320c7f4c966cab9198,1024,768,pool pump
images/negative/openverse_91e07e6ca0e64f4dbfd7302c2868272d.jpg,negative,hose_bib,train,negative,0,openverse,91e07e6c-a0e6-4f4d-bfd7-302c2868272d,20091221_MG_9483,https://www.flickr.com/photos/50527177@N00/4208444824,https://live.staticflickr.com/2746/4208444824_f40d8e4118_b.jpg,by,2.0,https://creativecommons.org/licenses/by/2.0/,ocean yamaha,https://www.flickr.com/photos/50527177@N00,50527177@N00,flickr:50527177@N00,509e5942ce5820058b0d8d1cda6ae39f0149efa3,683,1024,hose bib
images/negative/openverse_949ebb63ad3844909fae675dcf38aa61.jpg,negative,air_conditioner_condenser,train,negative,0,openverse,949ebb63-ad38-4490-9fae-675dcf38aa61,ac unit outside by restaurant on banana island egypt,https://www.flickr.com/photos/165372774@N07/52509475891,https://live.staticflickr.com/65535/52509475891_7bc361af10_b.jpg,by,2.0,https://creativecommons.org/licenses/by/2.0/,mono_ram,https://www.flickr.com/photos/165372774@N07,165372774@N07,flickr:165372774@N07,85d977654000ea245c1f4551e4d877d7a65e2f43,1024,683,ac unit outside
images/negative/openverse_96bcdc6604d04032866cd4b2cb717400.jpg,negative,pool_equipment,train,negative,0,openverse,96bcdc66-04d0-4032-866c-d4b2cb717400,Pool Construction - PVC Pipe and Rebar Installation,https://www.flickr.com/photos/67513462@N00/125509297,https://live.staticflickr.com/55/125509297_e7b05d82bd_b.jpg,by,2.0,https://creativecommons.org/licenses/by/2.0/,billjacobus1,https://www.flickr.com/photos/67513462@N00,67513462@N00,flickr:67513462@N00,acd1158e3d9c514d853ae3ddfe456d82c2930a12,1024,768,pool pump
images/negative/openverse_96f04ec1afe145a68eecc8326a908c37.jpg,negative,mailbox,val,negative,0,openverse,96f04ec1-afe1-45a6-8eec-c8326a908c37,R2-D2 Mailbox,https://www.flickr.com/photos/74837817@N00/448528005,https://live.staticflickr.com/184/448528005_79ff7dc809_b.jpg,by-sa,2.0,https://creativecommons.org/licenses/by-sa/2.0/,DJHeini,https://www.flickr.com/photos/74837817@N00,74837817@N00,flickr:74837817@N00,4bd9c865413659548af5c7c0405dfa738efe2a68,768,1024,mailbox
images/negative/openverse_9b6700e897a84bc1baab5021b38fd600.jpg,negative,mailbox,val,negative,0,openverse,9b6700e8-97a8-4bc1-baab-5021b38fd600,Mailbox,https://www.flickr.com/photos/17818511@N00/214409794,https://live.staticflickr.com/59/214409794_5c34b1f1f4_b.jpg,by-sa,2.0,https://creativecommons.org/licenses/by-sa/2.0/,jparise,https://www.flickr.com/photos/17818511@N00,17818511@N00,flickr:17818511@N00,fe3a27695da1f09a56fc1639ad9893626fbfdebb,935,758,mailbox
images/negative/openverse_9cd0c97be8fe4e148a01c9d1986f8ebb.jpg,negative,hose_bib,train,negative,0,openverse,9cd0c97b-e8fe-4e14-8a01-c9d1986f8ebb,Star Type 9172,https://www.flickr.com/photos/23807199@N00/3126426977,https://live.staticflickr.com/3076/3126426977_6efef5c8dc_b.jpg,by-sa,2.0,https://creativecommons.org/licenses/by-sa/2.0/,mliu92,https://www.flickr.com/photos/23807199@N00,23807199@N00,flickr:23807199@N00,05fa920f6053a0ea62abdfcd4790f49dccd25689,1024,768,hose bib
images/negative/openverse_a0db191b5524433a8cb379cc9a361f54.jpg,negative,mailbox,train,negative,0,openverse,a0db191b-5524-433a-8cb3-79cc9a361f54,New Mailbox,https://www.flickr.com/photos/14771153@N04/7691285438,https://live.staticflickr.com/7137/7691285438_0370e757b8_b.jpg,by,2.0,https://creativecommons.org/licenses/by/2.0/,slgckgc,https://www.flickr.com/photos/14771153@N04,14771153@N04,flickr:14771153@N04,02bfa6a7789fa0ed8be4df5e61a785e3ee19f230,1024,679,mailbox
images/negative/openverse_a2ae302cdd5c4f77abc2dc3d6c100397.jpg,negative,telecom_box,val,negative,0,openverse,a2ae302c-dd5c-4f77-abc2-dc3d6c100397,Worcester Shrub Hill Station - red telephone box,https://www.flickr.com/photos/39415781@N06/6368372037,https://live.staticflickr.com/6232/6368372037_866e2e96aa_b.jpg,by,2.0,https://creativecommons.org/licenses/by/2.0/,ell brown,https://www.flickr.com/photos/39415781@N06,39415781@N06,flickr:39415781@N06,ff5ce5b17b60ab239f9b82f259461fac7c87e559,768,1024,telephone box wall
images/negative/openverse_a303ad47bbe74b63a469d32708cb1d8a.jpg,negative,telecom_box,val,negative,0,openverse,a303ad47-bbe7-4b63-a469-d32708cb1d8a,London_phone_boxes,https://www.flickr.com/photos/24269497@N00/2282565992,https://live.staticflickr.com/3234/2282565992_ae5858b950_b.jpg,by-sa,2.0,https://creativecommons.org/licenses/by-sa/2.0/,Cauthon,https://www.flickr.com/photos/24269497@N00,24269497@N00,flickr:24269497@N00,17ba1548cbee0be24e67306b98ae5606e5765079,609,1024,telephone box wall
images/negative/openverse_a359b149fd574a4eb90c3ef50ed17469.jpg,negative,water_meter,train,negative_flagged,0,openverse,a359b149-fd57-4a4e-b90c-3ef50ed17469,water meter,https://www.flickr.com/photos/59323989@N00/3628739339,https://live.staticflickr.com/3416/3628739339_33401f785f_b.jpg,by,2.0,https://creativecommons.org/licenses/by/2.0/,seabamirum,https://www.flickr.com/photos/59323989@N00,59323989@N00,flickr:59323989@N00,3537b13a7e68f281f33da62735aa4193b460b56a,1024,683,water meter
images/negative/openverse_a5e3820d47fa4211bbdedbe68d239ebf.jpg,negative,air_conditioner_condenser,val,negative_flagged,0,openverse,a5e3820d-47fa-4211-bbde-dbe68d239ebf,Cleaning your AC Condenser Unit,https://www.flickr.com/photos/193473686@N05/51327327962,https://live.staticflickr.com/65535/51327327962_8fcdab9eef_b.jpg,by,2.0,https://creativecommons.org/licenses/by/2.0/,Phyxter Home Services,https://www.flickr.com/photos/193473686@N05,193473686@N05,flickr:193473686@N05,c82d8d9c014f06436af470190b38d020d0f9bbeb,1024,768,air conditioner condenser
images/negative/openverse_a626ccc0de1a4393ad1492114c481264.jpg,negative,water_meter,train,negative,0,openverse,a626ccc0-de1a-4393-ad14-92114c481264,A leaky water meter wasting water in a water scarce town,https://www.flickr.com/photos/133547065@N03/19945706903,https://live.staticflickr.com/5709/19945706903_e784809dc3_b.jpg,by,2.0,https://creativecommons.org/licenses/by/2.0/,reachwater.org.uk,https://www.flickr.com/photos/133547065@N03,133547065@N03,flickr:133547065@N03,cfc05918361566100847772390fb3edbcb1fdea7,1024,768,water meter
images/negative/openverse_a66da8049dd440c4b11eb56a28147abe.jpg,negative,hose_bib,train,negative_flagged,0,openverse,a66da804-9dd4-40c4-b11e-b56a28147abe,filler,https://www.flickr.com/photos/51035786238@N01/10661718233,https://live.staticflickr.com/7377/10661718233_627ff56ee7_b.jpg,by,2.0,https://creativecommons.org/licenses/by/2.0/,RBerteig,https://www.flickr.com/photos/51035786238@N01,51035786238@N01,flickr:51035786238@N01,20a667fef6ca49847475432b5d35eab5bbe75bcb,768,1024,hose bib
images/negative/openverse_a732faae95ff45cfa03c24d06074c95b.jpg,negative,telecom_box,train,negative,0,openverse,a732faae-95ff-45cf-a03c-24d06074c95b,Samuel Beckett Bridge [ Open / Close Cycle],https://www.flickr.com/photos/80824546@N00/4694227290,https://live.staticflickr.com/4022/4694227290_4af59cb9a7_b.jpg,by-sa,2.0,https://creativecommons.org/licenses/by-sa/2.0/,infomatique,https://www.flickr.com/photos/80824546@N00,80824546@N00,flickr:80824546@N00,cad0981d13caea02077c3dfe03d1480842876882,1024,683,cable box outside
images/negative/openverse_a92a821fe1de4150b0a4c5e519cb0a18.jpg,negative,hose_bib,train,negative,0,openverse,a92a821f-e1de-4150-b0a4-c5e519cb0a18,"Purple artist's water and spigot (faucet), with plant and red walls, Mexican tile, Zona Centro, Guadalajara, Jalisco, Mexico 6757",https://www.flickr.com/photos/71401718@N00/3469164118,https://live.staticflickr.com/3541/3469164118_234b1a697b_b.jpg,by,2.0,https://creativecommons.org/licenses/by/2.0/,Wonderlane,https://www.flickr.com/photos/71401718@N00,71401718@N00,flickr:71401718@N00,b7666223c45847fee9c25f4bf4e243b460f62f27,1024,681,spigot
images/negative/openverse_a9ff57cf7ed1415d8353217c4d48dc12.jpg,negative,hose_bib,train,negative,0,openverse,a9ff57cf-7ed1-415d-8353-217c4d48dc12,Hose bib needs caulking,https://www.flickr.com/photos/14529688@N08/6164141287,https://live.staticflickr.com/6177/6164141287_13a8170dc7_b.jpg,by,2.0,https://creativecommons.org/licenses/by/2.0/,Ken_Mayer,https://www.flickr.com/photos/14529688@N08,14529688@N08,flickr:14529688@N08,8888c2d18bd91d535023b65bbb15b73676952d8d,768,1024,hose bib
images/negative/openverse_aacdb5c676f44aa3886f2cd23864d0ce.jpg,negative,water_meter,train,negative,0,openverse,aacdb5c6-76f4-4aa3-886f-2cd23864d0ce,New Orleans water meter jewelry,https://www.flickr.com/photos/24431382@N03/16369105552,https://live.staticflickr.com/7358/16369105552_31002c99f6_b.jpg,by,2.0,https://creativecommons.org/licenses/by/2.0/,Eric Fischer,https://www.flickr.com/photos/24431382@N03,24431382@N03,flickr:24431382@N03,8fd2f356b0241feb2ddd299dac5136dd3c56c61c,1024,768,water meter
images/negative/openverse_acb3cf82f6664bc6af55f093919e550a.jpg,negative,mailbox,train,negative,0,openverse,acb3cf82-f666-4bc6-af55-f093919e550a,Old US Mailbox,https://www.flickr.com/photos/24644161@N00/3048265612,https://live.staticflickr.com/3170/3048265612_5b8b6c5079_b.jpg,by,2.0,https://creativecommons.org/licenses/by/2.0/,imurf,https://www.flickr.com/photos/24644161@N00,24644161@N00,flickr:24644161@N00,944812703a6b30bb21155b82c483487aef550562,684,1023,mailbox
images/negative/openverse_ae2cc817d7b04b09bf9ccf65d3a10cf9.jpg,negative,mailbox,train,negative,0,openverse,ae2cc817-d7b0-4b09-bf9c-cf65d3a10cf9,Mailbox,https://www.flickr.com/photos/94471921@N00/475529847,https://live.staticflickr.com/198/475529847_2857ceb36f_b.jpg,by,2.0,https://creativecommons.org/licenses/by/2.0/,i_yudai,https://www.flickr.com/photos/94471921@N00,94471921@N00,flickr:94471921@N00,67ec34967faafe840b1f0b04f7d1e4f5b3a65ba0,683,1024,mailbox
images/negative/openverse_aecd80ef29d34542b262a99e1054f31b.jpg,negative,electrical_junction_box,train,negative,0,openverse,aecd80ef-29d3-4542-b262-a99e1054f31b,"Salamander In The Spandrel, Putto On The Echinus, Junction Box (Washington, DC)",https://www.flickr.com/photos/38782010@N00/1290306003,https://live.staticflickr.com/1316/1290306003_a3aa97a125_b.jpg,by,2.0,https://creativecommons.org/licenses/by/2.0/,takomabibelot,https://www.flickr.com/photos/38782010@N00,38782010@N00,flickr:38782010@N00,9638d6ce2e9f27419b8e2df89e26e28ff030cc69,1024,1024,junction box
images/negative/openverse_af587a0f76934f1d82e00717ba2deeef.jpg,negative,electrical_junction_box,train,negative_flagged,0,openverse,af587a0f-7693-4f1d-82e0-0717ba2deeef,"CS179 39th St. & B13 - Installation of Junction Box, Switches and Conduits for the LED Lights in Emergency Power Room 703 (08-14-2017)",https://www.flickr.com/photos/59595815@N03/35799482554,https://live.staticflickr.com/4366/35799482554_2bc0f80e76_b.jpg,by,2.0,https://creativecommons.org/licenses/by/2.0/,MTA C&D - EAST SIDE ACCESS,https://www.flickr.com/photos/59595815@N03,59595815@N03,flickr:59595815@N03,ded18cdff69c5705dfd2458412b79eebf6138a5e,1024,768,junction box
images/negative/openverse_af96eda1873e4c74b710f600b23eed5e.jpg,negative,hose_bib,train,negative_flagged,0,openverse,af96eda1-873e-4c74-b710-f600b23eed5e,Fire Protection 6228,https://www.flickr.com/photos/23807199@N00/2812978120,https://live.staticflickr.com/3163/2812978120_46f4e93ce6_b.jpg,by-sa,2.0,https://creativecommons.org/licenses/by-sa/2.0/,mliu92,https://www.flickr.com/photos/23807199@N00,23807199@N00,flickr:23807199@N00,35c07e5a065cb8d1b63a0fe87089c9edf0e8393d,1024,768,hose bib
images/negative/openverse_b022291a710347afb930e869778293dc.jpg,negative,hose_bib,train,negative,0,openverse,b022291a-7103-47af-b930-e869778293dc,Street Spigot,https://www.flickr.com/photos/40467171@N00/3572234090,https://live.staticflickr.com/3326/3572234090_ceefcdb427_b.jpg,by,2.0,https://creativecommons.org/licenses/by/2.0/,laszlo-photo,https://www.flickr.com/photos/40467171@N00,40467171@N00,flickr:40467171@N00,13d7fc3c2d0319b57cf708806c06e0452400dec0,1024,683,spigot
images/negative/openverse_b03f2bb1a15e448885f4516028bf8f0b.jpg,negative,pool_equipment,val,negative,0,openverse,b03f2bb1-a15e-4488-85f4-516028bf8f0b,Irish Pool Filter,https://www.flickr.com/photos/23206546@N04/7205271304,https://live.staticflickr.com/8003/7205271304_e5f18bc212_b.jpg,by,2.0,https://creativecommons.org/licenses/by/2.0/,Rusty Clark ~ 100K Photos,https://www.flickr.com/photos/23206546@N04,23206546@N04,flickr:23206546@N04,7fb9153c891e681ef11e6a2c14115399a9ce51ed,1024,768,pool filter
images/negative/openverse_b7e8eb82c351410f926fe9234d798ce3.jpg,negative,water_meter,train,negative,0,openverse,b7e8eb82-c351-410f-926f-e9234d798ce3,Water Meter,https://www.flickr.com/photos/44124372247@N01/12829058,https://live.staticflickr.com/9/12829058_8cd8561555_b.jpg,by,2.0,https://creativecommons.org/licenses/by/2.0/,jeffk,https://www.flickr.com/photos/44124372247@N01,44124372247@N01,flickr:44124372247@N01,39249491fd12c5d85ef56a3dc817ad17441515b7,1024,683,water meter
images/negative/openverse_b87008a30a5147bf9f77c6463ee08aaa.jpg,negative,air_conditioner_condenser,train,negative,0,openverse,b87008a3-0a51-47bf-9f77-c6463ee08aaa,California National Guard,https://www.flickr.com/photos/33252741@N08/53211567557,https://live.staticflickr.com/65535/53211567557_27836be7ff_b.jpg,by,2.0,https://creativecommons.org/licenses/by/2.0/,The National Guard,https://www.flickr.com/photos/33252741@N08,33252741@N08,flickr:33252741@N08,8eae18e925987806943d49ffcf81f08766b778fb,1023,731,ac unit outside
images/negative/openverse_b96cee15677645399f504e021878efa6.jpg,negative,hose_bib,train,negative,0,openverse,b96cee15-6776-4539-9f50-4e021878efa6,Spigot Contraption,https://www.flickr.com/photos/62248962@N00/185034508,https://live.staticflickr.com/78/185034508_84ef6215f4_b.jpg,by,2.0,https://creativecommons.org/licenses/by/2.0/,jarrodlombardo,https://www.flickr.com/photos/62248962@N00,62248962@N00,flickr:62248962@N00,43004ed664c3dde0fd30cc25f5bd9e28abe2122e,768,1024,spigot
images/negative/openverse_b97a6a8176f74ae39efb2a77ad9e55f9.jpg,negative,telecom_box,train,negative_flagged,0,openverse,b97a6a81-76f7-4ae3-9efb-2a77ad9e55f9,Central cable box,https://www.flickr.com/photos/75062596@N00/5057320008,https://live.staticflickr.com/4125/5057320008_c1f4b87d97_b.jpg,by-sa,2.0,https://creativecommons.org/licenses/by-sa/2.0/,Lars Plougmann,https://www.flickr.com/photos/75062596@N00,75062596@N00,flickr:75062596@N00,eeaacfd0a103b83a650ea2d7e17f47f776089bc7,768,1024,cable box outside
images/negative/openverse_bc0c400dfc0a416a8ad37a18a09e1fa6.jpg,negative,hose_bib,train,negative,0,openverse,bc0c400d-fc0a-416a-8ad3-7a18a09e1fa6,"LAMA G's Cafe, Tibetan Buddhist Auspicious symbols, double jumping fish at water spigot, heart, vase of victory, Buddha, plants, wall mural, spray paint, Fremont, Seattle, Washington, USA",https://www.flickr.com/photos/71401718@N00/6696892947,https://live.staticflickr.com/7030/6696892947_227be90d18_b.jpg,cc0,1.0,https://creativecommons.org/publicdomain/zero/1.0/,Wonderlane,https://www.flickr.com/photos/71401718@N00,71401718@N00,flickr:71401718@N00,116afba99dc540a76dbd9204e5165fac81376fbc,1023,681,spigot
images/negative/openverse_bcbcb17ce1af47ddb3a8c3a27cdead06.jpg,negative,water_meter,train,negative,0,openverse,bcbcb17c-e1af-47dd-b3a8-c3a27cdead06,New Orleans Water Meter,https://www.flickr.com/photos/71645600@N00/2387037471,https://live.staticflickr.com/3078/2387037471_1539901b76.jpg,by,2.0,https://creativecommons.org/licenses/by/2.0/,AuthenticEccentric,https://www.flickr.com/photos/71645600@N00,71645600@N00,flickr:71645600@N00,2e1cb04d5dbc8586d7918f39c6a46d40d9bc1d2f,500,481,water meter
images/negative/openverse_bf1a71ece03f430a9e3d15ee6d7b0b67.jpg,negative,telecom_box,val,negative,0,openverse,bf1a71ec-e03f-430a-9e3d-15ee6d7b0b67,Minterne Magna - telephone box and cottages,https://www.flickr.com/photos/39415781@N06/7160097104,https://live.staticflickr.com/5470/7160097104_cb64a29dcf_b.jpg,by,2.0,https://creativecommons.org/licenses/by/2.0/,ell brown,https://www.flickr.com/photos/39415781@N06,39415781@N06,flickr:39415781@N06,b61e3fe04288cc9d8b1bece35e5721e9cffe754a,1024,768,telephone box wall
images/negative/openverse_c1da19f8ae4e414eae6d71bc9f9d3876.jpg,negative,pool_equipment,train,negative,0,openverse,c1da19f8-ae4e-414e-ae6d-71bc9f9d3876,Sandfilter Pump Part / Pool Pump,https://www.thingiverse.com/thing:1448505,https://cdn.thingiverse.com/renders/94/b4/f1/ec/0d/d7341986b6f7f4572d799e1f66cc4b19_display_large.jpg,cc0,1.0,https://creativecommons.org/publicdomain/zero/1.0/,Robert Bartl,https://www.thingiverse.com/rbartl,rbartl,thingiverse:rbartl,7e92c2363bb0fbebdf197a9a2ee2a76e2ccdecff,1024,768,pool pump
images/negative/openverse_c27af86f23944c459355aaff1a504dbc.jpg,negative,telecom_box,val,negative,0,openverse,c27af86f-2394-4c45-9355-aaff1a504dbc,The East Gate and St Peter's Chapel - Warwick - red K6 Telephone Kiosk and red Pillar Box,https://www.flickr.com/photos/39415781@N06/3644246349,https://live.staticflickr.com/2302/3644246349_980eba5357_b.jpg,by,2.0,https://creativecommons.org/licenses/by/2.0/,ell brown,https://www.flickr.com/photos/39415781@N06,39415781@N06,flickr:39415781@N06,b72fcdfe33604954a3423ed460d9273812aa2dce,1024,768,telephone box wall
images/negative/openverse_c443a72845b44c289d737548c29b3a54.jpg,negative,pool_equipment,train,negative,0,openverse,c443a728-45b4-4c28-9d73-7548c29b3a54,William Mullholand Memorial Fountain - Griffith Park - Engraved Boulder,https://www.flickr.com/photos/12806074@N08/2825949242,https://live.staticflickr.com/3243/2825949242_d9d39b623c_b.jpg,by-sa,2.0,https://creativecommons.org/licenses/by-sa/2.0/,tkksummers,https://www.flickr.com/photos/12806074@N08,12806074@N08,flickr:12806074@N08,3eca1e00967068fcacdb15be9d2ed4092fbe1703,768,1024,pool pump
images/negative/openverse_c585fe904e634dfd8f947ba0f15fe40f.jpg,negative,water_meter,train,negative,0,openverse,c585fe90-4e63-4dfd-8f94-7ba0f15fe40f,Several versions of the New Orleans water meter,https://www.flickr.com/photos/24431382@N03/16369105692,https://live.staticflickr.com/7452/16369105692_eed21d196e_b.jpg,by,2.0,https://creativecommons.org/licenses/by/2.0/,Eric Fischer,https://www.flickr.com/photos/24431382@N03,24431382@N03,flickr:24431382@N03,087ac9384e9c8fb1722f63de15fc73e94a4ef226,768,1024,water meter
images/negative/openverse_c592334316894afdb9170c2055f27981.jpg,negative,hose_bib,train,negative,0,openverse,c5923343-1689-4afd-b917-0c2055f27981,The Laundry Zone,https://www.flickr.com/photos/60153610@N00/4503659181,https://live.staticflickr.com/4006/4503659181_c094752289_b.jpg,by-sa,2.0,https://creativecommons.org/licenses/by-sa/2.0/,tornatore,https://www.flickr.com/photos/60153610@N00,60153610@N00,flickr:60153610@N00,3bcc9d8392a7020e2aaea6e51b1b80c3607e96de,1024,768,hose bib
images/negative/openverse_c820745af4ec436a96b2da3b3837d15b.jpg,negative,electrical_junction_box,train,negative,0,openverse,c820745a-f4ec-436a-96b2-da3b3837d15b,Telephone Junction Box 2,https://www.flickr.com/photos/73824740@N00/285326545,https://live.staticflickr.com/120/285326545_6c9e4b5a34_b.jpg,by,2.0,https://creativecommons.org/licenses/by/2.0/,gurneyh,https://www.flickr.com/photos/73824740@N00,73824740@N00,flickr:73824740@N00,c88720eb2400befe2b5d709f609d29f9c1e93696,1024,768,junction box
images/negative/openverse_c8d687688539446f92c4936ab0c95faf.jpg,negative,telecom_box,train,negative,0,openverse,c8d68768-8539-446f-92c4-936ab0c95faf,Elvis Graffiti on Cable Box - Outside Graceland (Elvis Presley Mansion) - Memphis - Tennessee - USA,https://www.flickr.com/photos/41000732@N04/7206776906,https://live.staticflickr.com/7240/7206776906_8345447267_b.jpg,by-sa,2.0,https://creativecommons.org/licenses/by-sa/2.0/,"Adam Jones, Ph.D. - Global Photo Archive",https://www.flickr.com/photos/41000732@N04,41000732@N04,flickr:41000732@N04,557945b7fdcff4cb7d734d11eb65a396317a5150,768,1024,cable box outside
images/negative/openverse_cb04d00e3f254cf7856f90e884ea7cba.jpg,negative,electrical_junction_box,train,negative,0,openverse,cb04d00e-3f25-4cf7-856f-90e884ea7cba,"Streetlight Bird Stencil & Junction Box 'A2' Graffiti, Corner Of Thirteenth Street, NW, Spring Street, NW, & Kansas Street NW (Washington, DC)",https://www.flickr.com/photos/38782010@N00/490567002,https://live.staticflickr.com/197/490567002_a7a9b054af_b.jpg,by,2.0,https://creativecommons.org/licenses/by/2.0/,takomabibelot,https://www.flickr.com/photos/38782010@N00,38782010@N00,flickr:38782010@N00,0e0f99ca8f2300dce0951aff93250756327403c4,1023,614,junction box
images/negative/openverse_cb330cbcc1944db0a0e9ffa64c588a46.jpg,negative,electrical_junction_box,train,negative,0,openverse,cb330cbc-c194-4db0-a0e9-ffa64c588a46,"Complete installation of Heater Disconnect Switch for track and catenary pole. (FHA02, 4-13-2018)",https://www.flickr.com/photos/59595815@N03/39620886950,https://live.staticflickr.com/868/39620886950_0a6eec9f2e_b.jpg,by,2.0,https://creativecommons.org/licenses/by/2.0/,MTA C&D - EAST SIDE ACCESS,https://www.flickr.com/photos/59595815@N03,59595815@N03,flickr:59595815@N03,ac5ce1faf3f707989530cf818c299a66aaf468d6,1024,731,disconnect switch
images/negative/openverse_cf249967568c4a64831fbb690a7864e6.jpg,negative,hose_bib,val,negative,0,openverse,cf249967-568c-4a64-831f-bb690a7864e6,Close-up of a spigot on a wood barrel,https://www.flickr.com/photos/26344495@N05/48774202413,https://live.staticflickr.com/65535/48774202413_a7ca13115c_b.jpg,by,2.0,https://creativecommons.org/licenses/by/2.0/,Ivan Radic,https://www.flickr.com/photos/26344495@N05,26344495@N05,flickr:26344495@N05,7f0d10a76c3a3e128d25e0faaa01a5798e71af93,1024,683,spigot
images/negative/openverse_d09827f7fa6545cbaa8d4f70251f3f53.jpg,negative,electrical_junction_box,train,negative,0,openverse,d09827f7-fa65-45cb-aa8d-4f70251f3f53,"'Witch-Craft?? Black-Magic??? Trail Tracking' Taped to a Junction Box (Washington, DC)",https://www.flickr.com/photos/38782010@N00/3475024406,https://live.staticflickr.com/3366/3475024406_d09d5748cd_b.jpg,cc0,1.0,https://creativecommons.org/publicdomain/zero/1.0/,takomabibelot,https://www.flickr.com/photos/38782010@N00,38782010@N00,flickr:38782010@N00,82f3c8dcdbae4dd963ee43107eac2b28e738eb6f,767,1024,junction box
images/negative/openverse_d221dd029c354f1b8f9c13d627804cea.jpg,negative,electrical_junction_box,train,negative,0,openverse,d221dd02-9c35-4f1b-8f9c-13d627804cea,Solar junction box connected P1000693,https://www.flickr.com/photos/22746936@N02/5392892096,https://live.staticflickr.com/5014/5392892096_42a2262a5b_b.jpg,by-sa,2.0,https://creativecommons.org/licenses/by-sa/2.0/,CoCreatr,https://www.flickr.com/photos/22746936@N02,22746936@N02,flickr:22746936@N02,2658387e87c7ab09d6fce2b56feb83bdd5e23c58,1023,576,junction box
images/negative/openverse_d424a87a604842a292dec07003bce3b9.jpg,negative,electrical_junction_box,train,negative,0,openverse,d424a87a-6048-42a2-92de-c07003bce3b9,"Behind Bars Stencil on a Junction Box (Silver Spring, MD)",https://www.flickr.com/photos/38782010@N00/2390792938,https://live.staticflickr.com/3083/2390792938_f853171573_b.jpg,by,2.0,https://creativecommons.org/licenses/by/2.0/,takomabibelot,https://www.flickr.com/photos/38782010@N00,38782010@N00,flickr:38782010@N00,ed72af444e187eb6457d556da529d6255c4a89db,753,1024,junction box
images/negative/openverse_d7a768ecd76c4f869515dea56bbbb07b.jpg,negative,telecom_box,val,negative_flagged,0,openverse,d7a768ec-d76c-4f86-9515-dea56bbbb07b,"Red telephone box - St John Street, Lichfield",https://www.flickr.com/photos/39415781@N06/6686538979,https://live.staticflickr.com/7002/6686538979_1a6bd05617_b.jpg,by,2.0,https://creativecommons.org/licenses/by/2.0/,ell brown,https://www.flickr.com/photos/39415781@N06,39415781@N06,flickr:39415781@N06,b7ee8d2f44b7618d9a8baef589d4ea8e6980eab5,768,1024,telephone box wall
images/negative/openverse_da22ffddce1541378d08d50686ce22d2.jpg,negative,mailbox,train,negative,0,openverse,da22ffdd-ce15-4137-8d08-d50686ce22d2,for sale by owner,https://www.flickr.com/photos/59937401@N07/5687457093,https://live.staticflickr.com/5309/5687457093_4d8ab74e01_b.jpg,by,2.0,https://creativecommons.org/licenses/by/2.0/,Images_of_Money,https://www.flickr.com/photos/59937401@N07,59937401@N07,flickr:59937401@N07,e881650cc7f18c821f316a6c45a5fff5a2f48220,768,1024,mailbox house
images/negative/openverse_db2c2ac996c64301a9be892981be9d5d.jpg,negative,water_meter,train,negative_flagged,0,openverse,db2c2ac9-96c6-4301-a9be-892981be9d5d,Trouble shooting and repairing door access in a water meter closet in Queens.,https://www.flickr.com/photos/59595815@N03/49785619506,https://live.staticflickr.com/65535/49785619506_cc2fd0b25a_b.jpg,by,2.0,https://creativecommons.org/licenses/by/2.0/,MTA C&D - EAST SIDE ACCESS,https://www.flickr.com/photos/59595815@N03,59595815@N03,flickr:59595815@N03,3721376134826a952cde9107acbc1c52686dbfdb,1024,683,water meter
images/negative/openverse_dd16d4b632744b6e9e482ef45f07cc9a.jpg,negative,water_meter,train,negative_flagged,0,openverse,dd16d4b6-3274-4b6e-9e48-2ef45f07cc9a,Temporary Water Meter,https://www.flickr.com/photos/70981241@N00/52029984707,https://live.staticflickr.com/65535/52029984707_0933f5bc23_b.jpg,by,2.0,https://creativecommons.org/licenses/by/2.0/,Welcome to Switzerland backstage!,https://www.flickr.com/photos/70981241@N00,70981241@N00,flickr:70981241@N00,cae89aee9bd1d9544874f655de4413e1c7979c43,1024,683,water meter
images/negative/openverse_dd2db06886bf40549d6d4d85454f71f1.jpg,negative,electrical_junction_box,train,negative,0,openverse,dd2db068-86bf-4054-9d6d-4d85454f71f1,"Junction Box Graffiti & Rusted Screen Door At Fairmont Avenue, NW & Georgia Avenue, NW (Washington, DC)",https://www.flickr.com/photos/38782010@N00/445480635,https://live.staticflickr.com/173/445480635_7c371dfa7a_b.jpg,by,2.0,https://creativecommons.org/licenses/by/2.0/,takomabibelot,https://www.flickr.com/photos/38782010@N00,38782010@N00,flickr:38782010@N00,efab0ac4997454aa1be10e814d687768eabf9dff,614,1023,junction box
images/negative/openverse_de47ce4ca81a4267ac06895f7eceb132.jpg,negative,water_meter,train,negative,0,openverse,de47ce4c-a81a-4267-ac06-895f7eceb132,Electricians pulling wires in the back of house water meter room at the 50th Street vent facility. 11-14-2019,https://www.flickr.com/photos/59595815@N03/49070981152,https://live.staticflickr.com/65535/49070981152_c7c94be8e3_b.jpg,by,2.0,https://creativecommons.org/licenses/by/2.0/,MTA C&D - EAST SIDE ACCESS,https://www.flickr.com/photos/59595815@N03,59595815@N03,flickr:59595815@N03,4386550b5c88f99c6da928db3721ea874661ffcb,1024,768,water meter
images/negative/openverse_df553747b26a4ed48ef86ad8220d598e.jpg,negative,electrical_junction_box,train,negative,0,openverse,df553747-b26a-4ed4-8ef8-6ad8220d598e,High-voltage fuses and disconnect switch,https://www.flickr.com/photos/22848630@N08/4099440807,https://live.staticflickr.com/2504/4099440807_3c7a6ee3f6_b.jpg,by,2.0,https://creativecommons.org/licenses/by/2.0/,pchernik,https://www.flickr.com/photos/22848630@N08,22848630@N08,flickr:22848630@N08,fb7562e90295de36996f03d1878ac16b1016ec4e,1024,680,disconnect switch
images/negative/openverse_dffb2d74263c41d390ffb3bc512cb052.jpg,negative,water_meter,val,negative_flagged,0,openverse,dffb2d74-263c-41d3-90ff-b3bc512cb052,Water Meter,https://www.flickr.com/photos/53332339@N00/321872653,https://live.staticflickr.com/144/321872653_0fab7c0be4_b.jpg,by,2.0,https://creativecommons.org/licenses/by/2.0/,Beige Alert,https://www.flickr.com/photos/53332339@N00,53332339@N00,flickr:53332339@N00,b426b61b912563c798033b6e087bff242243c22e,1024,672,water meter
images/negative/openverse_e213a0f468004e1cbfc08889728849c4.jpg,negative,water_meter,train,negative,0,openverse,e213a0f4-6800-4e1c-bfc0-8889728849c4,CM004 - Rebar Installation for the East Wall of Water Meter Room on First Basement Level (08-16-2013),https://www.flickr.com/photos/59595815@N03/9569475307,https://live.staticflickr.com/5489/9569475307_6799c89a14_b.jpg,by,2.0,https://creativecommons.org/licenses/by/2.0/,MTA C&D - EAST SIDE ACCESS,https://www.flickr.com/photos/59595815@N03,59595815@N03,flickr:59595815@N03,98fb48363d0fbfdde1bde8179e872af67c49f3f2,1024,576,water meter
images/negative/openverse_e2da86ec70c34c7d82837f2976022d1e.jpg,negative,mailbox,train,negative,0,openverse,e2da86ec-70c3-4c7d-8283-7f2976022d1e,Got mail,https://www.flickr.com/photos/50451886@N00/3597223943,https://live.staticflickr.com/3394/3597223943_f9bb349bdb_b.jpg,by,2.0,https://creativecommons.org/licenses/by/2.0/,Marco Bellucci,https://www.flickr.com/photos/50451886@N00,50451886@N00,flickr:50451886@N00,2e61a03be4b3affc328f1f85f314b5091d859d83,1024,677,mailbox house
images/negative/openverse_e718c9414df346cd869084b4d992f91c.jpg,negative,electrical_junction_box,train,negative_flagged,0,openverse,e718c941-4df3-46cd-8690-84b4d992f91c,Feeding wires from panels to disconnect switches for heaters in a storage building in the future Mid-Day Storage Yard. 07-28-21,https://www.flickr.com/photos/59595815@N03/51362052615,https://live.staticflickr.com/65535/51362052615_afcf07b375_b.jpg,by,2.0,https://creativecommons.org/licenses/by/2.0/,MTA C&D - EAST SIDE ACCESS,https://www.flickr.com/photos/59595815@N03,59595815@N03,flickr:59595815@N03,dc8ec5bbcb91a97737cceb129a91ed365173cf62,518,920,disconnect switch
images/negative/openverse_e9d9932dfaa747c785a96895fa896983.jpg,negative,mailbox,val,negative,0,openverse,e9d9932d-faa7-47c7-85a9-6895fa896983,"Man, Mailboxes, Street Art",https://www.flickr.com/photos/96323831@N06/14650939164,https://live.staticflickr.com/3895/14650939164_3662ae106c_b.jpg,by-sa,2.0,https://creativecommons.org/licenses/by-sa/2.0/,kohlmann.sascha,https://www.flickr.com/photos/96323831@N06,96323831@N06,flickr:96323831@N06,031997579c2592136deab4955a5bbf59d6400c06,1024,768,mailbox
images/negative/openverse_ee04de40528b40469494a5a83d3a7d5b.jpg,negative,electrical_junction_box,train,negative,0,openverse,ee04de40-528b-4046-9494-a5a83d3a7d5b,"Expired End-Times Prophecy Taped To A Junction Box (Washington, DC)",https://www.flickr.com/photos/38782010@N00/407336059,https://live.staticflickr.com/137/407336059_dd59cea2e2_b.jpg,cc0,1.0,https://creativecommons.org/publicdomain/zero/1.0/,takomabibelot,https://www.flickr.com/photos/38782010@N00,38782010@N00,flickr:38782010@N00,f1aeda4b637ad3c39c27a2b6691a790cdcf0cd1f,768,1024,junction box
images/negative/openverse_f08ca2153b484ddf9acf3f96a7a04948.jpg,negative,electrical_junction_box,train,negative,0,openverse,f08ca215-3b48-4ddf-9acf-3f96a7a04948,"Junction Box, Mary's Abbey",https://www.flickr.com/photos/65378423@N08/9744002832,https://live.staticflickr.com/7288/9744002832_e2a69a0420_b.jpg,by-sa,2.0,https://creativecommons.org/licenses/by-sa/2.0/,Rob Hurson,https://www.flickr.com/photos/65378423@N08,65378423@N08,flickr:65378423@N08,595dff2432381bca36802235353dcbabf072b6f6,1024,678,junction box
images/negative/openverse_f09c74e7a01a46a79ecb60961c5052dd.jpg,negative,hose_bib,train,negative,0,openverse,f09c74e7-a01a-46a7-9ecb-60961c5052dd,Monster oaks,https://www.flickr.com/photos/26209464@N00/4147451646,https://live.staticflickr.com/2643/4147451646_89d5f7446a_b.jpg,by-sa,2.0,https://creativecommons.org/licenses/by-sa/2.0/,simonov,https://www.flickr.com/photos/26209464@N00,26209464@N00,flickr:26209464@N00,c3bd12179b186244da08663ea190b215d79dedd4,1024,768,hose bib
images/negative/openverse_f0c97dbc967842e1abaa292ba91e6184.jpg,negative,telecom_box,train,negative,0,openverse,f0c97dbc-9678-42e1-abaa-292ba91e6184,Village Phone Box,https://www.flickr.com/photos/33080104@N07/15117813381,https://live.staticflickr.com/3894/15117813381_817670e18d_b.jpg,by,2.0,https://creativecommons.org/licenses/by/2.0/,Cuckooclock,https://www.flickr.com/photos/33080104@N07,33080104@N07,flickr:33080104@N07,7ddeb81da155c7274032a2bcc462fa2ee98512fc,1023,705,telephone box wall
images/negative/openverse_f20ae402aa5e45b8951c24fa476773af.jpg,negative,pool_equipment,train,negative,0,openverse,f20ae402-aa5e-45b8-951c-24fa476773af,Pool Construction,https://www.flickr.com/photos/67513462@N00/125509707,https://live.staticflickr.com/39/125509707_78ecb1efa4_b.jpg,by,2.0,https://creativecommons.org/licenses/by/2.0/,billjacobus1,https://www.flickr.com/photos/67513462@N00,67513462@N00,flickr:67513462@N00,3f712749f701c10932b0f7d33b88674d694485dd,1024,768,pool pump
images/negative/openverse_f4b709fed00440b782670f8fe000050f.jpg,negative,air_conditioner_condenser,train,negative_flagged,0,openverse,f4b709fe-d004-40b7-8267-0f8fe000050f,Layout and installation of AC units outside and above an entrance to a substation in Queens.,https://www.flickr.com/photos/59595815@N03/49627857272,https://live.staticflickr.com/65535/49627857272_185941b063_b.jpg,by,2.0,https://creativecommons.org/licenses/by/2.0/,MTA C&D - EAST SIDE ACCESS,https://www.flickr.com/photos/59595815@N03,59595815@N03,flickr:59595815@N03,012f53be1715d1fc37bf2aa5c6ad0dbbe5cac198,1024,768,ac unit outside
images/negative/openverse_f5c18018bb894e85bda0db7f451c2ac7.jpg,negative,air_conditioner_condenser,train,negative,0,openverse,f5c18018-bb89-4e85-bda0-db7f451c2ac7,"Maple Leaf Gardens, Toronto, Ontario",https://www.flickr.com/photos/75683070@N00/29375277904,https://live.staticflickr.com/65535/29375277904_bf3889d7d9_b.jpg,by-sa,2.0,https://creativecommons.org/licenses/by-sa/2.0/,Ken Lund,https://www.flickr.com/photos/75683070@N00,75683070@N00,flickr:75683070@N00,a97f08e1b4246f5bc36cec94f5b6d57f4ec10cff,1023,614,ac unit outside
images/negative/openverse_f7b59c5ef75f4db6be6da5db69485caa.jpg,negative,air_conditioner_condenser,train,negative,0,openverse,f7b59c5e-f75f-4db6-be6d-a5db69485caa,"Maple Leaf Gardens, Toronto, Ontario",https://www.flickr.com/photos/75683070@N00/29708978090,https://live.staticflickr.com/65535/29708978090_0e1a49a120_b.jpg,by-sa,2.0,https://creativecommons.org/licenses/by-sa/2.0/,Ken Lund,https://www.flickr.com/photos/75683070@N00,75683070@N00,flickr:75683070@N00,34ca24494f29ad4c63ac0efa09ea3a0ad5880262,1024,697,ac unit outside
images/negative/openverse_f9eccb62bddc4c26a52191de743c0ee3.jpg,negative,pool_equipment,train,negative_flagged,0,openverse,f9eccb62-bddc-4c26-a521-91de743c0ee3,Pool Pump Motor,https://www.flickr.com/photos/67513462@N00/241306064,https://live.staticflickr.com/98/241306064_9753456ff7_b.jpg,by,2.0,https://creativecommons.org/licenses/by/2.0/,billjacobus1,https://www.flickr.com/photos/67513462@N00,67513462@N00,flickr:67513462@N00,83769378f2aaf58c60b20870eea3bf5323453b55,1024,768,pool pump
images/negative/openverse_fa77dde58bc64232b618af8ce9822964.jpg,negative,electrical_junction_box,train,negative,0,openverse,fa77dde5-8bc6-4232-b618-af8ce9822964,Telephone Junction Box 1,https://www.flickr.com/photos/73824740@N00/285326542,https://live.staticflickr.com/100/285326542_a27b852c45_b.jpg,by,2.0,https://creativecommons.org/licenses/by/2.0/,gurneyh,https://www.flickr.com/photos/73824740@N00,73824740@N00,flickr:73824740@N00,09d78d442be92fba67f212a77a73d1d121972746,1024,768,junction box
images/negative/openverse_fb4162b4a1764bcb88e336477b2b3a0c.jpg,negative,air_conditioner_condenser,train,negative,0,openverse,fb4162b4-a176-4bcb-88e3-36477b2b3a0c,Fort Furggels - The Naked Gun,https://www.flickr.com/photos/70981241@N00/49949789482,https://live.staticflickr.com/65535/49949789482_f58beeef2f_b.jpg,by,2.0,https://creativecommons.org/licenses/by/2.0/,Kecko,https://www.flickr.com/photos/70981241@N00,70981241@N00,flickr:70981241@N00,e10e6df831128fca03625314ff7da2cc77cbe2e4,1024,683,air conditioner condenser
images/negative/openverse_ffa4c86b199143bb9ad394fc236a1665.jpg,negative,mailbox,val,negative,0,openverse,ffa4c86b-1991-43bb-9ad3-94fc236a1665,"Fibre to Cabinet, Basingstoke",https://www.flickr.com/photos/27406286@N05/4218894050,https://live.staticflickr.com/2677/4218894050_c837a1bdc5_b.jpg,by,2.0,https://creativecommons.org/licenses/by/2.0/,Mike Cattell,https://www.flickr.com/photos/27406286@N05,27406286@N05,flickr:27406286@N05,bc7f310636d1972e92f507302c0684cc65fa9ac0,1024,947,mailbox house
images/negative/openverse_ffa7c04a26a749cf83efcae9384ee743.jpg,negative,mailbox,val,negative,0,openverse,ffa7c04a-26a7-49cf-83ef-cae9384ee743,Manatee Mailbox,https://www.flickr.com/photos/40646519@N00/305410327,https://live.staticflickr.com/114/305410327_3ac584274d_b.jpg,by,2.0,https://creativecommons.org/licenses/by/2.0/,Joe Shlabotnik,https://www.flickr.com/photos/40646519@N00,40646519@N00,flickr:40646519@N00,340afd4f0c23bbf8fdb6c74d9ae595cfb65730b8,1023,770,mailbox
images/gas_meter/openverse_30e7fcc0d509403a8189697c9c29bb43.jpg,gas_meter,,,cross_source_duplicate,0,openverse,30e7fcc0-d509-403a-8189-697c9c29bb43,Gas Meter,https://www.flickr.com/photos/86639298@N02/8845661187,https://live.staticflickr.com/3798/8845661187_95be778fa4_b.jpg,by,2.0,https://creativecommons.org/licenses/by/2.0/,HomeSpot HQ,https://www.flickr.com/photos/86639298@N02,86639298@N02,flickr:86639298@N02,f94ba3d23e96f960342e01506619ad33aee779f0,1024,965,gas meter
images/electric_meter/openverse_3c6265b2c4604375b2ae875394e3e736.jpg,electric_meter,,,cross_source_duplicate,0,openverse,3c6265b2-c460-4375-b2ae-875394e3e736,VIA Demos Smart Meter,https://www.flickr.com/photos/15932083@N05/4680911153,https://live.staticflickr.com/4002/4680911153_e8c5c3ca2a_b.jpg,by,2.0,https://creativecommons.org/licenses/by/2.0/,viagallery.com,https://www.flickr.com/photos/15932083@N05,15932083@N05,flickr:15932083@N05,0174d7fbf899fe9b1441c20d67b073e1e243420c,1024,681,smart meter
images/electric_meter/openverse_6998412e13604dd0ad309b02645cc374.jpg,electric_meter,,,cross_source_duplicate,0,openverse,6998412e-1360-4dd0-ad30-9b02645cc374,VIA Based Solution Smart Meter,https://www.flickr.com/photos/15932083@N05/4680911433,https://live.staticflickr.com/4055/4680911433_d8585de4b2_b.jpg,by,2.0,https://creativecommons.org/licenses/by/2.0/,viagallery.com,https://www.flickr.com/photos/15932083@N05,15932083@N05,flickr:15932083@N05,1f88ddb6747c90903961343c510980189386bca7,1024,681,smart meter
images/gas_meter/openverse_fb61b00593ee44ecb24f18ab47c85466.jpg,gas_meter,,,cross_source_duplicate,0,openverse,fb61b005-93ee-44ec-b24f-18ab47c85466,gas meters and pipes,https://www.flickr.com/photos/92842970@N00/2199570777,https://live.staticflickr.com/2181/2199570777_0f485f9fb1_b.jpg,by-sa,2.0,https://creativecommons.org/licenses/by-sa/2.0/,ivva,https://www.flickr.com/photos/92842970@N00,92842970@N00,flickr:92842970@N00,ebdbf62017e2ad5f4a672f54ceaadb22be7efeea,1024,683,gas meter
images/electric_meter/openverse_3bf21f55292441a5ab4f380d0d78ef52.jpg,electric_meter,,,cross_source_duplicate,0,openverse,3bf21f55-2924-41a5-ab4f-380d0d78ef52,kwh meter,https://www.flickr.com/photos/85278812@N00/252835649,https://live.staticflickr.com/93/252835649_ea3cd922ff_b.jpg,by,2.0,https://creativecommons.org/licenses/by/2.0/,Robbie1,https://www.flickr.com/photos/85278812@N00,85278812@N00,flickr:85278812@N00,e52968a9d22845f43af8af8fa632ed69d3e59a76,1024,1023,kwh meter
images/gas_meter/openverse_958fb5b9e31b4f45838ecf695fd34091.jpg,gas_meter,,,cross_source_duplicate,0,openverse,958fb5b9-e31b-4f45-838e-cf695fd34091,Gas meters,https://www.flickr.com/photos/12814307@N00/2285569427,https://live.staticflickr.com/2031/2285569427_0e7de45e87_b.jpg,by-sa,2.0,https://creativecommons.org/licenses/by-sa/2.0/,LHOON,https://www.flickr.com/photos/12814307@N00,12814307@N00,flickr:12814307@N00,89291c68102f796948186cba40c3adc1729f2822,1024,768,gas meter
images/electric_meter/openverse_7403064f161e428780102ebeeec65799.jpg,electric_meter,,,cross_source_duplicate,0,openverse,7403064f-161e-4287-8010-2ebeeec65799,Smart Meter Link to www.emfportal.com,https://www.flickr.com/photos/186838138@N06/49496369261,https://live.staticflickr.com/65535/49496369261_b41691c45d_b.jpg,by,2.0,https://creativecommons.org/licenses/by/2.0/,hbcwbssk74,https://www.flickr.com/photos/186838138@N06,186838138@N06,flickr:186838138@N06,0dcc7cdce2acbc2fcfbc26289b1dbb63656b6447,768,1024,smart meter
